pt,X_GK,Y_GK,x_km,y_km
1,4385144.57,4628411.0,3.393570000000298,52.16703000000026
2,4385144.57,4628323.03,3.393570000000298,52.079060000000524
3,4385104.17,4628235.06,3.3531699999999254,51.99108999999985
4,4385104.17,4628147.09,3.3531699999999254,51.903120000000115
5,4385104.17,4628059.11,3.3531699999999254,51.815140000000596
6,4385063.77,4627971.14,3.312769999999553,51.72716999999992
7,4385063.77,4627883.17,3.312769999999553,51.63920000000019
8,4385063.77,4627795.2,3.312769999999553,51.551230000000444
9,4385023.37,4627707.23,3.272370000000112,51.46326000000071
10,4385023.37,4627619.26,3.272370000000112,51.375290000000035
11,4385023.37,4627531.29,3.272370000000112,51.2873200000003
12,4385023.37,4627443.31,3.272370000000112,51.19933999999985
13,4384982.97,4627355.34,3.2319699999997393,51.111370000000115
14,4384982.97,4627267.37,3.2319699999997393,51.02340000000037
15,4384982.97,4627179.4,3.2319699999997393,50.935430000000636
16,4384942.57,4627091.43,3.191570000000298,50.84745999999996
17,4384902.17,4627003.46,3.1511699999999254,50.75949000000023
18,4384861.77,4626915.49,3.110769999999553,50.671520000000484
19,4384861.77,4626827.52,3.110769999999553,50.58354999999981
20,4384821.37,4626739.54,3.070370000000112,50.4955700000003
21,4384821.37,4626651.57,3.070370000000112,50.407600000000556
22,4384821.37,4626563.6,3.070370000000112,50.31962999999989
23,4384821.37,4626475.63,3.070370000000112,50.23166000000015
24,4384780.97,4626387.66,3.0299699999997394,50.14369000000041
25,4384740.57,4626387.66,2.989570000000298,50.14369000000041
26,4384700.17,4626299.69,2.9491699999999255,50.05572000000067
27,4384659.77,4626299.69,2.908769999999553,50.05572000000067
28,4384619.37,4626211.72,2.8683700000001116,49.96775
29,4384578.97,4626211.72,2.8279699999997394,49.96775
30,4384538.57,4626211.72,2.787570000000298,49.96775
31,4384498.17,4626211.72,2.7471699999999255,49.96775
32,4384457.77,4626123.74,2.706769999999553,49.879770000000484
33,4384417.37,4626123.74,2.6663700000001116,49.879770000000484
34,4384376.97,4626123.74,2.625969999999739,49.879770000000484
35,4384336.58,4626123.74,2.5855800000000744,49.879770000000484
36,4384296.18,4626123.74,2.545179999999702,49.879770000000484
37,4384255.78,4626123.74,2.504780000000261,49.879770000000484
38,4384215.38,4626123.74,2.4643799999998883,49.879770000000484
39,4384174.98,4626123.74,2.423980000000447,49.879770000000484
40,4384134.58,4626123.74,2.3835800000000744,49.879770000000484
41,4384094.18,4626123.74,2.343179999999702,49.879770000000484
42,4384053.78,4626123.74,2.302780000000261,49.879770000000484
43,4384013.38,4626123.74,2.2623799999998884,49.879770000000484
44,4383972.98,4626211.72,2.221980000000447,49.96775
45,4383932.58,4626123.74,2.1815800000000745,49.879770000000484
46,4383892.18,4626123.74,2.141179999999702,49.879770000000484
47,4383851.78,4626211.72,2.1007800000002606,49.96775
48,4383811.38,4626211.72,2.0603799999998884,49.96775
49,4383770.98,4626211.72,2.019980000000447,49.96775
50,4383730.58,4626211.72,1.9795800000000745,49.96775
51,4383690.18,4626211.72,1.939179999999702,49.96775
52,4383649.78,4626211.72,1.8987800000002608,49.96775
53,4383609.38,4626211.72,1.8583799999998882,49.96775
54,4383568.98,4626211.72,1.8179800000004471,49.96775
55,4383528.58,4626211.72,1.7775800000000745,49.96775
56,4383488.18,4626211.72,1.737179999999702,49.96775
57,4383447.78,4626211.72,1.6967800000002609,49.96775
58,4383407.38,4626211.72,1.6563799999998883,49.96775
59,4383366.98,4626211.72,1.615980000000447,49.96775
60,4383326.58,4626211.72,1.5755800000000746,49.96775
61,4383286.19,4626211.72,1.5351900000004097,49.96775
62,4383245.79,4626211.72,1.4947900000000371,49.96775
63,4383205.39,4626211.72,1.4543899999996648,49.96775
64,4383164.99,4626211.72,1.4139900000002235,49.96775
65,4383124.59,4626123.74,1.373589999999851,49.879770000000484
66,4383084.19,4626123.74,1.3331900000004098,49.879770000000484
67,4383043.79,4626123.74,1.2927900000000372,49.879770000000484
68,4383003.39,4626123.74,1.2523899999996648,49.879770000000484
69,4382962.99,4626035.77,1.2119900000002235,49.79179999999981
70,4382922.59,4625947.8,1.171589999999851,49.703830000000075
71,4382882.19,4625859.83,1.1311900000004098,49.61586000000033
72,4382882.19,4625771.86,1.1311900000004098,49.527890000000596
73,4382841.79,4625683.89,1.0907900000000372,49.43991999999992
74,4382801.39,4625683.89,1.0503899999996646,49.43991999999992
75,4382801.39,4625595.92,1.0503899999996646,49.35195000000019
76,4382801.39,4625507.94,1.0503899999996646,49.26397000000067
77,4382760.99,4625419.97,1.0099900000002235,49.176
78,4382760.99,4625332.0,1.0099900000002235,49.08803000000026
79,4382720.59,4625244.03,0.969589999999851,49.00006000000052
80,4382680.19,4625244.03,0.9291900000004097,49.00006000000052
81,4382639.79,4625156.06,0.8887900000000373,48.91208999999985
82,4382639.79,4625068.09,0.8887900000000373,48.824120000000114
83,4382639.79,4624980.12,0.8887900000000373,48.73615000000037
84,4382639.79,4624892.14,0.8887900000000373,48.64816999999992
85,4382639.79,4624804.17,0.8887900000000373,48.56020000000019
86,4382639.79,4624716.2,0.8887900000000373,48.472230000000444
87,4382639.79,4624628.23,0.8887900000000373,48.38426000000071
88,4382680.19,4624628.23,0.9291900000004097,48.38426000000071
89,4382720.59,4624628.23,0.969589999999851,48.38426000000071
90,4382760.99,4624628.23,1.0099900000002235,48.38426000000071
91,4382801.39,4624628.23,1.0503899999996646,48.38426000000071
92,4382841.79,4624540.26,1.0907900000000372,48.296290000000035
93,4382801.39,4624452.29,1.0503899999996646,48.2083200000003
94,4382801.39,4624364.32,1.0503899999996646,48.120350000000556
95,4382801.39,4624276.35,1.0503899999996646,48.03237999999989
96,4382801.39,4624188.37,1.0503899999996646,47.94440000000037
97,4382841.79,4624100.4,1.0907900000000372,47.856430000000636
98,4382882.19,4624012.43,1.1311900000004098,47.76845999999996
99,4382922.59,4624012.43,1.171589999999851,47.76845999999996
100,4382962.99,4623924.46,1.2119900000002235,47.680490000000226
101,4383003.39,4623924.46,1.2523899999996648,47.680490000000226
102,4383043.79,4623836.49,1.2927900000000372,47.59252000000048
103,4383043.79,4623748.52,1.2927900000000372,47.50454999999982
104,4383084.19,4623660.55,1.3331900000004098,47.416580000000074
105,4383084.19,4623572.57,1.3331900000004098,47.328600000000556
106,4383124.59,4623572.57,1.373589999999851,47.328600000000556
107,4383164.99,4623484.6,1.4139900000002235,47.24062999999989
108,4383205.39,4623396.63,1.4543899999996648,47.15266000000015
109,4383205.39,4623308.66,1.4543899999996648,47.06469000000041
110,4383205.39,4623220.69,1.4543899999996648,46.97672000000067
111,4383245.79,4623132.72,1.4947900000000371,46.88875
112,4383245.79,4623044.75,1.4947900000000371,46.80078000000026
113,4383286.19,4622956.77,1.5351900000004097,46.71279999999982
114,4383326.58,4622868.8,1.5755800000000746,46.624830000000074
115,4383326.58,4622780.83,1.5755800000000746,46.53686000000034
116,4383286.19,4622692.86,1.5351900000004097,46.448890000000596
117,4383326.58,4622692.86,1.5755800000000746,46.448890000000596
118,4383366.98,4622604.89,1.615980000000447,46.36091999999992
119,4383407.38,4622516.92,1.6563799999998883,46.272950000000186
120,4383447.78,4622428.95,1.6967800000002609,46.184980000000444
121,4383488.18,4622340.97,1.737179999999702,46.097
122,4383488.18,4622253.0,1.737179999999702,46.00903000000026
123,4383528.58,4622165.03,1.7775800000000745,45.92106000000052
124,4383528.58,4622077.06,1.7775800000000745,45.83308999999985
125,4383528.58,4621989.09,1.7775800000000745,45.745120000000114
126,4383568.98,4621989.09,1.8179800000004471,45.745120000000114
127,4383609.38,4621901.12,1.8583799999998882,45.65715000000037
128,4383649.78,4621813.15,1.8987800000002608,45.569180000000635
129,4383649.78,4621725.18,1.8987800000002608,45.48120999999996
130,4383690.18,4621637.2,1.939179999999702,45.39323000000045
131,4383730.58,4621637.2,1.9795800000000745,45.39323000000045
132,4383770.98,4621549.23,2.019980000000447,45.30526000000071
133,4383770.98,4621461.26,2.019980000000447,45.217290000000034
134,4383811.38,4621461.26,2.0603799999998884,45.217290000000034
135,4383851.78,4621373.29,2.1007800000002606,45.1293200000003
136,4383811.38,4621285.32,2.0603799999998884,45.041350000000556
137,4383770.98,4621285.32,2.019980000000447,45.041350000000556
138,4383730.58,4621285.32,1.9795800000000745,45.041350000000556
139,4383690.18,4621197.35,1.939179999999702,44.95337999999989
140,4383690.18,4621109.38,1.939179999999702,44.865410000000146
141,4383690.18,4621021.4,1.939179999999702,44.777430000000635
142,4383730.58,4620933.43,1.9795800000000745,44.68945999999996
143,4383770.98,4620845.46,2.019980000000447,44.601490000000226
144,4383811.38,4620757.49,2.0603799999998884,44.51352000000048
145,4383770.98,4620669.52,2.019980000000447,44.42554999999982
146,4383811.38,4620581.55,2.0603799999998884,44.337580000000074
147,4383811.38,4620493.58,2.0603799999998884,44.24961000000034
148,4383811.38,4620405.6,2.0603799999998884,44.16162999999989
149,4383811.38,4620317.63,2.0603799999998884,44.073660000000146
150,4383811.38,4620229.66,2.0603799999998884,43.98569000000041
151,4383811.38,4620141.69,2.0603799999998884,43.89772000000067
152,4383770.98,4620053.72,2.019980000000447,43.80975
153,4383770.98,4619965.75,2.019980000000447,43.72178000000026
154,4383770.98,4619877.78,2.019980000000447,43.63381000000052
155,4383770.98,4619789.8,2.019980000000447,43.54583000000007
156,4383770.98,4619701.83,2.019980000000447,43.45786000000034
157,4383770.98,4619613.86,2.019980000000447,43.369890000000595
158,4383770.98,4619525.89,2.019980000000447,43.28191999999993
159,4383770.98,4619437.92,2.019980000000447,43.193950000000186
160,4383770.98,4619349.95,2.019980000000447,43.10598000000045
161,4383730.58,4619261.98,1.9795800000000745,43.01801000000071
162,4383690.18,4619174.01,1.939179999999702,42.930040000000034
163,4383649.78,4619086.03,1.8987800000002608,42.84206000000052
164,4383690.18,4618998.06,1.939179999999702,42.75408999999985
165,4383690.18,4618910.09,1.939179999999702,42.66612000000011
166,4383690.18,4618822.12,1.939179999999702,42.57815000000037
167,4383649.78,4618734.15,1.8987800000002608,42.490180000000635
168,4383609.38,4618646.18,1.8583799999998882,42.40220999999996
169,4383609.38,4618558.21,1.8583799999998882,42.314240000000225
170,4383568.98,4618470.23,1.8179800000004471,42.22626000000071
171,4383609.38,4618382.26,1.8583799999998882,42.13829000000004
172,4383609.38,4618294.29,1.8583799999998882,42.0503200000003
173,4383609.38,4618206.32,1.8583799999998882,41.96235000000056
174,4383568.98,4618118.35,1.8179800000004471,41.87437999999989
175,4383528.58,4618118.35,1.7775800000000745,41.87437999999989
176,4383488.18,4618118.35,1.737179999999702,41.87437999999989
177,4383528.58,4618030.38,1.7775800000000745,41.786410000000146
178,4383488.18,4617942.41,1.737179999999702,41.69844000000041
179,4383447.78,4617854.43,1.6967800000002609,41.61045999999996
180,4383407.38,4617854.43,1.6563799999998883,41.61045999999996
181,4383407.38,4617766.46,1.6563799999998883,41.522490000000225
182,4383366.98,4617678.49,1.615980000000447,41.43452000000048
183,4383366.98,4617590.52,1.615980000000447,41.346549999999816
184,4383366.98,4617502.55,1.615980000000447,41.25858000000007
185,4383366.98,4617414.58,1.615980000000447,41.17061000000034
186,4383326.58,4617326.61,1.5755800000000746,41.082640000000595
187,4383286.19,4617238.63,1.5351900000004097,40.99466000000015
188,4383286.19,4617150.66,1.5351900000004097,40.90669000000041
189,4383245.79,4617062.69,1.4947900000000371,40.818720000000674
190,4383286.19,4616974.72,1.5351900000004097,40.73075
191,4383245.79,4616886.75,1.4947900000000371,40.64278000000026
192,4383205.39,4616886.75,1.4543899999996648,40.64278000000026
193,4383205.39,4616798.78,1.4543899999996648,40.55481000000052
194,4383164.99,4616710.81,1.4139900000002235,40.46683999999985
195,4383124.59,4616710.81,1.373589999999851,40.46683999999985
196,4383084.19,4616622.84,1.3331900000004098,40.37887000000011
197,4383124.59,4616534.86,1.373589999999851,40.290890000000594
198,4383084.19,4616446.89,1.3331900000004098,40.20291999999993
199,4383043.79,4616358.92,1.2927900000000372,40.114950000000185
200,4383003.39,4616358.92,1.2523899999996648,40.114950000000185
201,4382962.99,4616270.95,1.2119900000002235,40.02698000000045
202,4382922.59,4616182.98,1.171589999999851,39.93901000000071
203,4382882.19,4616182.98,1.1311900000004098,39.93901000000071
204,4382841.79,4616182.98,1.0907900000000372,39.93901000000071
205,4382801.39,4616182.98,1.0503899999996646,39.93901000000071
206,4382801.39,4616095.01,1.0503899999996646,39.85104000000004
207,4382760.99,4616007.04,1.0099900000002235,39.7630700000003
208,4382760.99,4615919.06,1.0099900000002235,39.67508999999985
209,4382720.59,4615831.09,0.969589999999851,39.58712000000011
210,4382680.19,4615919.06,0.9291900000004097,39.67508999999985
211,4382639.79,4615831.09,0.8887900000000373,39.58712000000011
212,4382599.39,4615743.12,0.8483899999996647,39.49915000000037
213,4382558.99,4615743.12,0.8079900000002235,39.49915000000037
214,4382518.59,4615655.15,0.767589999999851,39.411180000000634
215,4382478.19,4615655.15,0.7271900000004098,39.411180000000634
216,4382478.19,4615567.18,0.7271900000004098,39.32320999999996
217,4382478.19,4615479.21,0.7271900000004098,39.235240000000225
218,4382437.79,4615391.24,0.6867900000000372,39.14727000000048
219,4382397.39,4615303.26,0.6463899999996647,39.05929000000004
220,4382356.99,4615303.26,0.6059900000002235,39.05929000000004
221,4382316.59,4615215.29,0.5655899999998509,38.9713200000003
222,4382316.59,4615127.32,0.5655899999998509,38.88335000000056
223,4382276.19,4615039.35,0.5251900000004098,38.79537999999989
224,4382276.19,4614951.38,0.5251900000004098,38.70741000000015
225,4382316.59,4614951.38,0.5655899999998509,38.70741000000015
226,4382356.99,4614863.41,0.6059900000002235,38.61944000000041
227,4382316.59,4614775.44,0.5655899999998509,38.531470000000674
228,4382356.99,4614687.46,0.6059900000002235,38.443490000000224
229,4382356.99,4614599.49,0.6059900000002235,38.35552000000048
230,4382397.39,4614599.49,0.6463899999996647,38.35552000000048
231,4382437.79,4614599.49,0.6867900000000372,38.35552000000048
232,4382478.19,4614599.49,0.7271900000004098,38.35552000000048
233,4382518.59,4614599.49,0.767589999999851,38.35552000000048
234,4382558.99,4614511.52,0.8079900000002235,38.267549999999815
235,4382558.99,4614423.55,0.8079900000002235,38.17958000000007
236,4382558.99,4614335.58,0.8079900000002235,38.09161000000034
237,4382558.99,4614247.61,0.8079900000002235,38.003640000000594
238,4382518.59,4614159.64,0.767589999999851,37.91566999999993
239,4382478.19,4614159.64,0.7271900000004098,37.91566999999993
240,4382518.59,4614071.66,0.767589999999851,37.82769000000041
241,4382558.99,4613983.69,0.8079900000002235,37.73972000000067
242,4382599.39,4614071.66,0.8483899999996647,37.82769000000041
243,4382639.79,4614071.66,0.8887900000000373,37.82769000000041
244,4382680.19,4614071.66,0.9291900000004097,37.82769000000041
245,4382720.59,4614071.66,0.969589999999851,37.82769000000041
246,4382760.99,4613983.69,1.0099900000002235,37.73972000000067
247,4382801.39,4613983.69,1.0503899999996646,37.73972000000067
248,4382841.79,4613983.69,1.0907900000000372,37.73972000000067
249,4382882.19,4614071.66,1.1311900000004098,37.82769000000041
250,4382922.59,4614071.66,1.171589999999851,37.82769000000041
251,4382922.59,4614159.64,1.171589999999851,37.91566999999993
252,4382962.99,4614247.61,1.2119900000002235,38.003640000000594
253,4383003.39,4614159.64,1.2523899999996648,37.91566999999993
254,4383043.79,4614071.66,1.2927900000000372,37.82769000000041
255,4383084.19,4614071.66,1.3331900000004098,37.82769000000041
256,4383124.59,4613983.69,1.373589999999851,37.73972000000067
257,4383164.99,4614071.66,1.4139900000002235,37.82769000000041
258,4383205.39,4613983.69,1.4543899999996648,37.73972000000067
259,4383245.79,4613983.69,1.4947900000000371,37.73972000000067
260,4383286.19,4613895.72,1.5351900000004097,37.65175
261,4383326.58,4613895.72,1.5755800000000746,37.65175
262,4383366.98,4613895.72,1.615980000000447,37.65175
263,4383407.38,4613807.75,1.6563799999998883,37.563780000000264
264,4383447.78,4613895.72,1.6967800000002609,37.65175
265,4383488.18,4613895.72,1.737179999999702,37.65175
266,4383528.58,4613807.75,1.7775800000000745,37.563780000000264
267,4383568.98,4613807.75,1.8179800000004471,37.563780000000264
268,4383609.38,4613895.72,1.8583799999998882,37.65175
269,4383649.78,4613807.75,1.8987800000002608,37.563780000000264
270,4383690.18,4613895.72,1.939179999999702,37.65175
271,4383730.58,4613895.72,1.9795800000000745,37.65175
272,4383770.98,4613895.72,2.019980000000447,37.65175
273,4383811.38,4613895.72,2.0603799999998884,37.65175
274,4383851.78,4613895.72,2.1007800000002606,37.65175
275,4383892.18,4613983.69,2.141179999999702,37.73972000000067
276,4383932.58,4613895.72,2.1815800000000745,37.65175
277,4383972.98,4613807.75,2.221980000000447,37.563780000000264
278,4384013.38,4613719.78,2.2623799999998884,37.47581000000052
279,4384053.78,4613631.81,2.302780000000261,37.38783999999985
280,4384094.18,4613631.81,2.343179999999702,37.38783999999985
281,4384134.58,4613543.84,2.3835800000000744,37.29987000000011
282,4384174.98,4613631.81,2.423980000000447,37.38783999999985
283,4384215.38,4613631.81,2.4643799999998883,37.38783999999985
284,4384255.78,4613719.78,2.504780000000261,37.47581000000052
285,4384296.18,4613631.81,2.545179999999702,37.38783999999985
286,4384296.18,4613543.84,2.545179999999702,37.29987000000011
287,4384336.58,4613543.84,2.5855800000000744,37.29987000000011
288,4384376.97,4613455.87,2.625969999999739,37.21190000000037
289,4384417.37,4613455.87,2.6663700000001116,37.21190000000037
290,4384457.77,4613455.87,2.706769999999553,37.21190000000037
291,4384498.17,4613455.87,2.7471699999999255,37.21190000000037
292,4384538.57,4613455.87,2.787570000000298,37.21190000000037
293,4384578.97,4613543.84,2.8279699999997394,37.29987000000011
294,4384619.37,4613543.84,2.8683700000001116,37.29987000000011
295,4384659.77,4613543.84,2.908769999999553,37.29987000000011
296,4384700.17,4613543.84,2.9491699999999255,37.29987000000011
297,4384740.57,4613543.84,2.989570000000298,37.29987000000011
298,4384780.97,4613455.87,3.0299699999997394,37.21190000000037
299,4384821.37,4613367.89,3.070370000000112,37.12391999999993
300,4384861.77,4613279.92,3.110769999999553,37.035950000000184
301,4384902.17,4613191.95,3.1511699999999254,36.94798000000045
302,4384861.77,4613103.98,3.110769999999553,36.860010000000706
303,4384821.37,4613103.98,3.070370000000112,36.860010000000706
304,4384780.97,4613191.95,3.0299699999997394,36.94798000000045
305,4384740.57,4613103.98,2.989570000000298,36.860010000000706
306,4384700.17,4613191.95,2.9491699999999255,36.94798000000045
307,4384659.77,4613103.98,2.908769999999553,36.860010000000706
308,4384619.37,4613016.01,2.8683700000001116,36.77204000000004
309,4384619.37,4612928.04,2.8683700000001116,36.6840700000003
310,4384578.97,4612840.07,2.8279699999997394,36.59610000000056
311,4384619.37,4612752.09,2.8683700000001116,36.50812000000011
312,4384659.77,4612752.09,2.908769999999553,36.50812000000011
313,4384700.17,4612664.12,2.9491699999999255,36.42015000000037
314,4384740.57,4612752.09,2.989570000000298,36.50812000000011
315,4384780.97,4612664.12,3.0299699999997394,36.42015000000037
316,4384821.37,4612752.09,3.070370000000112,36.50812000000011
317,4384861.77,4612752.09,3.110769999999553,36.50812000000011
318,4384902.17,4612664.12,3.1511699999999254,36.42015000000037
319,4384942.57,4612664.12,3.191570000000298,36.42015000000037
320,4384982.97,4612664.12,3.2319699999997393,36.42015000000037
321,4385023.37,4612664.12,3.272370000000112,36.42015000000037
322,4385063.77,4612576.15,3.312769999999553,36.33218000000063
323,4385104.17,4612488.18,3.3531699999999254,36.24420999999996
324,4385104.17,4612400.21,3.3531699999999254,36.156240000000224
325,4385104.17,4612312.24,3.3531699999999254,36.06827000000048
326,4385144.57,4612224.27,3.393570000000298,35.980299999999815
327,4385144.57,4612136.29,3.393570000000298,35.892320000000296
328,4385184.97,4612048.32,3.4339699999997393,35.80435000000056
329,4385184.97,4611960.35,3.4339699999997393,35.71637999999989
330,4385225.37,4611872.38,3.474370000000112,35.62841000000015
331,4385265.77,4611784.41,3.5147699999995528,35.54044000000041
332,4385306.17,4611696.44,3.5551699999999253,35.45247000000067
333,4385265.77,4611608.47,3.5147699999995528,35.3645
334,4385265.77,4611520.49,3.5147699999995528,35.27652000000048
335,4385225.37,4611432.52,3.474370000000112,35.188549999999815
336,4385184.97,4611344.55,3.4339699999997393,35.10058000000007
337,4385144.57,4611256.58,3.393570000000298,35.012610000000336
338,4385144.57,4611168.61,3.393570000000298,34.92464000000059
339,4385104.17,4611080.64,3.3531699999999254,34.83666999999993
340,4385063.77,4610992.67,3.312769999999553,34.748700000000184
341,4385063.77,4610904.7,3.312769999999553,34.66073000000045
342,4385023.37,4610816.72,3.272370000000112,34.57275
343,4384982.97,4610728.75,3.2319699999997393,34.484780000000264
344,4384942.57,4610640.78,3.191570000000298,34.39681000000052
345,4384902.17,4610552.81,3.1511699999999254,34.308839999999854
346,4384902.17,4610464.84,3.1511699999999254,34.22087000000011
347,4384902.17,4610376.87,3.1511699999999254,34.132900000000376
348,4384902.17,4610288.9,3.1511699999999254,34.04493000000063
349,4384861.77,4610200.92,3.110769999999553,33.956950000000184
350,4384861.77,4610112.95,3.110769999999553,33.86898000000045
351,4384861.77,4610024.98,3.110769999999553,33.781010000000705
352,4384902.17,4609937.01,3.1511699999999254,33.69304000000004
353,4384902.17,4609849.04,3.1511699999999254,33.605070000000296
354,4384942.57,4609761.07,3.191570000000298,33.51710000000056
355,4384982.97,4609761.07,3.2319699999997393,33.51710000000056
356,4385023.37,4609761.07,3.272370000000112,33.51710000000056
357,4385063.77,4609673.1,3.312769999999553,33.42912999999989
358,4385104.17,4609585.12,3.3531699999999254,33.341150000000376
359,4385104.17,4609497.15,3.3531699999999254,33.25318000000063
360,4385063.77,4609409.18,3.312769999999553,33.16520999999996
361,4385023.37,4609409.18,3.272370000000112,33.16520999999996
362,4384982.97,4609321.21,3.2319699999997393,33.077240000000224
363,4384942.57,4609233.24,3.191570000000298,32.98927000000048
364,4384902.17,4609321.21,3.1511699999999254,33.077240000000224
365,4384861.77,4609233.24,3.110769999999553,32.98927000000048
366,4384861.77,4609145.27,3.110769999999553,32.901299999999814
367,4384861.77,4609057.3,3.110769999999553,32.81333000000007
368,4384861.77,4608969.32,3.110769999999553,32.72535000000056
369,4384821.37,4608881.35,3.070370000000112,32.63737999999989
370,4384821.37,4608793.38,3.070370000000112,32.54941000000015
371,4384821.37,4608705.41,3.070370000000112,32.46144000000041
372,4384780.97,4608617.44,3.0299699999997394,32.37347000000067
373,4384740.57,4608529.47,2.989570000000298,32.2855
374,4384700.17,4608441.5,2.9491699999999255,32.19753000000026
375,4384659.77,4608441.5,2.908769999999553,32.19753000000026
376,4384619.37,4608441.5,2.8683700000001116,32.19753000000026
377,4384578.97,4608529.47,2.8279699999997394,32.2855
378,4384578.97,4608617.44,2.8279699999997394,32.37347000000067
379,4384578.97,4608705.41,2.8279699999997394,32.46144000000041
380,4384619.37,4608793.38,2.8683700000001116,32.54941000000015
381,4384659.77,4608793.38,2.908769999999553,32.54941000000015
382,4384619.37,4608881.35,2.8683700000001116,32.63737999999989
383,4384659.77,4608969.32,2.908769999999553,32.72535000000056
384,4384619.37,4609057.3,2.8683700000001116,32.81333000000007
385,4384659.77,4609145.27,2.908769999999553,32.901299999999814
386,4384659.77,4609233.24,2.908769999999553,32.98927000000048
387,4384659.77,4609321.21,2.908769999999553,33.077240000000224
388,4384619.37,4609409.18,2.8683700000001116,33.16520999999996
389,4384659.77,4609497.15,2.908769999999553,33.25318000000063
390,4384619.37,4609585.12,2.8683700000001116,33.341150000000376
391,4384619.37,4609673.1,2.8683700000001116,33.42912999999989
392,4384619.37,4609761.07,2.8683700000001116,33.51710000000056
393,4384619.37,4609849.04,2.8683700000001116,33.605070000000296
394,4384619.37,4609937.01,2.8683700000001116,33.69304000000004
395,4384659.77,4610024.98,2.908769999999553,33.781010000000705
396,4384619.37,4610112.95,2.8683700000001116,33.86898000000045
397,4384578.97,4610112.95,2.8279699999997394,33.86898000000045
398,4384538.57,4610200.92,2.787570000000298,33.956950000000184
399,4384538.57,4610288.9,2.787570000000298,34.04493000000063
400,4384578.97,4610376.87,2.8279699999997394,34.132900000000376
401,4384538.57,4610464.84,2.787570000000298,34.22087000000011
402,4384538.57,4610552.81,2.787570000000298,34.308839999999854
403,4384578.97,4610640.78,2.8279699999997394,34.39681000000052
404,4384538.57,4610728.75,2.787570000000298,34.484780000000264
405,4384538.57,4610816.72,2.787570000000298,34.57275
406,4384498.17,4610904.7,2.7471699999999255,34.66073000000045
407,4384457.77,4610992.67,2.706769999999553,34.748700000000184
408,4384417.37,4610992.67,2.6663700000001116,34.748700000000184
409,4384376.97,4610992.67,2.625969999999739,34.748700000000184
410,4384336.58,4610992.67,2.5855800000000744,34.748700000000184
411,4384296.18,4610992.67,2.545179999999702,34.748700000000184
412,4384255.78,4610992.67,2.504780000000261,34.748700000000184
413,4384215.38,4611080.64,2.4643799999998883,34.83666999999993
414,4384174.98,4611080.64,2.423980000000447,34.83666999999993
415,4384134.58,4611168.61,2.3835800000000744,34.92464000000059
416,4384094.18,4611168.61,2.343179999999702,34.92464000000059
417,4384053.78,4611168.61,2.302780000000261,34.92464000000059
418,4384013.38,4611256.58,2.2623799999998884,35.012610000000336
419,4383972.98,4611168.61,2.221980000000447,34.92464000000059
420,4383972.98,4611080.64,2.221980000000447,34.83666999999993
421,4383972.98,4610992.67,2.221980000000447,34.748700000000184
422,4383972.98,4610904.7,2.221980000000447,34.66073000000045
423,4383972.98,4610816.72,2.221980000000447,34.57275
424,4383972.98,4610728.75,2.221980000000447,34.484780000000264
425,4383972.98,4610640.78,2.221980000000447,34.39681000000052
426,4383972.98,4610552.81,2.221980000000447,34.308839999999854
427,4383972.98,4610464.84,2.221980000000447,34.22087000000011
428,4383972.98,4610376.87,2.221980000000447,34.132900000000376
429,4383932.58,4610288.9,2.1815800000000745,34.04493000000063
430,4383892.18,4610200.92,2.141179999999702,33.956950000000184
431,4383932.58,4610112.95,2.1815800000000745,33.86898000000045
432,4383932.58,4610024.98,2.1815800000000745,33.781010000000705
433,4383892.18,4609937.01,2.141179999999702,33.69304000000004
434,4383892.18,4609849.04,2.141179999999702,33.605070000000296
435,4383851.78,4609761.07,2.1007800000002606,33.51710000000056
436,4383851.78,4609673.1,2.1007800000002606,33.42912999999989
437,4383851.78,4609585.12,2.1007800000002606,33.341150000000376
438,4383811.38,4609497.15,2.0603799999998884,33.25318000000063
439,4383811.38,4609409.18,2.0603799999998884,33.16520999999996
440,4383770.98,4609321.21,2.019980000000447,33.077240000000224
441,4383730.58,4609233.24,1.9795800000000745,32.98927000000048
442,4383730.58,4609145.27,1.9795800000000745,32.901299999999814
443,4383690.18,4609057.3,1.939179999999702,32.81333000000007
444,4383649.78,4608969.32,1.8987800000002608,32.72535000000056
445,4383609.38,4608881.35,1.8583799999998882,32.63737999999989
446,4383568.98,4608793.38,1.8179800000004471,32.54941000000015
447,4383528.58,4608705.41,1.7775800000000745,32.46144000000041
448,4383528.58,4608617.44,1.7775800000000745,32.37347000000067
449,4383488.18,4608529.47,1.737179999999702,32.2855
450,4383447.78,4608441.5,1.6967800000002609,32.19753000000026
451,4383407.38,4608441.5,1.6563799999998883,32.19753000000026
452,4383366.98,4608353.53,1.615980000000447,32.10956000000052
453,4383326.58,4608265.55,1.5755800000000746,32.02158000000007
454,4383286.19,4608265.55,1.5351900000004097,32.02158000000007
455,4383245.79,4608177.58,1.4947900000000371,31.933610000000336
456,4383205.39,4608089.61,1.4543899999996648,31.845640000000596
457,4383164.99,4608089.61,1.4139900000002235,31.845640000000596
458,4383124.59,4608001.64,1.373589999999851,31.757669999999926
459,4383084.19,4608001.64,1.3331900000004098,31.757669999999926
460,4383043.79,4607913.67,1.2927900000000372,31.669700000000187
461,4383003.39,4607913.67,1.2523899999996648,31.669700000000187
462,4382962.99,4607825.7,1.2119900000002235,31.581730000000448
463,4382922.59,4607913.67,1.171589999999851,31.669700000000187
464,4382922.59,4607825.7,1.171589999999851,31.581730000000448
465,4382882.19,4607737.73,1.1311900000004098,31.49376000000071
466,4382841.79,4607737.73,1.0907900000000372,31.49376000000071
467,4382801.39,4607649.75,1.0503899999996646,31.40578000000026
468,4382760.99,4607649.75,1.0099900000002235,31.40578000000026
469,4382720.59,4607649.75,0.969589999999851,31.40578000000026
470,4382680.19,4607649.75,0.9291900000004097,31.40578000000026
471,4382639.79,4607561.78,0.8887900000000373,31.31781000000052
472,4382599.39,4607561.78,0.8483899999996647,31.31781000000052
473,4382558.99,4607561.78,0.8079900000002235,31.31781000000052
474,4382518.59,4607561.78,0.767589999999851,31.31781000000052
475,4382478.19,4607561.78,0.7271900000004098,31.31781000000052
476,4382437.79,4607473.81,0.6867900000000372,31.22983999999985
477,4382397.39,4607385.84,0.6463899999996647,31.14187000000011
478,4382356.99,4607385.84,0.6059900000002235,31.14187000000011
479,4382316.59,4607385.84,0.5655899999998509,31.14187000000011
480,4382276.19,4607385.84,0.5251900000004098,31.14187000000011
481,4382235.8,4607297.87,0.4847999999998137,31.05390000000037
482,4382195.4,4607297.87,0.44440000000037255,31.05390000000037
483,4382155.0,4607297.87,0.404,31.05390000000037
484,4382114.6,4607297.87,0.36359999999962744,31.05390000000037
485,4382074.2,4607297.87,0.3232000000001863,31.05390000000037
486,4382033.8,4607297.87,0.28279999999981376,31.05390000000037
487,4381993.4,4607209.9,0.24240000000037254,30.965930000000633
488,4381953.0,4607297.87,0.202,31.05390000000037
489,4381953.0,4607209.9,0.202,30.965930000000633
490,4381912.6,4607121.93,0.16159999999962746,30.877959999999963
491,4381872.2,4607209.9,0.12120000000018627,30.965930000000633
492,4381872.2,4607121.93,0.12120000000018627,30.877959999999963
493,4381831.8,4607033.95,0.08079999999981373,30.789980000000448
494,4381791.4,4607033.95,0.04040000000037253,30.789980000000448
495,4381751.0,4607033.95,0.0,30.789980000000448
496,4381751.0,4606945.98,0.0,30.70201000000071
497,4381751.0,4606858.01,0.0,30.61404000000004
498,4381751.0,4606770.04,0.0,30.5260700000003
499,4381751.0,4606682.07,0.0,30.43810000000056
500,4381751.0,4606594.1,0.0,30.35012999999989
501,4381751.0,4606506.13,0.0,30.26216000000015
502,4381751.0,4606418.15,0.0,30.174180000000632
503,4381751.0,4606330.18,0.0,30.086209999999962
504,4381791.4,4606242.21,0.04040000000037253,29.998240000000223
505,4381831.8,4606330.18,0.08079999999981373,30.086209999999962
506,4381872.2,4606330.18,0.12120000000018627,30.086209999999962
507,4381912.6,4606242.21,0.16159999999962746,29.998240000000223
508,4381953.0,4606242.21,0.202,29.998240000000223
509,4381993.4,4606242.21,0.24240000000037254,29.998240000000223
510,4382033.8,4606154.24,0.28279999999981376,29.910270000000484
511,4382074.2,4606154.24,0.3232000000001863,29.910270000000484
512,4382114.6,4606154.24,0.36359999999962744,29.910270000000484
513,4382155.0,4606154.24,0.404,29.910270000000484
514,4382195.4,4606154.24,0.44440000000037255,29.910270000000484
515,4382235.8,4606066.27,0.4847999999998137,29.822299999999814
516,4382276.19,4606066.27,0.5251900000004098,29.822299999999814
517,4382316.59,4606066.27,0.5655899999998509,29.822299999999814
518,4382356.99,4606066.27,0.6059900000002235,29.822299999999814
519,4382397.39,4605978.3,0.6463899999996647,29.734330000000075
520,4382437.79,4605978.3,0.6867900000000372,29.734330000000075
521,4382478.19,4605890.33,0.7271900000004098,29.646360000000335
522,4382518.59,4605890.33,0.767589999999851,29.646360000000335
523,4382558.99,4605890.33,0.8079900000002235,29.646360000000335
524,4382599.39,4605890.33,0.8483899999996647,29.646360000000335
525,4382639.79,4605802.36,0.8887900000000373,29.558390000000596
526,4382680.19,4605802.36,0.9291900000004097,29.558390000000596
527,4382720.59,4605714.38,0.969589999999851,29.47041000000015
528,4382760.99,4605714.38,1.0099900000002235,29.47041000000015
529,4382801.39,4605714.38,1.0503899999996646,29.47041000000015
530,4382841.79,4605626.41,1.0907900000000372,29.38244000000041
531,4382882.19,4605626.41,1.1311900000004098,29.38244000000041
532,4382922.59,4605538.44,1.171589999999851,29.294470000000672
533,4382962.99,4605626.41,1.2119900000002235,29.38244000000041
534,4383003.39,4605626.41,1.2523899999996648,29.38244000000041
535,4383043.79,4605538.44,1.2927900000000372,29.294470000000672
536,4383084.19,4605450.47,1.3331900000004098,29.2065
537,4383124.59,4605450.47,1.373589999999851,29.2065
538,4383164.99,4605450.47,1.4139900000002235,29.2065
539,4383205.39,4605450.47,1.4543899999996648,29.2065
540,4383245.79,4605362.5,1.4947900000000371,29.11853000000026
541,4383286.19,4605362.5,1.5351900000004097,29.11853000000026
542,4383326.58,4605362.5,1.5755800000000746,29.11853000000026
543,4383366.98,4605362.5,1.615980000000447,29.11853000000026
544,4383407.38,4605274.53,1.6563799999998883,29.03056000000052
545,4383447.78,4605274.53,1.6967800000002609,29.03056000000052
546,4383488.18,4605186.56,1.737179999999702,28.94258999999985
547,4383528.58,4605098.58,1.7775800000000745,28.854610000000335
548,4383568.98,4605010.61,1.8179800000004471,28.766640000000596
549,4383609.38,4605010.61,1.8583799999998882,28.766640000000596
550,4383649.78,4605010.61,1.8987800000002608,28.766640000000596
551,4383690.18,4604922.64,1.939179999999702,28.678669999999926
552,4383730.58,4604922.64,1.9795800000000745,28.678669999999926
553,4383770.98,4604834.67,2.019980000000447,28.590700000000187
554,4383811.38,4604746.7,2.0603799999998884,28.502730000000447
555,4383851.78,4604746.7,2.1007800000002606,28.502730000000447
556,4383892.18,4604658.73,2.141179999999702,28.414760000000708
557,4383932.58,4604570.76,2.1815800000000745,28.326790000000038
558,4383972.98,4604570.76,2.221980000000447,28.326790000000038
559,4384013.38,4604482.78,2.2623799999998884,28.238810000000523
560,4384053.78,4604394.81,2.302780000000261,28.15083999999985
561,4384053.78,4604306.84,2.302780000000261,28.06287000000011
562,4384094.18,4604218.87,2.343179999999702,27.97490000000037
563,4384134.58,4604218.87,2.3835800000000744,27.97490000000037
564,4384174.98,4604130.9,2.423980000000447,27.886930000000632
565,4384215.38,4604042.93,2.4643799999998883,27.798959999999962
566,4384215.38,4603954.96,2.4643799999998883,27.710990000000223
567,4384255.78,4604042.93,2.504780000000261,27.798959999999962
568,4384296.18,4603954.96,2.545179999999702,27.710990000000223
569,4384336.58,4603866.98,2.5855800000000744,27.623010000000708
570,4384376.97,4603779.01,2.625969999999739,27.535040000000038
571,4384376.97,4603691.04,2.625969999999739,27.4470700000003
572,4384417.37,4603691.04,2.6663700000001116,27.4470700000003
573,4384457.77,4603603.07,2.706769999999553,27.35910000000056
574,4384498.17,4603515.1,2.7471699999999255,27.27112999999989
575,4384498.17,4603427.13,2.7471699999999255,27.18316000000015
576,4384538.57,4603427.13,2.787570000000298,27.18316000000015
577,4384578.97,4603339.16,2.8279699999997394,27.09519000000041
578,4384619.37,4603251.19,2.8683700000001116,27.00722000000067
579,4384659.77,4603251.19,2.908769999999553,27.00722000000067
580,4384700.17,4603163.21,2.9491699999999255,26.919240000000222
581,4384740.57,4603075.24,2.989570000000298,26.831270000000483
582,4384780.97,4603075.24,3.0299699999997394,26.831270000000483
583,4384821.37,4603075.24,3.070370000000112,26.831270000000483
584,4384861.77,4602987.27,3.110769999999553,26.743299999999813
585,4384902.17,4602987.27,3.1511699999999254,26.743299999999813
586,4384942.57,4602987.27,3.191570000000298,26.743299999999813
587,4384982.97,4602899.3,3.2319699999997393,26.655330000000074
588,4385023.37,4602987.27,3.272370000000112,26.743299999999813
589,4385063.77,4602987.27,3.312769999999553,26.743299999999813
590,4385104.17,4602899.3,3.3531699999999254,26.655330000000074
591,4385144.57,4602899.3,3.393570000000298,26.655330000000074
592,4385184.97,4602899.3,3.4339699999997393,26.655330000000074
593,4385225.37,4602899.3,3.474370000000112,26.655330000000074
594,4385265.77,4602811.33,3.5147699999995528,26.567360000000335
595,4385306.17,4602723.36,3.5551699999999253,26.479390000000596
596,4385346.57,4602635.39,3.595570000000298,26.391419999999925
597,4385306.17,4602547.41,3.5551699999999253,26.30344000000041
598,4385306.17,4602459.44,3.5551699999999253,26.21547000000067
599,4385306.17,4602371.47,3.5551699999999253,26.1275
600,4385265.77,4602283.5,3.5147699999995528,26.039530000000262
601,4385225.37,4602195.53,3.474370000000112,25.951560000000523
602,4385225.37,4602107.56,3.474370000000112,25.86358999999985
603,4385225.37,4602019.59,3.474370000000112,25.77562000000011
604,4385265.77,4601931.61,3.5147699999995528,25.687640000000595
605,4385306.17,4601843.64,3.5551699999999253,25.599669999999925
606,4385346.57,4601843.64,3.595570000000298,25.599669999999925
607,4385386.96,4601755.67,3.6359599999999626,25.511700000000186
608,4385427.36,4601667.7,3.676360000000335,25.423730000000447
609,4385467.76,4601667.7,3.7167599999997765,25.423730000000447
610,4385508.16,4601667.7,3.757160000000149,25.423730000000447
611,4385548.56,4601667.7,3.7975599999995904,25.423730000000447
612,4385588.96,4601667.7,3.837959999999963,25.423730000000447
613,4385629.36,4601579.73,3.878360000000335,25.335760000000707
614,4385669.76,4601579.73,3.9187599999997764,25.335760000000707
615,4385710.16,4601579.73,3.959160000000149,25.335760000000707
616,4385750.56,4601579.73,3.9995599999995903,25.335760000000707
617,4385790.96,4601491.76,4.0399599999999625,25.247790000000037
618,4385790.96,4601403.79,4.0399599999999625,25.1598200000003
619,4385831.36,4601491.76,4.0803600000003355,25.247790000000037
620,4385871.76,4601403.79,4.120759999999777,25.1598200000003
621,4385912.16,4601403.79,4.161160000000149,25.1598200000003
622,4385952.56,4601403.79,4.20155999999959,25.1598200000003
623,4385992.96,4601315.81,4.241959999999962,25.071839999999852
624,4386033.36,4601315.81,4.2823600000003355,25.071839999999852
625,4386073.76,4601227.84,4.322759999999777,24.983870000000113
626,4386114.16,4601227.84,4.363160000000149,24.983870000000113
627,4386154.56,4601227.84,4.40355999999959,24.983870000000113
628,4386194.96,4601139.87,4.443959999999962,24.895900000000374
629,4386235.36,4601051.9,4.484360000000335,24.807930000000635
630,4386275.76,4600963.93,4.524759999999777,24.71995999999996
631,4386275.76,4600875.96,4.524759999999777,24.631990000000222
632,4386235.36,4600787.99,4.484360000000335,24.544020000000483
633,4386194.96,4600787.99,4.443959999999962,24.544020000000483
634,4386154.56,4600700.02,4.40355999999959,24.456049999999813
635,4386114.16,4600700.02,4.363160000000149,24.456049999999813
636,4386154.56,4600612.04,4.40355999999959,24.368070000000298
637,4386114.16,4600524.07,4.363160000000149,24.28010000000056
638,4386114.16,4600436.1,4.363160000000149,24.19212999999989
639,4386114.16,4600348.13,4.363160000000149,24.10416000000015
640,4386114.16,4600260.16,4.363160000000149,24.01619000000041
641,4386114.16,4600172.19,4.363160000000149,23.92822000000067
642,4386114.16,4600084.22,4.363160000000149,23.84025
643,4386154.56,4599996.24,4.40355999999959,23.752270000000486
644,4386154.56,4599908.27,4.40355999999959,23.664299999999812
645,4386194.96,4599820.3,4.443959999999962,23.576330000000073
646,4386235.36,4599732.33,4.484360000000335,23.488360000000334
647,4386275.76,4599644.36,4.524759999999777,23.400390000000595
648,4386275.76,4599556.39,4.524759999999777,23.312419999999925
649,4386316.16,4599468.42,4.565160000000149,23.224450000000186
650,4386356.56,4599380.44,4.60555999999959,23.13647000000067
651,4386396.96,4599292.47,4.645959999999962,23.0485
652,4386437.35,4599204.5,4.686349999999628,22.96053000000026
653,4386396.96,4599116.53,4.645959999999962,22.872560000000522
654,4386437.35,4599028.56,4.686349999999628,22.784589999999852
655,4386477.75,4599116.53,4.72675,22.872560000000522
656,4386518.15,4599028.56,4.767150000000372,22.784589999999852
657,4386518.15,4598940.59,4.767150000000372,22.696620000000113
658,4386558.55,4598852.62,4.8075499999998135,22.608650000000374
659,4386598.95,4598852.62,4.8479500000001865,22.608650000000374
660,4386639.35,4598764.64,4.888349999999628,22.520669999999924
661,4386598.95,4598676.67,4.8479500000001865,22.432700000000185
662,4386639.35,4598676.67,4.888349999999628,22.432700000000185
663,4386679.75,4598588.7,4.92875,22.344730000000446
664,4386720.15,4598588.7,4.969150000000372,22.344730000000446
665,4386760.55,4598500.73,5.009549999999813,22.256760000000707
666,4386760.55,4598412.76,5.009549999999813,22.168790000000037
667,4386800.95,4598412.76,5.0499500000001865,22.168790000000037
668,4386841.35,4598324.79,5.090349999999628,22.080820000000298
669,4386841.35,4598236.82,5.090349999999628,21.99285000000056
670,4386841.35,4598148.85,5.090349999999628,21.90487999999989
671,4386881.75,4598060.87,5.13075,21.816900000000373
672,4386922.15,4597972.9,5.171150000000373,21.728930000000634
673,4386922.15,4597884.93,5.171150000000373,21.640959999999964
674,4386962.55,4597796.96,5.211549999999813,21.552990000000225
675,4386962.55,4597708.99,5.211549999999813,21.465020000000486
676,4387002.95,4597708.99,5.251950000000186,21.465020000000486
677,4387043.35,4597708.99,5.292349999999628,21.465020000000486
678,4387083.75,4597621.02,5.33275,21.377049999999812
679,4387083.75,4597533.05,5.33275,21.289080000000073
680,4387124.15,4597445.07,5.373150000000373,21.201100000000558
681,4387124.15,4597357.1,5.373150000000373,21.113129999999888
682,4387164.55,4597269.13,5.413549999999813,21.02516000000015
683,4387204.95,4597269.13,5.453950000000186,21.02516000000015
684,4387245.35,4597181.16,5.494349999999628,20.93719000000041
685,4387245.35,4597093.19,5.494349999999628,20.84922000000067
686,4387204.95,4597005.22,5.453950000000186,20.76125
687,4387245.35,4597005.22,5.494349999999628,20.76125
688,4387285.75,4597005.22,5.53475,20.76125
689,4387326.15,4596917.25,5.575150000000373,20.67328000000026
690,4387326.15,4596829.27,5.575150000000373,20.585299999999815
691,4387326.15,4596741.3,5.575150000000373,20.497330000000076
692,4387366.55,4596653.33,5.615549999999813,20.409360000000337
693,4387406.95,4596653.33,5.655950000000186,20.409360000000337
694,4387447.35,4596565.36,5.696349999999628,20.321390000000598
695,4387487.74,4596477.39,5.736740000000223,20.233419999999924
696,4387487.74,4596389.42,5.736740000000223,20.145450000000185
697,4387528.14,4596301.45,5.777139999999664,20.057480000000446
698,4387568.54,4596213.47,5.8175400000000375,19.9695
699,4387608.94,4596125.5,5.85794000000041,19.88153000000026
700,4387649.34,4596037.53,5.898339999999851,19.79356000000052
701,4387649.34,4595949.56,5.898339999999851,19.70558999999985
702,4387689.74,4595861.59,5.938740000000224,19.617620000000112
703,4387730.14,4595773.62,5.979139999999664,19.529650000000373
704,4387770.54,4595685.65,6.019540000000037,19.441680000000634
705,4387810.94,4595597.68,6.0599400000004096,19.353709999999964
706,4387851.34,4595509.7,6.100339999999851,19.265730000000445
707,4387891.74,4595421.73,6.140740000000224,19.177760000000706
708,4387891.74,4595333.76,6.140740000000224,19.089790000000036
709,4387932.14,4595245.79,6.181139999999664,19.001820000000297
710,4387932.14,4595157.82,6.181139999999664,18.913850000000558
711,4387972.54,4595069.85,6.221540000000037,18.825879999999888
712,4388012.94,4594981.88,6.2619400000004095,18.73791000000015
713,4388053.34,4594893.9,6.302339999999851,18.649930000000634
714,4388093.74,4594893.9,6.342740000000224,18.649930000000634
715,4388134.14,4594805.93,6.383139999999664,18.561959999999964
716,4388134.14,4594717.96,6.383139999999664,18.473990000000224
717,4388134.14,4594629.99,6.383139999999664,18.386020000000485
718,4388174.54,4594629.99,6.423540000000037,18.386020000000485
719,4388214.94,4594542.02,6.4639400000004095,18.298049999999815
720,4388255.34,4594454.05,6.504339999999851,18.210080000000076
721,4388295.74,4594366.08,6.544740000000224,18.122110000000337
722,4388295.74,4594278.1,6.544740000000224,18.034129999999887
723,4388336.14,4594278.1,6.585139999999665,18.034129999999887
724,4388376.54,4594190.13,6.625540000000037,17.946160000000148
725,4388416.94,4594102.16,6.665940000000409,17.85819000000041
726,4388457.34,4594014.19,6.706339999999851,17.77022000000067
727,4388497.73,4593926.22,6.746730000000447,17.68225
728,4388497.73,4593838.25,6.746730000000447,17.59428000000026
729,4388538.13,4593838.25,6.787129999999888,17.59428000000026
730,4388578.53,4593750.28,6.827530000000261,17.50631000000052
731,4388618.93,4593662.3,6.867929999999702,17.418330000000076
732,4388659.33,4593574.33,6.908330000000075,17.330360000000336
733,4388699.73,4593486.36,6.948730000000447,17.242390000000597
734,4388740.13,4593486.36,6.989129999999888,17.242390000000597
735,4388780.53,4593398.39,7.0295300000002605,17.154419999999927
736,4388780.53,4593310.42,7.0295300000002605,17.066450000000188
737,4388820.93,4593310.42,7.069929999999702,17.066450000000188
738,4388861.33,4593222.45,7.110330000000075,16.97848000000045
739,4388861.33,4593134.48,7.110330000000075,16.89051000000071
740,4388901.73,4593046.51,7.150730000000447,16.802540000000036
741,4388942.13,4592958.53,7.191129999999888,16.71456000000052
742,4388982.53,4592958.53,7.2315300000002605,16.71456000000052
743,4389022.93,4592870.56,7.271929999999702,16.62658999999985
744,4388982.53,4592782.59,7.2315300000002605,16.538620000000112
745,4389022.93,4592694.62,7.271929999999702,16.450650000000373
746,4389063.33,4592782.59,7.312330000000075,16.538620000000112
747,4389103.73,4592694.62,7.352730000000447,16.450650000000373
748,4389103.73,4592606.65,7.352730000000447,16.362680000000633
749,4389144.13,4592606.65,7.393129999999888,16.362680000000633
750,4389184.53,4592518.68,7.43353000000026,16.274709999999963
751,4389184.53,4592430.71,7.43353000000026,16.186740000000224
752,4389224.93,4592342.73,7.473929999999702,16.09876000000071
753,4389265.33,4592254.76,7.514330000000075,16.010790000000036
754,4389305.73,4592166.79,7.554730000000447,15.922820000000298
755,4389346.13,4592078.82,7.595129999999888,15.834850000000559
756,4389386.53,4591990.85,7.63553000000026,15.746879999999889
757,4389426.93,4591902.88,7.675929999999702,15.65891000000015
758,4389386.53,4591814.91,7.63553000000026,15.57094000000041
759,4389426.93,4591726.93,7.675929999999702,15.482959999999963
760,4389467.33,4591638.96,7.716330000000075,15.394990000000224
761,4389467.33,4591550.99,7.716330000000075,15.307020000000485
762,4389507.73,4591550.99,7.756730000000447,15.307020000000485
763,4389548.12,4591550.99,7.7971200000001115,15.307020000000485
764,4389588.52,4591463.02,7.837519999999553,15.219049999999815
765,4389588.52,4591375.05,7.837519999999553,15.131080000000075
766,4389628.92,4591287.08,7.877919999999926,15.043110000000336
767,4389628.92,4591199.11,7.877919999999926,14.955140000000595
768,4389669.32,4591111.13,7.918320000000298,14.86716000000015
769,4389669.32,4591023.16,7.918320000000298,14.77919000000041
770,4389709.72,4590935.19,7.958719999999739,14.691220000000671
771,4389750.12,4590847.22,7.9991200000001115,14.60325
772,4389750.12,4590759.25,7.9991200000001115,14.51528000000026
773,4389790.52,4590671.28,8.039519999999554,14.42731000000052
774,4389790.52,4590583.31,8.039519999999554,14.33933999999985
775,4389830.92,4590495.34,8.079919999999925,14.251370000000112
776,4389830.92,4590407.36,8.079919999999925,14.163390000000597
777,4389830.92,4590319.39,8.079919999999925,14.075419999999925
778,4389871.32,4590231.42,8.120320000000298,13.987450000000186
779,4389871.32,4590143.45,8.120320000000298,13.899480000000446
780,4389911.72,4590055.48,8.160719999999738,13.811510000000707
781,4389911.72,4589967.51,8.160719999999738,13.723540000000037
782,4389952.12,4589879.54,8.201120000000111,13.635570000000298
783,4389952.12,4589791.56,8.201120000000111,13.54758999999985
784,4389952.12,4589703.59,8.201120000000111,13.459620000000111
785,4389952.12,4589615.62,8.201120000000111,13.371650000000372
786,4389911.72,4589527.65,8.160719999999738,13.283680000000633
787,4389952.12,4589439.68,8.201120000000111,13.195709999999963
788,4389952.12,4589351.71,8.201120000000111,13.107740000000224
789,4389952.12,4589263.74,8.201120000000111,13.019770000000484
790,4389952.12,4589175.76,8.201120000000111,12.931790000000037
791,4389952.12,4589087.79,8.201120000000111,12.843820000000298
792,4389992.52,4588999.82,8.241519999999554,12.755850000000558
793,4389952.12,4588911.85,8.201120000000111,12.667879999999888
794,4389992.52,4588823.88,8.241519999999554,12.57991000000015
795,4389952.12,4588735.91,8.201120000000111,12.49194000000041
796,4389911.72,4588735.91,8.160719999999738,12.49194000000041
797,4389952.12,4588735.91,8.201120000000111,12.49194000000041
798,4389992.52,4588647.94,8.241519999999554,12.40397000000067
799,4389992.52,4588559.96,8.241519999999554,12.315990000000223
800,4389992.52,4588471.99,8.241519999999554,12.228020000000484
801,4389992.52,4588384.02,8.241519999999554,12.140049999999814
802,4390032.92,4588296.05,8.281919999999925,12.052080000000075
803,4390032.92,4588208.08,8.281919999999925,11.964110000000336
804,4390073.32,4588120.11,8.322320000000298,11.876140000000596
805,4390073.32,4588032.14,8.322320000000298,11.788169999999926
806,4390073.32,4587944.16,8.322320000000298,11.70019000000041
807,4390073.32,4587856.19,8.322320000000298,11.61222000000067
808,4390032.92,4587768.22,8.281919999999925,11.52425
809,4390073.32,4587680.25,8.322320000000298,11.436280000000261
810,4390113.72,4587680.25,8.362719999999738,11.436280000000261
811,4390154.12,4587592.28,8.403120000000111,11.348310000000522
812,4390154.12,4587504.31,8.403120000000111,11.26033999999985
813,4390194.52,4587504.31,8.443519999999554,11.26033999999985
814,4390234.92,4587504.31,8.483919999999925,11.26033999999985
815,4390275.32,4587416.34,8.524320000000298,11.172370000000111
816,4390275.32,4587328.37,8.524320000000298,11.084400000000372
817,4390275.32,4587240.39,8.524320000000298,10.996419999999926
818,4390315.72,4587152.42,8.56471999999974,10.908450000000187
819,4390315.72,4587064.45,8.56471999999974,10.820480000000448
820,4390356.12,4587064.45,8.605120000000111,10.820480000000448
821,4390396.52,4587064.45,8.645519999999554,10.820480000000448
822,4390436.92,4586976.48,8.685919999999925,10.732510000000708
823,4390477.32,4586976.48,8.726320000000298,10.732510000000708
824,4390517.72,4586888.51,8.76671999999974,10.644540000000037
825,4390558.12,4586800.54,8.807120000000111,10.556570000000297
826,4390598.51,4586712.57,8.847509999999776,10.468600000000558
827,4390638.91,4586624.59,8.887910000000149,10.380620000000112
828,4390679.31,4586536.62,8.92830999999959,10.292650000000373
829,4390719.71,4586448.65,8.968709999999962,10.204680000000634
830,4390760.11,4586360.68,9.009110000000335,10.116709999999962
831,4390760.11,4586272.71,9.009110000000335,10.028740000000223
832,4390800.51,4586184.74,9.049509999999776,9.940770000000484
833,4390800.51,4586096.77,9.049509999999776,9.852799999999814
834,4390840.91,4586008.79,9.089910000000149,9.764820000000299
835,4390881.31,4585920.82,9.13030999999959,9.67685000000056
836,4390881.31,4585832.85,9.13030999999959,9.588879999999888
837,4390921.71,4585744.88,9.170709999999962,9.500910000000149
838,4390921.71,4585656.91,9.170709999999962,9.41294000000041
839,4390921.71,4585568.94,9.170709999999962,9.32497000000067
840,4390921.71,4585480.97,9.170709999999962,9.237
841,4390962.11,4585392.99,9.211110000000335,9.149020000000485
842,4390962.11,4585305.02,9.211110000000335,9.061049999999813
843,4391002.51,4585217.05,9.251509999999776,8.973080000000074
844,4391042.91,4585129.08,9.291910000000149,8.885110000000335
845,4391042.91,4585041.11,9.291910000000149,8.797140000000596
846,4391083.31,4585041.11,9.332309999999591,8.797140000000596
847,4391123.71,4584953.14,9.372709999999962,8.709169999999926
848,4391164.11,4584865.17,9.413110000000335,8.621200000000186
849,4391204.51,4584865.17,9.453509999999776,8.621200000000186
850,4391244.91,4584777.2,9.493910000000149,8.533230000000447
851,4391285.31,4584777.2,9.534309999999591,8.533230000000447
852,4391325.71,4584689.22,9.574709999999962,8.44525
853,4391366.11,4584689.22,9.615110000000335,8.44525
854,4391406.51,4584601.25,9.655509999999776,8.35728000000026
855,4391446.91,4584601.25,9.695910000000149,8.35728000000026
856,4391487.31,4584601.25,9.736309999999591,8.35728000000026
857,4391527.71,4584601.25,9.776709999999962,8.35728000000026
858,4391568.11,4584601.25,9.817110000000335,8.35728000000026
859,4391608.5,4584601.25,9.8575,8.35728000000026
860,4391648.9,4584601.25,9.897900000000373,8.35728000000026
861,4391689.3,4584513.28,9.938299999999813,8.269310000000521
862,4391729.7,4584513.28,9.978700000000186,8.269310000000521
863,4391770.1,4584513.28,10.019099999999627,8.269310000000521
864,4391810.5,4584513.28,10.0595,8.269310000000521
865,4391850.9,4584513.28,10.099900000000373,8.269310000000521
866,4391891.3,4584425.31,10.140299999999813,8.181339999999851
867,4391931.7,4584337.34,10.180700000000186,8.093370000000112
868,4391972.1,4584337.34,10.221099999999627,8.093370000000112
869,4392012.5,4584337.34,10.2615,8.093370000000112
870,4392052.9,4584337.34,10.301900000000373,8.093370000000112
871,4392093.3,4584249.37,10.342299999999813,8.005400000000373
872,4392133.7,4584161.4,10.382700000000186,7.917430000000634
873,4392174.1,4584161.4,10.423099999999627,7.917430000000634
874,4392214.5,4584161.4,10.4635,7.917430000000634
875,4392254.9,4584161.4,10.503900000000373,7.917430000000634
876,4392295.3,4584161.4,10.544299999999813,7.917430000000634
877,4392335.7,4584161.4,10.584700000000186,7.917430000000634
878,4392376.1,4584161.4,10.625099999999627,7.917430000000634
879,4392416.5,4584161.4,10.6655,7.917430000000634
880,4392456.9,4584073.42,10.705900000000373,7.829450000000186
881,4392497.3,4584073.42,10.746299999999813,7.829450000000186
882,4392537.7,4584073.42,10.786700000000186,7.829450000000186
883,4392578.1,4584073.42,10.827099999999627,7.829450000000186
884,4392618.5,4583985.45,10.8675,7.741480000000447
885,4392658.89,4583985.45,10.907889999999664,7.741480000000447
886,4392699.29,4583897.48,10.948290000000037,7.653510000000708
887,4392699.29,4583809.51,10.948290000000037,7.565540000000038
888,4392658.89,4583721.54,10.907889999999664,7.477570000000298
889,4392618.5,4583721.54,10.8675,7.477570000000298
890,4392578.1,4583721.54,10.827099999999627,7.477570000000298
891,4392537.7,4583809.51,10.786700000000186,7.565540000000038
892,4392537.7,4583721.54,10.786700000000186,7.477570000000298
893,4392578.1,4583721.54,10.827099999999627,7.477570000000298
894,4392618.5,4583633.57,10.8675,7.389600000000558
895,4392658.89,4583721.54,10.907889999999664,7.477570000000298
896,4392699.29,4583633.57,10.948290000000037,7.389600000000558
897,4392699.29,4583721.54,10.948290000000037,7.477570000000298
898,4392739.69,4583809.51,10.98869000000041,7.565540000000038
899,4392780.09,4583809.51,11.02908999999985,7.565540000000038
900,4392820.49,4583809.51,11.069490000000224,7.565540000000038
901,4392860.89,4583809.51,11.109889999999664,7.565540000000038
902,4392901.29,4583809.51,11.150290000000037,7.565540000000038
903,4392941.69,4583809.51,11.19069000000041,7.565540000000038
904,4392982.09,4583721.54,11.23108999999985,7.477570000000298
905,4393022.49,4583809.51,11.271490000000224,7.565540000000038
906,4393062.89,4583721.54,11.311889999999664,7.477570000000298
907,4393062.89,4583633.57,11.311889999999664,7.389600000000558
908,4393103.29,4583545.6,11.352290000000037,7.301629999999888
909,4393143.69,4583633.57,11.39269000000041,7.389600000000558
910,4393184.09,4583633.57,11.43308999999985,7.389600000000558
911,4393224.49,4583633.57,11.473490000000224,7.389600000000558
912,4393264.89,4583545.6,11.513889999999664,7.301629999999888
913,4393305.29,4583545.6,11.554290000000037,7.301629999999888
914,4393345.69,4583457.62,11.59469000000041,7.2136500000003725
915,4393386.09,4583369.65,11.63508999999985,7.125680000000633
916,4393386.09,4583281.68,11.63508999999985,7.037709999999962
917,4393386.09,4583193.71,11.63508999999985,6.949740000000223
918,4393426.49,4583105.74,11.675490000000224,6.861770000000484
919,4393426.49,4583017.77,11.675490000000224,6.773799999999814
920,4393426.49,4582929.8,11.675490000000224,6.685830000000075
921,4393466.89,4582841.82,11.715889999999664,6.597850000000559
922,4393466.89,4582753.85,11.715889999999664,6.509879999999888
923,4393466.89,4582665.88,11.715889999999664,6.421910000000149
924,4393507.29,4582577.91,11.756290000000037,6.33394000000041
925,4393547.69,4582577.91,11.79669000000041,6.33394000000041
926,4393588.09,4582489.94,11.83708999999985,6.24597000000067
927,4393628.49,4582401.97,11.877490000000224,6.158
928,4393588.09,4582314.0,11.83708999999985,6.070030000000261
929,4393588.09,4582226.03,11.83708999999985,5.982060000000522
930,4393628.49,4582226.03,11.877490000000224,5.982060000000522
931,4393668.88,4582138.05,11.917879999999888,5.894080000000074
932,4393709.28,4582050.08,11.958280000000261,5.806110000000335
933,4393709.28,4581962.11,11.958280000000261,5.718140000000596
934,4393749.68,4581962.11,11.998679999999702,5.718140000000596
935,4393790.08,4581874.14,12.039080000000075,5.630169999999925
936,4393830.48,4581786.17,12.079480000000448,5.542200000000186
937,4393870.88,4581698.2,12.119879999999888,5.454230000000447
938,4393911.28,4581698.2,12.160280000000261,5.454230000000447
939,4393951.68,4581610.23,12.200679999999702,5.3662600000007075
940,4393951.68,4581522.25,12.200679999999702,5.278280000000261
941,4393951.68,4581434.28,12.200679999999702,5.190310000000522
942,4393951.68,4581346.31,12.200679999999702,5.102339999999851
943,4393992.08,4581434.28,12.241080000000075,5.190310000000522
944,4394032.48,4581434.28,12.281480000000448,5.190310000000522
945,4394072.88,4581434.28,12.321879999999888,5.190310000000522
946,4394113.28,4581346.31,12.362280000000261,5.102339999999851
947,4394153.68,4581346.31,12.402679999999702,5.102339999999851
948,4394194.08,4581258.34,12.443080000000075,5.0143700000001115
949,4394234.48,4581258.34,12.483480000000448,5.0143700000001115
950,4394274.88,4581170.37,12.523879999999888,4.926400000000372
951,4394315.28,4581170.37,12.564280000000261,4.926400000000372
952,4394355.68,4581082.4,12.604679999999702,4.838430000000633
953,4394396.08,4580994.43,12.645080000000075,4.750459999999963
954,4394436.48,4581082.4,12.685480000000448,4.838430000000633
955,4394476.88,4580994.43,12.725879999999888,4.750459999999963
956,4394517.28,4580906.45,12.766280000000261,4.662480000000447
957,4394557.68,4580818.48,12.806679999999702,4.574510000000708
958,4394598.08,4580818.48,12.847080000000075,4.574510000000708
959,4394638.48,4580818.48,12.887480000000448,4.574510000000708
960,4394678.88,4580818.48,12.927879999999888,4.574510000000708
961,4394719.27,4580730.51,12.968269999999553,4.486540000000037
962,4394759.67,4580730.51,13.008669999999926,4.486540000000037
963,4394800.07,4580642.54,13.049070000000299,4.398570000000298
964,4394840.47,4580642.54,13.08946999999974,4.398570000000298
965,4394880.87,4580554.57,13.129870000000112,4.310600000000559
966,4394921.27,4580466.6,13.170269999999553,4.222629999999889
967,4394961.67,4580466.6,13.210669999999926,4.222629999999889
968,4395002.07,4580466.6,13.251070000000299,4.222629999999889
969,4395042.47,4580378.63,13.29146999999974,4.134660000000149
970,4395082.87,4580290.65,13.331870000000112,4.0466800000006335
971,4395123.27,4580290.65,13.372269999999553,4.0466800000006335
972,4395163.67,4580290.65,13.412669999999926,4.0466800000006335
973,4395204.07,4580202.68,13.453070000000299,3.9587099999999626
974,4395244.47,4580202.68,13.49346999999974,3.9587099999999626
975,4395284.87,4580114.71,13.533870000000112,3.8707400000002234
976,4395244.47,4580026.74,13.49346999999974,3.7827700000004842
977,4395204.07,4580026.74,13.453070000000299,3.7827700000004842
978,4395244.47,4579938.77,13.49346999999974,3.694799999999814
979,4395284.87,4580026.74,13.533870000000112,3.7827700000004842
980,4395325.27,4580026.74,13.574269999999553,3.7827700000004842
981,4395365.67,4580026.74,13.614669999999926,3.7827700000004842
982,4395406.07,4579938.77,13.655070000000299,3.694799999999814
983,4395446.47,4579938.77,13.69546999999974,3.694799999999814
984,4395486.87,4579850.8,13.735870000000112,3.6068300000000746
985,4395527.27,4579762.83,13.776269999999553,3.5188600000003354
986,4395567.67,4579674.86,13.816669999999926,3.430890000000596
987,4395608.07,4579586.88,13.857070000000299,3.342910000000149
988,4395648.47,4579498.91,13.897469999999739,3.25494000000041
989,4395648.47,4579410.94,13.897469999999739,3.1669700000006706
990,4395688.87,4579322.97,13.937870000000112,3.079
991,4395688.87,4579235.0,13.937870000000112,2.991030000000261
992,4395648.47,4579147.03,13.897469999999739,2.9030600000005213
993,4395608.07,4579059.06,13.857070000000299,2.815089999999851
994,4395567.67,4579059.06,13.816669999999926,2.815089999999851
995,4395527.27,4578971.08,13.776269999999553,2.7271100000003354
996,4395486.87,4578883.11,13.735870000000112,2.6391400000005962
997,4395446.47,4578883.11,13.69546999999974,2.6391400000005962
998,4395406.07,4578883.11,13.655070000000299,2.6391400000005962
999,4395365.67,4578795.14,13.614669999999926,2.5511699999999253
1000,4395325.27,4578795.14,13.574269999999553,2.5511699999999253
1001,4395284.87,4578707.17,13.533870000000112,2.463200000000186
1002,4395244.47,4578707.17,13.49346999999974,2.463200000000186
1003,4395204.07,4578707.17,13.453070000000299,2.463200000000186
1004,4395163.67,4578707.17,13.412669999999926,2.463200000000186
1005,4395123.27,4578619.2,13.372269999999553,2.375230000000447
1006,4395082.87,4578619.2,13.331870000000112,2.375230000000447
1007,4395042.47,4578619.2,13.29146999999974,2.375230000000447
1008,4395002.07,4578619.2,13.251070000000299,2.375230000000447
1009,4394961.67,4578531.23,13.210669999999926,2.2872600000007077
1010,4394921.27,4578531.23,13.170269999999553,2.2872600000007077
1011,4394880.87,4578531.23,13.129870000000112,2.2872600000007077
1012,4394840.47,4578443.26,13.08946999999974,2.1992900000000373
1013,4394800.07,4578443.26,13.049070000000299,2.1992900000000373
1014,4394759.67,4578443.26,13.008669999999926,2.1992900000000373
1015,4394719.27,4578443.26,12.968269999999553,2.1992900000000373
1016,4394678.88,4578443.26,12.927879999999888,2.1992900000000373
1017,4394638.48,4578355.28,12.887480000000448,2.1113100000005214
1018,4394598.08,4578267.31,12.847080000000075,2.023339999999851
1019,4394557.68,4578267.31,12.806679999999702,2.023339999999851
1020,4394517.28,4578267.31,12.766280000000261,2.023339999999851
1021,4394476.88,4578267.31,12.725879999999888,2.023339999999851
1022,4394436.48,4578179.34,12.685480000000448,1.9353700000001117
1023,4394396.08,4578267.31,12.645080000000075,2.023339999999851
1024,4394355.68,4578267.31,12.604679999999702,2.023339999999851
1025,4394315.28,4578267.31,12.564280000000261,2.023339999999851
1026,4394274.88,4578267.31,12.523879999999888,2.023339999999851
1027,4394234.48,4578267.31,12.483480000000448,2.023339999999851
1028,4394234.48,4578179.34,12.483480000000448,1.9353700000001117
1029,4394274.88,4578179.34,12.523879999999888,1.9353700000001117
1030,4394315.28,4578091.37,12.564280000000261,1.8474000000003725
1031,4394274.88,4578003.4,12.523879999999888,1.7594300000006333
1032,4394234.48,4578003.4,12.483480000000448,1.7594300000006333
1033,4394194.08,4577915.43,12.443080000000075,1.6714599999999626
1034,4394153.68,4577915.43,12.402679999999702,1.6714599999999626
1035,4394113.28,4577827.46,12.362280000000261,1.5834900000002234
1036,4394072.88,4577827.46,12.321879999999888,1.5834900000002234
1037,4394032.48,4577739.48,12.281480000000448,1.4955100000007078
1038,4393992.08,4577739.48,12.241080000000075,1.4955100000007078
1039,4393951.68,4577651.51,12.200679999999702,1.4075400000000373
1040,4393911.28,4577563.54,12.160280000000261,1.3195700000002981
1041,4393870.88,4577563.54,12.119879999999888,1.3195700000002981
1042,4393830.48,4577475.57,12.079480000000448,1.2316000000005587
1043,4393790.08,4577387.6,12.039080000000075,1.1436299999998882
1044,4393749.68,4577387.6,11.998679999999702,1.1436299999998882
1045,4393709.28,4577299.63,11.958280000000261,1.055660000000149
1046,4393709.28,4577211.66,11.958280000000261,0.9676900000004098
1047,4393668.88,4577123.69,11.917879999999888,0.8797200000006705
1048,4393628.49,4577123.69,11.877490000000224,0.8797200000006705
1049,4393628.49,4577035.71,11.877490000000224,0.7917400000002235
1050,4393588.09,4576947.74,11.83708999999985,0.7037700000004843
1051,4393547.69,4576947.74,11.79669000000041,0.7037700000004843
1052,4393547.69,4576859.77,11.79669000000041,0.6157999999998137
1053,4393547.69,4576771.8,11.79669000000041,0.5278300000000745
1054,4393507.29,4576683.83,11.756290000000037,0.43986000000033526
1055,4393466.89,4576595.86,11.715889999999664,0.35189000000059606
1056,4393426.49,4576595.86,11.675490000000224,0.35189000000059606
1057,4393466.89,4576507.89,11.715889999999664,0.2639199999999255
1058,4393466.89,4576419.91,11.715889999999664,0.17594000000040977
1059,4393426.49,4576331.94,11.675490000000224,0.08797000000067055
1060,4393426.49,4576243.97,11.675490000000224,0.0
1061,4393466.89,4576243.97,11.715889999999664,0.0
1062,4393507.29,4576243.97,11.756290000000037,0.0
1063,4393547.69,4576243.97,11.79669000000041,0.0
1064,4393588.09,4576243.97,11.83708999999985,0.0
1065,4393628.49,4576243.97,11.877490000000224,0.0
1066,4393668.88,4576243.97,11.917879999999888,0.0
1067,4393709.28,4576243.97,11.958280000000261,0.0
1068,4393749.68,4576331.94,11.998679999999702,0.08797000000067055
1069,4393709.28,4576419.91,11.958280000000261,0.17594000000040977
1070,4393749.68,4576507.89,11.998679999999702,0.2639199999999255
1071,4393790.08,4576595.86,12.039080000000075,0.35189000000059606
1072,4393830.48,4576595.86,12.079480000000448,0.35189000000059606
1073,4393870.88,4576595.86,12.119879999999888,0.35189000000059606
1074,4393870.88,4576683.83,12.119879999999888,0.43986000000033526
1075,4393870.88,4576771.8,12.119879999999888,0.5278300000000745
1076,4393911.28,4576859.77,12.160280000000261,0.6157999999998137
1077,4393951.68,4576859.77,12.200679999999702,0.6157999999998137
1078,4393992.08,4576859.77,12.241080000000075,0.6157999999998137
1079,4394032.48,4576947.74,12.281480000000448,0.7037700000004843
1080,4394072.88,4577035.71,12.321879999999888,0.7917400000002235
1081,4394113.28,4577123.69,12.362280000000261,0.8797200000006705
1082,4394153.68,4577123.69,12.402679999999702,0.8797200000006705
1083,4394194.08,4577211.66,12.443080000000075,0.9676900000004098
1084,4394234.48,4577123.69,12.483480000000448,0.8797200000006705
1085,4394274.88,4577123.69,12.523879999999888,0.8797200000006705
1086,4394315.28,4577211.66,12.564280000000261,0.9676900000004098
1087,4394355.68,4577299.63,12.604679999999702,1.055660000000149
1088,4394396.08,4577299.63,12.645080000000075,1.055660000000149
1089,4394436.48,4577299.63,12.685480000000448,1.055660000000149
1090,4394476.88,4577299.63,12.725879999999888,1.055660000000149
1091,4394517.28,4577299.63,12.766280000000261,1.055660000000149
1092,4394557.68,4577387.6,12.806679999999702,1.1436299999998882
1093,4394598.08,4577387.6,12.847080000000075,1.1436299999998882
1094,4394638.48,4577387.6,12.887480000000448,1.1436299999998882
1095,4394678.88,4577387.6,12.927879999999888,1.1436299999998882
1096,4394719.27,4577387.6,12.968269999999553,1.1436299999998882
1097,4394759.67,4577475.57,13.008669999999926,1.2316000000005587
1098,4394800.07,4577475.57,13.049070000000299,1.2316000000005587
1099,4394840.47,4577475.57,13.08946999999974,1.2316000000005587
1100,4394880.87,4577475.57,13.129870000000112,1.2316000000005587
1101,4394921.27,4577563.54,13.170269999999553,1.3195700000002981
1102,4394961.67,4577563.54,13.210669999999926,1.3195700000002981
1103,4395002.07,4577475.57,13.251070000000299,1.2316000000005587
1104,4395042.47,4577475.57,13.29146999999974,1.2316000000005587
1105,4395082.87,4577475.57,13.331870000000112,1.2316000000005587
1106,4395082.87,4577563.54,13.331870000000112,1.3195700000002981
1107,4395123.27,4577651.51,13.372269999999553,1.4075400000000373
1108,4395163.67,4577651.51,13.412669999999926,1.4075400000000373
1109,4395204.07,4577651.51,13.453070000000299,1.4075400000000373
1110,4395244.47,4577651.51,13.49346999999974,1.4075400000000373
1111,4395284.87,4577651.51,13.533870000000112,1.4075400000000373
1112,4395325.27,4577739.48,13.574269999999553,1.4955100000007078
1113,4395365.67,4577739.48,13.614669999999926,1.4955100000007078
1114,4395406.07,4577739.48,13.655070000000299,1.4955100000007078
1115,4395446.47,4577739.48,13.69546999999974,1.4955100000007078
1116,4395486.87,4577739.48,13.735870000000112,1.4955100000007078
1117,4395527.27,4577827.46,13.776269999999553,1.5834900000002234
1118,4395567.67,4577827.46,13.816669999999926,1.5834900000002234
1119,4395608.07,4577827.46,13.857070000000299,1.5834900000002234
1120,4395648.47,4577827.46,13.897469999999739,1.5834900000002234
1121,4395688.87,4577827.46,13.937870000000112,1.5834900000002234
1122,4395729.27,4577915.43,13.978269999999553,1.6714599999999626
1123,4395769.66,4577915.43,14.01866000000015,1.6714599999999626
1124,4395810.06,4577915.43,14.05905999999959,1.6714599999999626
1125,4395850.46,4577915.43,14.099459999999963,1.6714599999999626
1126,4395890.86,4577915.43,14.139860000000334,1.6714599999999626
1127,4395931.26,4578003.4,14.180259999999777,1.7594300000006333
1128,4395971.66,4578003.4,14.22066000000015,1.7594300000006333
1129,4396012.06,4578003.4,14.26105999999959,1.7594300000006333
1130,4396052.46,4578003.4,14.301459999999963,1.7594300000006333
1131,4396092.86,4578091.37,14.341860000000334,1.8474000000003725
1132,4396133.26,4578091.37,14.382259999999777,1.8474000000003725
1133,4396173.66,4578179.34,14.42266000000015,1.9353700000001117
1134,4396214.06,4578179.34,14.46305999999959,1.9353700000001117
1135,4396254.46,4578179.34,14.503459999999963,1.9353700000001117
1136,4396294.86,4578267.31,14.543860000000334,2.023339999999851
1137,4396335.26,4578267.31,14.584259999999777,2.023339999999851
1138,4396375.66,4578267.31,14.62466000000015,2.023339999999851
1139,4396416.06,4578267.31,14.66505999999959,2.023339999999851
1140,4396456.46,4578355.28,14.705459999999963,2.1113100000005214
1141,4396496.86,4578355.28,14.745860000000336,2.1113100000005214
1142,4396537.26,4578267.31,14.786259999999777,2.023339999999851
1143,4396577.66,4578267.31,14.82666000000015,2.023339999999851
1144,4396618.06,4578355.28,14.86705999999959,2.1113100000005214
1145,4396658.46,4578355.28,14.907459999999963,2.1113100000005214
1146,4396698.86,4578443.26,14.947860000000336,2.1992900000000373
1147,4396739.26,4578443.26,14.988259999999777,2.1992900000000373
1148,4396779.65,4578531.23,15.028650000000372,2.2872600000007077
1149,4396820.05,4578531.23,15.069049999999814,2.2872600000007077
1150,4396860.45,4578531.23,15.109450000000185,2.2872600000007077
1151,4396900.85,4578531.23,15.149849999999628,2.2872600000007077
1152,4396941.25,4578531.23,15.19025,2.2872600000007077
1153,4396981.65,4578531.23,15.230650000000372,2.2872600000007077
1154,4397022.05,4578531.23,15.271049999999814,2.2872600000007077
1155,4397062.45,4578531.23,15.311450000000185,2.2872600000007077
1156,4397102.85,4578531.23,15.351849999999628,2.2872600000007077
1157,4397143.25,4578531.23,15.39225,2.2872600000007077
1158,4397183.65,4578443.26,15.432650000000372,2.1992900000000373
1159,4397224.05,4578443.26,15.473049999999814,2.1992900000000373
1160,4397264.45,4578443.26,15.513450000000187,2.1992900000000373
1161,4397304.85,4578443.26,15.553849999999628,2.1992900000000373
1162,4397345.25,4578355.28,15.59425,2.1113100000005214
1163,4397385.65,4578355.28,15.634650000000372,2.1113100000005214
1164,4397426.05,4578355.28,15.675049999999814,2.1113100000005214
1165,4397466.45,4578355.28,15.715450000000187,2.1113100000005214
1166,4397506.85,4578355.28,15.755849999999628,2.1113100000005214
1167,4397547.25,4578355.28,15.79625,2.1113100000005214
1168,4397587.65,4578355.28,15.836650000000372,2.1113100000005214
1169,4397628.05,4578267.31,15.877049999999814,2.023339999999851
1170,4397668.45,4578267.31,15.917450000000187,2.023339999999851
1171,4397708.85,4578179.34,15.957849999999627,1.9353700000001117
1172,4397749.25,4578267.31,15.99825,2.023339999999851
1173,4397789.65,4578179.34,16.038650000000374,1.9353700000001117
1174,4397830.04,4578179.34,16.079040000000038,1.9353700000001117
1175,4397870.44,4578179.34,16.11944000000041,1.9353700000001117
1176,4397910.84,4578091.37,16.15983999999985,1.8474000000003725
1177,4397951.24,4578003.4,16.200240000000225,1.7594300000006333
1178,4397991.64,4578091.37,16.240639999999665,1.8474000000003725
1179,4398032.04,4578091.37,16.281040000000036,1.8474000000003725
1180,4398072.44,4578003.4,16.32144000000041,1.7594300000006333
1181,4398112.84,4578003.4,16.36183999999985,1.7594300000006333
1182,4398153.24,4578003.4,16.402240000000223,1.7594300000006333
1183,4398193.64,4577915.43,16.442639999999663,1.6714599999999626
1184,4398234.04,4577915.43,16.483040000000038,1.6714599999999626
1185,4398274.44,4577915.43,16.52344000000041,1.6714599999999626
1186,4398314.84,4577915.43,16.56383999999985,1.6714599999999626
1187,4398355.24,4577827.46,16.604240000000225,1.5834900000002234
1188,4398395.64,4577827.46,16.644639999999665,1.5834900000002234
1189,4398436.04,4577827.46,16.685040000000036,1.5834900000002234
1190,4398476.44,4577827.46,16.72544000000041,1.5834900000002234
1191,4398516.84,4577827.46,16.76583999999985,1.5834900000002234
1192,4398557.24,4577827.46,16.806240000000223,1.5834900000002234
1193,4398597.64,4577827.46,16.846639999999663,1.5834900000002234
1194,4398638.04,4577827.46,16.887040000000038,1.5834900000002234
1195,4398678.44,4577827.46,16.92744000000041,1.5834900000002234
1196,4398718.84,4577827.46,16.96783999999985,1.5834900000002234
1197,4398759.24,4577827.46,17.008240000000225,1.5834900000002234
1198,4398799.64,4577915.43,17.048639999999665,1.6714599999999626
1199,4398840.04,4577827.46,17.089040000000036,1.5834900000002234
1200,4398880.43,4577827.46,17.1294299999997,1.5834900000002234
1201,4398920.83,4577827.46,17.169830000000076,1.5834900000002234
1202,4398961.23,4577827.46,17.210230000000447,1.5834900000002234
1203,4399001.63,4577915.43,17.250629999999887,1.6714599999999626
1204,4399042.03,4577915.43,17.291030000000262,1.6714599999999626
1205,4399082.43,4577915.43,17.331429999999703,1.6714599999999626
1206,4399122.83,4577915.43,17.371830000000074,1.6714599999999626
1207,4399163.23,4577915.43,17.41223000000045,1.6714599999999626
1208,4399203.63,4577915.43,17.45262999999989,1.6714599999999626
1209,4399244.03,4578003.4,17.49303000000026,1.7594300000006333
1210,4399284.43,4578003.4,17.5334299999997,1.7594300000006333
1211,4399324.83,4578003.4,17.573830000000076,1.7594300000006333
1212,4399365.23,4578003.4,17.614230000000447,1.7594300000006333
1213,4399405.63,4578003.4,17.654629999999887,1.7594300000006333
1214,4399446.03,4578003.4,17.695030000000262,1.7594300000006333
1215,4399486.43,4578003.4,17.735429999999702,1.7594300000006333
1216,4399526.83,4578003.4,17.775830000000074,1.7594300000006333
1217,4399567.23,4578003.4,17.81623000000045,1.7594300000006333
1218,4399607.63,4578091.37,17.85662999999989,1.8474000000003725
1219,4399648.03,4578091.37,17.89703000000026,1.8474000000003725
1220,4399688.43,4578091.37,17.9374299999997,1.8474000000003725
1221,4399728.83,4578091.37,17.977830000000075,1.8474000000003725
1222,4399769.23,4578091.37,18.018230000000447,1.8474000000003725
1223,4399809.63,4578091.37,18.058629999999887,1.8474000000003725
1224,4399850.03,4578003.4,18.099030000000262,1.7594300000006333
1225,4399890.42,4577915.43,18.139419999999927,1.6714599999999626
1226,4399890.42,4578003.4,18.139419999999927,1.7594300000006333
1227,4399930.82,4578091.37,18.179820000000298,1.8474000000003725
1228,4399971.22,4578003.4,18.22021999999974,1.7594300000006333
1229,4400011.62,4578003.4,18.260620000000113,1.7594300000006333
1230,4400052.02,4578003.4,18.301019999999554,1.7594300000006333
1231,4400092.42,4578003.4,18.341419999999925,1.7594300000006333
1232,4400132.82,4578003.4,18.3818200000003,1.7594300000006333
1233,4400173.22,4578003.4,18.42221999999974,1.7594300000006333
1234,4400213.62,4577915.43,18.46262000000011,1.6714599999999626
1235,4400254.02,4577915.43,18.50301999999955,1.6714599999999626
1236,4400294.42,4577915.43,18.543419999999927,1.6714599999999626
1237,4400334.82,4577915.43,18.583820000000298,1.6714599999999626
1238,4400375.22,4577915.43,18.624219999999738,1.6714599999999626
1239,4400415.62,4577827.46,18.664620000000113,1.5834900000002234
1240,4400456.02,4577827.46,18.705019999999553,1.5834900000002234
1241,4400496.42,4577827.46,18.745419999999925,1.5834900000002234
1242,4400536.82,4577827.46,18.7858200000003,1.5834900000002234
1243,4400577.22,4577739.48,18.82621999999974,1.4955100000007078
1244,4400617.62,4577739.48,18.86662000000011,1.4955100000007078
1245,4400658.02,4577651.51,18.90701999999955,1.4075400000000373
1246,4400698.42,4577651.51,18.947419999999926,1.4075400000000373
1247,4400738.82,4577651.51,18.987820000000298,1.4075400000000373
1248,4400779.22,4577651.51,19.028219999999738,1.4075400000000373
1249,4400819.62,4577563.54,19.068620000000113,1.3195700000002981
1250,4400860.02,4577563.54,19.109019999999553,1.3195700000002981
1251,4400900.42,4577563.54,19.149419999999925,1.3195700000002981
1252,4400940.81,4577475.57,19.18980999999959,1.2316000000005587
1253,4400981.21,4577475.57,19.230209999999964,1.2316000000005587
1254,4401021.61,4577475.57,19.270610000000335,1.2316000000005587
1255,4401062.01,4577387.6,19.311009999999776,1.1436299999998882
1256,4401102.41,4577475.57,19.35141000000015,1.2316000000005587
1257,4401142.81,4577475.57,19.39180999999959,1.2316000000005587
1258,4401183.21,4577563.54,19.432209999999962,1.3195700000002981
1259,4401223.61,4577563.54,19.472610000000337,1.3195700000002981
1260,4401264.01,4577563.54,19.513009999999777,1.3195700000002981
1261,4401304.41,4577563.54,19.55341000000015,1.3195700000002981
1262,4401304.41,4577651.51,19.55341000000015,1.4075400000000373
1263,4401344.81,4577739.48,19.59380999999959,1.4955100000007078
1264,4401385.21,4577827.46,19.634209999999964,1.5834900000002234
1265,4401385.21,4577915.43,19.634209999999964,1.6714599999999626
1266,4401425.61,4578003.4,19.674610000000335,1.7594300000006333
1267,4401425.61,4578091.37,19.674610000000335,1.8474000000003725
1268,4401425.61,4578179.34,19.674610000000335,1.9353700000001117
1269,4401425.61,4578267.31,19.674610000000335,2.023339999999851
1270,4401385.21,4578355.28,19.634209999999964,2.1113100000005214
1271,4401344.81,4578355.28,19.59380999999959,2.1113100000005214
1272,4401304.41,4578355.28,19.55341000000015,2.1113100000005214
1273,4401264.01,4578443.26,19.513009999999777,2.1992900000000373
1274,4401264.01,4578531.23,19.513009999999777,2.2872600000007077
1275,4401264.01,4578619.2,19.513009999999777,2.375230000000447
1276,4401223.61,4578531.23,19.472610000000337,2.2872600000007077
1277,4401183.21,4578619.2,19.432209999999962,2.375230000000447
1278,4401142.81,4578707.17,19.39180999999959,2.463200000000186
1279,4401183.21,4578795.14,19.432209999999962,2.5511699999999253
1280,4401183.21,4578883.11,19.432209999999962,2.6391400000005962
1281,4401142.81,4578883.11,19.39180999999959,2.6391400000005962
1282,4401102.41,4578971.08,19.35141000000015,2.7271100000003354
1283,4401062.01,4579059.06,19.311009999999776,2.815089999999851
1284,4401062.01,4579147.03,19.311009999999776,2.9030600000005213
1285,4401021.61,4579235.0,19.270610000000335,2.991030000000261
1286,4401021.61,4579322.97,19.270610000000335,3.079
1287,4401021.61,4579410.94,19.270610000000335,3.1669700000006706
1288,4400981.21,4579498.91,19.230209999999964,3.25494000000041
1289,4400981.21,4579586.88,19.230209999999964,3.342910000000149
1290,4401021.61,4579674.86,19.270610000000335,3.430890000000596
1291,4401021.61,4579762.83,19.270610000000335,3.5188600000003354
1292,4401062.01,4579850.8,19.311009999999776,3.6068300000000746
1293,4401021.61,4579938.77,19.270610000000335,3.694799999999814
1294,4401021.61,4580026.74,19.270610000000335,3.7827700000004842
1295,4401021.61,4580114.71,19.270610000000335,3.8707400000002234
1296,4401062.01,4580202.68,19.311009999999776,3.9587099999999626
1297,4401102.41,4580202.68,19.35141000000015,3.9587099999999626
1298,4401142.81,4580290.65,19.39180999999959,4.0466800000006335
1299,4401183.21,4580290.65,19.432209999999962,4.0466800000006335
1300,4401223.61,4580378.63,19.472610000000337,4.134660000000149
1301,4401264.01,4580378.63,19.513009999999777,4.134660000000149
1302,4401304.41,4580378.63,19.55341000000015,4.134660000000149
1303,4401344.81,4580466.6,19.59380999999959,4.222629999999889
1304,4401385.21,4580378.63,19.634209999999964,4.134660000000149
1305,4401385.21,4580290.65,19.634209999999964,4.0466800000006335
1306,4401385.21,4580378.63,19.634209999999964,4.134660000000149
1307,4401425.61,4580466.6,19.674610000000335,4.222629999999889
1308,4401425.61,4580554.57,19.674610000000335,4.310600000000559
1309,4401425.61,4580642.54,19.674610000000335,4.398570000000298
1310,4401425.61,4580730.51,19.674610000000335,4.486540000000037
1311,4401466.01,4580818.48,19.715009999999776,4.574510000000708
1312,4401506.41,4580818.48,19.75541000000015,4.574510000000708
1313,4401506.41,4580906.45,19.75541000000015,4.662480000000447
1314,4401506.41,4580994.43,19.75541000000015,4.750459999999963
1315,4401506.41,4581082.4,19.75541000000015,4.838430000000633
1316,4401466.01,4581170.37,19.715009999999776,4.926400000000372
1317,4401466.01,4581258.34,19.715009999999776,5.0143700000001115
1318,4401425.61,4581346.31,19.674610000000335,5.102339999999851
1319,4401425.61,4581434.28,19.674610000000335,5.190310000000522
1320,4401425.61,4581522.25,19.674610000000335,5.278280000000261
1321,4401425.61,4581610.23,19.674610000000335,5.3662600000007075
1322,4401385.21,4581698.2,19.634209999999964,5.454230000000447
1323,4401385.21,4581786.17,19.634209999999964,5.542200000000186
1324,4401385.21,4581874.14,19.634209999999964,5.630169999999925
1325,4401385.21,4581962.11,19.634209999999964,5.718140000000596
1326,4401385.21,4582050.08,19.634209999999964,5.806110000000335
1327,4401344.81,4582138.05,19.59380999999959,5.894080000000074
1328,4401304.41,4582226.03,19.55341000000015,5.982060000000522
1329,4401304.41,4582314.0,19.55341000000015,6.070030000000261
1330,4401304.41,4582401.97,19.55341000000015,6.158
1331,4401264.01,4582489.94,19.513009999999777,6.24597000000067
1332,4401304.41,4582577.91,19.55341000000015,6.33394000000041
1333,4401304.41,4582665.88,19.55341000000015,6.421910000000149
1334,4401344.81,4582753.85,19.59380999999959,6.509879999999888
1335,4401344.81,4582841.82,19.59380999999959,6.597850000000559
1336,4401344.81,4582929.8,19.59380999999959,6.685830000000075
1337,4401385.21,4583017.77,19.634209999999964,6.773799999999814
1338,4401425.61,4583105.74,19.674610000000335,6.861770000000484
1339,4401466.01,4583193.71,19.715009999999776,6.949740000000223
1340,4401506.41,4583281.68,19.75541000000015,7.037709999999962
1341,4401506.41,4583369.65,19.75541000000015,7.125680000000633
1342,4401466.01,4583457.62,19.715009999999776,7.2136500000003725
1343,4401506.41,4583545.6,19.75541000000015,7.301629999999888
1344,4401546.81,4583545.6,19.79580999999959,7.301629999999888
1345,4401587.21,4583545.6,19.836209999999962,7.301629999999888
1346,4401546.81,4583545.6,19.79580999999959,7.301629999999888
1347,4401506.41,4583633.57,19.75541000000015,7.389600000000558
1348,4401546.81,4583721.54,19.79580999999959,7.477570000000298
1349,4401587.21,4583721.54,19.836209999999962,7.477570000000298
1350,4401627.61,4583809.51,19.876610000000337,7.565540000000038
1351,4401668.01,4583897.48,19.917009999999777,7.653510000000708
1352,4401708.41,4583897.48,19.95741000000015,7.653510000000708
1353,4401748.81,4583985.45,19.99780999999959,7.741480000000447
1354,4401789.21,4583985.45,20.038209999999964,7.741480000000447
1355,4401829.61,4583985.45,20.078610000000335,7.741480000000447
1356,4401829.61,4584073.42,20.078610000000335,7.829450000000186
1357,4401789.21,4584161.4,20.038209999999964,7.917430000000634
1358,4401829.61,4584249.37,20.078610000000335,8.005400000000373
1359,4401870.01,4584337.34,20.119009999999776,8.093370000000112
1360,4401870.01,4584425.31,20.119009999999776,8.181339999999851
1361,4401829.61,4584513.28,20.078610000000335,8.269310000000521
1362,4401870.01,4584601.25,20.119009999999776,8.35728000000026
1363,4401910.41,4584689.22,20.15941000000015,8.44525
1364,4401950.81,4584601.25,20.19980999999959,8.35728000000026
1365,4401991.2,4584601.25,20.240200000000186,8.35728000000026
1366,4401991.2,4584689.22,20.240200000000186,8.44525
1367,4401991.2,4584777.2,20.240200000000186,8.533230000000447
1368,4402031.6,4584865.17,20.280599999999627,8.621200000000186
1369,4402072.0,4584953.14,20.321,8.709169999999926
1370,4402112.4,4584953.14,20.361400000000373,8.709169999999926
1371,4402152.8,4585041.11,20.401799999999813,8.797140000000596
1372,4402193.2,4585041.11,20.442200000000188,8.797140000000596
1373,4402233.6,4585041.11,20.48259999999963,8.797140000000596
1374,4402233.6,4585129.08,20.48259999999963,8.885110000000335
1375,4402274.0,4585217.05,20.523,8.973080000000074
1376,4402314.4,4585217.05,20.56340000000037,8.973080000000074
1377,4402314.4,4585305.02,20.56340000000037,9.061049999999813
1378,4402354.8,4585392.99,20.603799999999815,9.149020000000485
1379,4402395.2,4585392.99,20.644200000000186,9.149020000000485
1380,4402435.6,4585480.97,20.684599999999627,9.237
1381,4402435.6,4585568.94,20.684599999999627,9.32497000000067
1382,4402435.6,4585656.91,20.684599999999627,9.41294000000041
1383,4402435.6,4585744.88,20.684599999999627,9.500910000000149
1384,4402435.6,4585832.85,20.684599999999627,9.588879999999888
1385,4402435.6,4585920.82,20.684599999999627,9.67685000000056
1386,4402435.6,4586008.79,20.684599999999627,9.764820000000299
1387,4402395.2,4586008.79,20.644200000000186,9.764820000000299
1388,4402354.8,4586096.77,20.603799999999815,9.852799999999814
1389,4402314.4,4586008.79,20.56340000000037,9.764820000000299
1390,4402274.0,4586008.79,20.523,9.764820000000299
1391,4402233.6,4586008.79,20.48259999999963,9.764820000000299
1392,4402193.2,4585920.82,20.442200000000188,9.67685000000056
1393,4402152.8,4585920.82,20.401799999999813,9.67685000000056
1394,4402112.4,4585920.82,20.361400000000373,9.67685000000056
1395,4402072.0,4585920.82,20.321,9.67685000000056
1396,4402031.6,4585920.82,20.280599999999627,9.67685000000056
1397,4401991.2,4585920.82,20.240200000000186,9.67685000000056
1398,4401950.81,4585920.82,20.19980999999959,9.67685000000056
1399,4401910.41,4585920.82,20.15941000000015,9.67685000000056
1400,4401870.01,4585920.82,20.119009999999776,9.67685000000056
1401,4401829.61,4585832.85,20.078610000000335,9.588879999999888
1402,4401789.21,4585832.85,20.038209999999964,9.588879999999888
1403,4401748.81,4585744.88,19.99780999999959,9.500910000000149
1404,4401708.41,4585744.88,19.95741000000015,9.500910000000149
1405,4401668.01,4585744.88,19.917009999999777,9.500910000000149
1406,4401627.61,4585656.91,19.876610000000337,9.41294000000041
1407,4401587.21,4585656.91,19.836209999999962,9.41294000000041
1408,4401546.81,4585568.94,19.79580999999959,9.32497000000067
1409,4401506.41,4585568.94,19.75541000000015,9.32497000000067
1410,4401466.01,4585568.94,19.715009999999776,9.32497000000067
1411,4401425.61,4585480.97,19.674610000000335,9.237
1412,4401385.21,4585480.97,19.634209999999964,9.237
1413,4401344.81,4585480.97,19.59380999999959,9.237
1414,4401344.81,4585392.99,19.59380999999959,9.149020000000485
1415,4401304.41,4585305.02,19.55341000000015,9.061049999999813
1416,4401264.01,4585217.05,19.513009999999777,8.973080000000074
1417,4401223.61,4585129.08,19.472610000000337,8.885110000000335
1418,4401223.61,4585041.11,19.472610000000337,8.797140000000596
1419,4401183.21,4584953.14,19.432209999999962,8.709169999999926
1420,4401183.21,4584865.17,19.432209999999962,8.621200000000186
1421,4401142.81,4584777.2,19.39180999999959,8.533230000000447
1422,4401142.81,4584689.22,19.39180999999959,8.44525
1423,4401102.41,4584601.25,19.35141000000015,8.35728000000026
1424,4401062.01,4584513.28,19.311009999999776,8.269310000000521
1425,4401021.61,4584425.31,19.270610000000335,8.181339999999851
1426,4400981.21,4584337.34,19.230209999999964,8.093370000000112
1427,4400981.21,4584249.37,19.230209999999964,8.005400000000373
1428,4400940.81,4584161.4,19.18980999999959,7.917430000000634
1429,4400900.42,4584073.42,19.149419999999925,7.829450000000186
1430,4400900.42,4583985.45,19.149419999999925,7.741480000000447
1431,4400860.02,4583897.48,19.109019999999553,7.653510000000708
1432,4400819.62,4583809.51,19.068620000000113,7.565540000000038
1433,4400779.22,4583809.51,19.028219999999738,7.565540000000038
1434,4400819.62,4583721.54,19.068620000000113,7.477570000000298
1435,4400779.22,4583633.57,19.028219999999738,7.389600000000558
1436,4400738.82,4583633.57,18.987820000000298,7.389600000000558
1437,4400738.82,4583545.6,18.987820000000298,7.301629999999888
1438,4400738.82,4583457.62,18.987820000000298,7.2136500000003725
1439,4400698.42,4583369.65,18.947419999999926,7.125680000000633
1440,4400658.02,4583369.65,18.90701999999955,7.125680000000633
1441,4400658.02,4583281.68,18.90701999999955,7.037709999999962
1442,4400658.02,4583193.71,18.90701999999955,6.949740000000223
1443,4400617.62,4583105.74,18.86662000000011,6.861770000000484
1444,4400577.22,4583017.77,18.82621999999974,6.773799999999814
1445,4400536.82,4583017.77,18.7858200000003,6.773799999999814
1446,4400496.42,4583105.74,18.745419999999925,6.861770000000484
1447,4400496.42,4583193.71,18.745419999999925,6.949740000000223
1448,4400496.42,4583105.74,18.745419999999925,6.861770000000484
1449,4400456.02,4583017.77,18.705019999999553,6.773799999999814
1450,4400415.62,4583017.77,18.664620000000113,6.773799999999814
1451,4400456.02,4583017.77,18.705019999999553,6.773799999999814
1452,4400496.42,4582929.8,18.745419999999925,6.685830000000075
1453,4400536.82,4582841.82,18.7858200000003,6.597850000000559
1454,4400496.42,4582753.85,18.745419999999925,6.509879999999888
1455,4400456.02,4582753.85,18.705019999999553,6.509879999999888
1456,4400415.62,4582753.85,18.664620000000113,6.509879999999888
1457,4400375.22,4582665.88,18.624219999999738,6.421910000000149
1458,4400334.82,4582665.88,18.583820000000298,6.421910000000149
1459,4400294.42,4582577.91,18.543419999999927,6.33394000000041
1460,4400254.02,4582577.91,18.50301999999955,6.33394000000041
1461,4400213.62,4582577.91,18.46262000000011,6.33394000000041
1462,4400173.22,4582577.91,18.42221999999974,6.33394000000041
1463,4400132.82,4582489.94,18.3818200000003,6.24597000000067
1464,4400092.42,4582489.94,18.341419999999925,6.24597000000067
1465,4400052.02,4582401.97,18.301019999999554,6.158
1466,4400011.62,4582401.97,18.260620000000113,6.158
1467,4399971.22,4582401.97,18.22021999999974,6.158
1468,4399930.82,4582401.97,18.179820000000298,6.158
1469,4399890.42,4582314.0,18.139419999999927,6.070030000000261
1470,4399850.03,4582226.03,18.099030000000262,5.982060000000522
1471,4399809.63,4582226.03,18.058629999999887,5.982060000000522
1472,4399769.23,4582226.03,18.018230000000447,5.982060000000522
1473,4399728.83,4582226.03,17.977830000000075,5.982060000000522
1474,4399688.43,4582226.03,17.9374299999997,5.982060000000522
1475,4399648.03,4582226.03,17.89703000000026,5.982060000000522
1476,4399607.63,4582226.03,17.85662999999989,5.982060000000522
1477,4399567.23,4582226.03,17.81623000000045,5.982060000000522
1478,4399526.83,4582138.05,17.775830000000074,5.894080000000074
1479,4399486.43,4582138.05,17.735429999999702,5.894080000000074
1480,4399446.03,4582138.05,17.695030000000262,5.894080000000074
1481,4399405.63,4582138.05,17.654629999999887,5.894080000000074
1482,4399365.23,4582138.05,17.614230000000447,5.894080000000074
1483,4399324.83,4582138.05,17.573830000000076,5.894080000000074
1484,4399284.43,4582138.05,17.5334299999997,5.894080000000074
1485,4399244.03,4582138.05,17.49303000000026,5.894080000000074
1486,4399203.63,4582138.05,17.45262999999989,5.894080000000074
1487,4399163.23,4582138.05,17.41223000000045,5.894080000000074
1488,4399122.83,4582138.05,17.371830000000074,5.894080000000074
1489,4399082.43,4582226.03,17.331429999999703,5.982060000000522
1490,4399042.03,4582226.03,17.291030000000262,5.982060000000522
1491,4399001.63,4582226.03,17.250629999999887,5.982060000000522
1492,4398961.23,4582226.03,17.210230000000447,5.982060000000522
1493,4398920.83,4582226.03,17.169830000000076,5.982060000000522
1494,4398880.43,4582226.03,17.1294299999997,5.982060000000522
1495,4398840.04,4582226.03,17.089040000000036,5.982060000000522
1496,4398799.64,4582226.03,17.048639999999665,5.982060000000522
1497,4398759.24,4582226.03,17.008240000000225,5.982060000000522
1498,4398718.84,4582226.03,16.96783999999985,5.982060000000522
1499,4398678.44,4582226.03,16.92744000000041,5.982060000000522
1500,4398638.04,4582314.0,16.887040000000038,6.070030000000261
1501,4398597.64,4582314.0,16.846639999999663,6.070030000000261
1502,4398557.24,4582314.0,16.806240000000223,6.070030000000261
1503,4398516.84,4582226.03,16.76583999999985,5.982060000000522
1504,4398476.44,4582226.03,16.72544000000041,5.982060000000522
1505,4398436.04,4582226.03,16.685040000000036,5.982060000000522
1506,4398395.64,4582226.03,16.644639999999665,5.982060000000522
1507,4398355.24,4582314.0,16.604240000000225,6.070030000000261
1508,4398314.84,4582314.0,16.56383999999985,6.070030000000261
1509,4398274.44,4582314.0,16.52344000000041,6.070030000000261
1510,4398234.04,4582314.0,16.483040000000038,6.070030000000261
1511,4398193.64,4582314.0,16.442639999999663,6.070030000000261
1512,4398153.24,4582314.0,16.402240000000223,6.070030000000261
1513,4398112.84,4582314.0,16.36183999999985,6.070030000000261
1514,4398072.44,4582314.0,16.32144000000041,6.070030000000261
1515,4398032.04,4582314.0,16.281040000000036,6.070030000000261
1516,4397991.64,4582314.0,16.240639999999665,6.070030000000261
1517,4397951.24,4582314.0,16.200240000000225,6.070030000000261
1518,4397910.84,4582314.0,16.15983999999985,6.070030000000261
1519,4397870.44,4582314.0,16.11944000000041,6.070030000000261
1520,4397830.04,4582314.0,16.079040000000038,6.070030000000261
1521,4397789.65,4582401.97,16.038650000000374,6.158
1522,4397749.25,4582401.97,15.99825,6.158
1523,4397708.85,4582401.97,15.957849999999627,6.158
1524,4397668.45,4582401.97,15.917450000000187,6.158
1525,4397628.05,4582401.97,15.877049999999814,6.158
1526,4397587.65,4582401.97,15.836650000000372,6.158
1527,4397547.25,4582401.97,15.79625,6.158
1528,4397506.85,4582401.97,15.755849999999628,6.158
1529,4397466.45,4582401.97,15.715450000000187,6.158
1530,4397426.05,4582401.97,15.675049999999814,6.158
1531,4397385.65,4582401.97,15.634650000000372,6.158
1532,4397345.25,4582401.97,15.59425,6.158
1533,4397304.85,4582401.97,15.553849999999628,6.158
1534,4397264.45,4582401.97,15.513450000000187,6.158
1535,4397224.05,4582401.97,15.473049999999814,6.158
1536,4397183.65,4582401.97,15.432650000000372,6.158
1537,4397143.25,4582489.94,15.39225,6.24597000000067
1538,4397102.85,4582489.94,15.351849999999628,6.24597000000067
1539,4397062.45,4582489.94,15.311450000000185,6.24597000000067
1540,4397022.05,4582489.94,15.271049999999814,6.24597000000067
1541,4396981.65,4582489.94,15.230650000000372,6.24597000000067
1542,4396941.25,4582401.97,15.19025,6.158
1543,4396900.85,4582489.94,15.149849999999628,6.24597000000067
1544,4396860.45,4582489.94,15.109450000000185,6.24597000000067
1545,4396820.05,4582489.94,15.069049999999814,6.24597000000067
1546,4396779.65,4582577.91,15.028650000000372,6.33394000000041
1547,4396739.26,4582577.91,14.988259999999777,6.33394000000041
1548,4396698.86,4582577.91,14.947860000000336,6.33394000000041
1549,4396658.46,4582665.88,14.907459999999963,6.421910000000149
1550,4396618.06,4582665.88,14.86705999999959,6.421910000000149
1551,4396577.66,4582753.85,14.82666000000015,6.509879999999888
1552,4396537.26,4582753.85,14.786259999999777,6.509879999999888
1553,4396496.86,4582841.82,14.745860000000336,6.597850000000559
1554,4396537.26,4582929.8,14.786259999999777,6.685830000000075
1555,4396537.26,4583017.77,14.786259999999777,6.773799999999814
1556,4396577.66,4583105.74,14.82666000000015,6.861770000000484
1557,4396618.06,4583105.74,14.86705999999959,6.861770000000484
1558,4396658.46,4583105.74,14.907459999999963,6.861770000000484
1559,4396698.86,4583105.74,14.947860000000336,6.861770000000484
1560,4396739.26,4583193.71,14.988259999999777,6.949740000000223
1561,4396779.65,4583193.71,15.028650000000372,6.949740000000223
1562,4396820.05,4583105.74,15.069049999999814,6.861770000000484
1563,4396860.45,4583105.74,15.109450000000185,6.861770000000484
1564,4396900.85,4583193.71,15.149849999999628,6.949740000000223
1565,4396941.25,4583193.71,15.19025,6.949740000000223
1566,4396981.65,4583281.68,15.230650000000372,7.037709999999962
1567,4397022.05,4583281.68,15.271049999999814,7.037709999999962
1568,4397062.45,4583281.68,15.311450000000185,7.037709999999962
1569,4397102.85,4583193.71,15.351849999999628,6.949740000000223
1570,4397143.25,4583281.68,15.39225,7.037709999999962
1571,4397183.65,4583369.65,15.432650000000372,7.125680000000633
1572,4397224.05,4583457.62,15.473049999999814,7.2136500000003725
1573,4397264.45,4583457.62,15.513450000000187,7.2136500000003725
1574,4397304.85,4583457.62,15.553849999999628,7.2136500000003725
1575,4397345.25,4583457.62,15.59425,7.2136500000003725
1576,4397385.65,4583457.62,15.634650000000372,7.2136500000003725
1577,4397385.65,4583545.6,15.634650000000372,7.301629999999888
1578,4397426.05,4583633.57,15.675049999999814,7.389600000000558
1579,4397466.45,4583633.57,15.715450000000187,7.389600000000558
1580,4397506.85,4583721.54,15.755849999999628,7.477570000000298
1581,4397547.25,4583809.51,15.79625,7.565540000000038
1582,4397587.65,4583809.51,15.836650000000372,7.565540000000038
1583,4397628.05,4583809.51,15.877049999999814,7.565540000000038
1584,4397668.45,4583897.48,15.917450000000187,7.653510000000708
1585,4397708.85,4583985.45,15.957849999999627,7.741480000000447
1586,4397749.25,4583985.45,15.99825,7.741480000000447
1587,4397789.65,4583985.45,16.038650000000374,7.741480000000447
1588,4397789.65,4584073.42,16.038650000000374,7.829450000000186
1589,4397830.04,4584161.4,16.079040000000038,7.917430000000634
1590,4397870.44,4584161.4,16.11944000000041,7.917430000000634
1591,4397910.84,4584161.4,16.15983999999985,7.917430000000634
1592,4397951.24,4584161.4,16.200240000000225,7.917430000000634
1593,4397951.24,4584249.37,16.200240000000225,8.005400000000373
1594,4397991.64,4584337.34,16.240639999999665,8.093370000000112
1595,4398032.04,4584425.31,16.281040000000036,8.181339999999851
1596,4398072.44,4584425.31,16.32144000000041,8.181339999999851
1597,4398112.84,4584513.28,16.36183999999985,8.269310000000521
1598,4398153.24,4584425.31,16.402240000000223,8.181339999999851
1599,4398153.24,4584337.34,16.402240000000223,8.093370000000112
1600,4398153.24,4584249.37,16.402240000000223,8.005400000000373
1601,4398193.64,4584249.37,16.442639999999663,8.005400000000373
1602,4398193.64,4584337.34,16.442639999999663,8.093370000000112
1603,4398153.24,4584425.31,16.402240000000223,8.181339999999851
1604,4398193.64,4584513.28,16.442639999999663,8.269310000000521
1605,4398234.04,4584601.25,16.483040000000038,8.35728000000026
1606,4398274.44,4584689.22,16.52344000000041,8.44525
1607,4398314.84,4584777.2,16.56383999999985,8.533230000000447
1608,4398355.24,4584865.17,16.604240000000225,8.621200000000186
1609,4398395.64,4584777.2,16.644639999999665,8.533230000000447
1610,4398395.64,4584865.17,16.644639999999665,8.621200000000186
1611,4398436.04,4584953.14,16.685040000000036,8.709169999999926
1612,4398476.44,4584953.14,16.72544000000041,8.709169999999926
1613,4398516.84,4584953.14,16.76583999999985,8.709169999999926
1614,4398557.24,4585041.11,16.806240000000223,8.797140000000596
1615,4398597.64,4585041.11,16.846639999999663,8.797140000000596
1616,4398638.04,4585041.11,16.887040000000038,8.797140000000596
1617,4398638.04,4585129.08,16.887040000000038,8.885110000000335
1618,4398678.44,4585217.05,16.92744000000041,8.973080000000074
1619,4398718.84,4585217.05,16.96783999999985,8.973080000000074
1620,4398759.24,4585305.02,17.008240000000225,9.061049999999813
1621,4398799.64,4585305.02,17.048639999999665,9.061049999999813
1622,4398840.04,4585392.99,17.089040000000036,9.149020000000485
1623,4398880.43,4585305.02,17.1294299999997,9.061049999999813
1624,4398920.83,4585217.05,17.169830000000076,8.973080000000074
1625,4398920.83,4585305.02,17.169830000000076,9.061049999999813
1626,4398961.23,4585392.99,17.210230000000447,9.149020000000485
1627,4399001.63,4585392.99,17.250629999999887,9.149020000000485
1628,4398961.23,4585480.97,17.210230000000447,9.237
1629,4399001.63,4585568.94,17.250629999999887,9.32497000000067
1630,4399042.03,4585568.94,17.291030000000262,9.32497000000067
1631,4399082.43,4585656.91,17.331429999999703,9.41294000000041
1632,4399122.83,4585744.88,17.371830000000074,9.500910000000149
1633,4399163.23,4585744.88,17.41223000000045,9.500910000000149
1634,4399203.63,4585832.85,17.45262999999989,9.588879999999888
1635,4399244.03,4585920.82,17.49303000000026,9.67685000000056
1636,4399284.43,4585920.82,17.5334299999997,9.67685000000056
1637,4399324.83,4586008.79,17.573830000000076,9.764820000000299
1638,4399365.23,4586008.79,17.614230000000447,9.764820000000299
1639,4399405.63,4586096.77,17.654629999999887,9.852799999999814
1640,4399446.03,4586184.74,17.695030000000262,9.940770000000484
1641,4399486.43,4586272.71,17.735429999999702,10.028740000000223
1642,4399486.43,4586360.68,17.735429999999702,10.116709999999962
1643,4399526.83,4586448.65,17.775830000000074,10.204680000000634
1644,4399567.23,4586536.62,17.81623000000045,10.292650000000373
1645,4399607.63,4586624.59,17.85662999999989,10.380620000000112
1646,4399648.03,4586712.57,17.89703000000026,10.468600000000558
1647,4399648.03,4586800.54,17.89703000000026,10.556570000000297
1648,4399648.03,4586888.51,17.89703000000026,10.644540000000037
1649,4399688.43,4586976.48,17.9374299999997,10.732510000000708
1650,4399728.83,4587064.45,17.977830000000075,10.820480000000448
1651,4399769.23,4587152.42,18.018230000000447,10.908450000000187
1652,4399728.83,4587240.39,17.977830000000075,10.996419999999926
1653,4399728.83,4587328.37,17.977830000000075,11.084400000000372
1654,4399728.83,4587416.34,17.977830000000075,11.172370000000111
1655,4399728.83,4587504.31,17.977830000000075,11.26033999999985
1656,4399728.83,4587592.28,17.977830000000075,11.348310000000522
1657,4399688.43,4587680.25,17.9374299999997,11.436280000000261
1658,4399688.43,4587768.22,17.9374299999997,11.52425
1659,4399648.03,4587768.22,17.89703000000026,11.52425
1660,4399607.63,4587856.19,17.85662999999989,11.61222000000067
1661,4399567.23,4587944.16,17.81623000000045,11.70019000000041
1662,4399526.83,4587856.19,17.775830000000074,11.61222000000067
1663,4399486.43,4587944.16,17.735429999999702,11.70019000000041
1664,4399446.03,4587856.19,17.695030000000262,11.61222000000067
1665,4399405.63,4587856.19,17.654629999999887,11.61222000000067
1666,4399365.23,4587768.22,17.614230000000447,11.52425
1667,4399324.83,4587768.22,17.573830000000076,11.52425
1668,4399284.43,4587768.22,17.5334299999997,11.52425
1669,4399284.43,4587680.25,17.5334299999997,11.436280000000261
1670,4399244.03,4587592.28,17.49303000000026,11.348310000000522
1671,4399203.63,4587592.28,17.45262999999989,11.348310000000522
1672,4399163.23,4587592.28,17.41223000000045,11.348310000000522
1673,4399203.63,4587504.31,17.45262999999989,11.26033999999985
1674,4399203.63,4587416.34,17.45262999999989,11.172370000000111
1675,4399163.23,4587328.37,17.41223000000045,11.084400000000372
1676,4399163.23,4587240.39,17.41223000000045,10.996419999999926
1677,4399122.83,4587152.42,17.371830000000074,10.908450000000187
1678,4399082.43,4587064.45,17.331429999999703,10.820480000000448
1679,4399082.43,4586976.48,17.331429999999703,10.732510000000708
1680,4399042.03,4586888.51,17.291030000000262,10.644540000000037
1681,4399001.63,4586888.51,17.250629999999887,10.644540000000037
1682,4399001.63,4586800.54,17.250629999999887,10.556570000000297
1683,4398961.23,4586712.57,17.210230000000447,10.468600000000558
1684,4398920.83,4586712.57,17.169830000000076,10.468600000000558
1685,4398961.23,4586624.59,17.210230000000447,10.380620000000112
1686,4398920.83,4586536.62,17.169830000000076,10.292650000000373
1687,4398880.43,4586448.65,17.1294299999997,10.204680000000634
1688,4398840.04,4586360.68,17.089040000000036,10.116709999999962
1689,4398799.64,4586360.68,17.048639999999665,10.116709999999962
1690,4398759.24,4586272.71,17.008240000000225,10.028740000000223
1691,4398718.84,4586272.71,16.96783999999985,10.028740000000223
1692,4398678.44,4586272.71,16.92744000000041,10.028740000000223
1693,4398638.04,4586272.71,16.887040000000038,10.028740000000223
1694,4398597.64,4586184.74,16.846639999999663,9.940770000000484
1695,4398557.24,4586184.74,16.806240000000223,9.940770000000484
1696,4398516.84,4586184.74,16.76583999999985,9.940770000000484
1697,4398476.44,4586184.74,16.72544000000041,9.940770000000484
1698,4398476.44,4586096.77,16.72544000000041,9.852799999999814
1699,4398436.04,4586008.79,16.685040000000036,9.764820000000299
1700,4398395.64,4586008.79,16.644639999999665,9.764820000000299
1701,4398355.24,4586008.79,16.604240000000225,9.764820000000299
1702,4398314.84,4585920.82,16.56383999999985,9.67685000000056
1703,4398274.44,4585920.82,16.52344000000041,9.67685000000056
1704,4398234.04,4586008.79,16.483040000000038,9.764820000000299
1705,4398193.64,4585920.82,16.442639999999663,9.67685000000056
1706,4398153.24,4585920.82,16.402240000000223,9.67685000000056
1707,4398112.84,4585920.82,16.36183999999985,9.67685000000056
1708,4398072.44,4585920.82,16.32144000000041,9.67685000000056
1709,4398032.04,4585920.82,16.281040000000036,9.67685000000056
1710,4397991.64,4585920.82,16.240639999999665,9.67685000000056
1711,4397951.24,4585920.82,16.200240000000225,9.67685000000056
1712,4397910.84,4585920.82,16.15983999999985,9.67685000000056
1713,4397870.44,4585920.82,16.11944000000041,9.67685000000056
1714,4397830.04,4585920.82,16.079040000000038,9.67685000000056
1715,4397789.65,4585920.82,16.038650000000374,9.67685000000056
1716,4397749.25,4585920.82,15.99825,9.67685000000056
1717,4397708.85,4585920.82,15.957849999999627,9.67685000000056
1718,4397668.45,4585920.82,15.917450000000187,9.67685000000056
1719,4397628.05,4585920.82,15.877049999999814,9.67685000000056
1720,4397587.65,4585920.82,15.836650000000372,9.67685000000056
1721,4397547.25,4585920.82,15.79625,9.67685000000056
1722,4397506.85,4586008.79,15.755849999999628,9.764820000000299
1723,4397466.45,4586008.79,15.715450000000187,9.764820000000299
1724,4397426.05,4586008.79,15.675049999999814,9.764820000000299
1725,4397385.65,4586008.79,15.634650000000372,9.764820000000299
1726,4397345.25,4586008.79,15.59425,9.764820000000299
1727,4397304.85,4586008.79,15.553849999999628,9.764820000000299
1728,4397264.45,4586008.79,15.513450000000187,9.764820000000299
1729,4397224.05,4586008.79,15.473049999999814,9.764820000000299
1730,4397183.65,4586008.79,15.432650000000372,9.764820000000299
1731,4397143.25,4586096.77,15.39225,9.852799999999814
1732,4397102.85,4586096.77,15.351849999999628,9.852799999999814
1733,4397062.45,4586184.74,15.311450000000185,9.940770000000484
1734,4397062.45,4586272.71,15.311450000000185,10.028740000000223
1735,4397022.05,4586272.71,15.271049999999814,10.028740000000223
1736,4396981.65,4586272.71,15.230650000000372,10.028740000000223
1737,4396941.25,4586184.74,15.19025,9.940770000000484
1738,4396900.85,4586184.74,15.149849999999628,9.940770000000484
1739,4396860.45,4586272.71,15.109450000000185,10.028740000000223
1740,4396860.45,4586360.68,15.109450000000185,10.116709999999962
1741,4396820.05,4586272.71,15.069049999999814,10.028740000000223
1742,4396779.65,4586360.68,15.028650000000372,10.116709999999962
1743,4396739.26,4586448.65,14.988259999999777,10.204680000000634
1744,4396698.86,4586448.65,14.947860000000336,10.204680000000634
1745,4396658.46,4586448.65,14.907459999999963,10.204680000000634
1746,4396618.06,4586536.62,14.86705999999959,10.292650000000373
1747,4396658.46,4586624.59,14.907459999999963,10.380620000000112
1748,4396658.46,4586712.57,14.907459999999963,10.468600000000558
1749,4396618.06,4586624.59,14.86705999999959,10.380620000000112
1750,4396577.66,4586536.62,14.82666000000015,10.292650000000373
1751,4396537.26,4586624.59,14.786259999999777,10.380620000000112
1752,4396496.86,4586712.57,14.745860000000336,10.468600000000558
1753,4396496.86,4586800.54,14.745860000000336,10.556570000000297
1754,4396456.46,4586712.57,14.705459999999963,10.468600000000558
1755,4396416.06,4586712.57,14.66505999999959,10.468600000000558
1756,4396375.66,4586800.54,14.62466000000015,10.556570000000297
1757,4396335.26,4586888.51,14.584259999999777,10.644540000000037
1758,4396294.86,4586888.51,14.543860000000334,10.644540000000037
1759,4396254.46,4586976.48,14.503459999999963,10.732510000000708
1760,4396254.46,4587064.45,14.503459999999963,10.820480000000448
1761,4396254.46,4587152.42,14.503459999999963,10.908450000000187
1762,4396214.06,4587064.45,14.46305999999959,10.820480000000448
1763,4396173.66,4587064.45,14.42266000000015,10.820480000000448
1764,4396133.26,4587064.45,14.382259999999777,10.820480000000448
1765,4396092.86,4587152.42,14.341860000000334,10.908450000000187
1766,4396052.46,4587152.42,14.301459999999963,10.908450000000187
1767,4396012.06,4587240.39,14.26105999999959,10.996419999999926
1768,4395971.66,4587240.39,14.22066000000015,10.996419999999926
1769,4395931.26,4587328.37,14.180259999999777,11.084400000000372
1770,4395890.86,4587328.37,14.139860000000334,11.084400000000372
1771,4395850.46,4587416.34,14.099459999999963,11.172370000000111
1772,4395810.06,4587416.34,14.05905999999959,11.172370000000111
1773,4395769.66,4587416.34,14.01866000000015,11.172370000000111
1774,4395729.27,4587416.34,13.978269999999553,11.172370000000111
1775,4395688.87,4587416.34,13.937870000000112,11.172370000000111
1776,4395648.47,4587416.34,13.897469999999739,11.172370000000111
1777,4395608.07,4587416.34,13.857070000000299,11.172370000000111
1778,4395567.67,4587416.34,13.816669999999926,11.172370000000111
1779,4395527.27,4587504.31,13.776269999999553,11.26033999999985
1780,4395486.87,4587592.28,13.735870000000112,11.348310000000522
1781,4395446.47,4587592.28,13.69546999999974,11.348310000000522
1782,4395406.07,4587592.28,13.655070000000299,11.348310000000522
1783,4395365.67,4587592.28,13.614669999999926,11.348310000000522
1784,4395325.27,4587592.28,13.574269999999553,11.348310000000522
1785,4395284.87,4587592.28,13.533870000000112,11.348310000000522
1786,4395244.47,4587592.28,13.49346999999974,11.348310000000522
1787,4395204.07,4587592.28,13.453070000000299,11.348310000000522
1788,4395163.67,4587680.25,13.412669999999926,11.436280000000261
1789,4395123.27,4587768.22,13.372269999999553,11.52425
1790,4395082.87,4587768.22,13.331870000000112,11.52425
1791,4395042.47,4587768.22,13.29146999999974,11.52425
1792,4395002.07,4587768.22,13.251070000000299,11.52425
1793,4394961.67,4587856.19,13.210669999999926,11.61222000000067
1794,4394921.27,4587856.19,13.170269999999553,11.61222000000067
1795,4394880.87,4587944.16,13.129870000000112,11.70019000000041
1796,4394840.47,4587944.16,13.08946999999974,11.70019000000041
1797,4394800.07,4588032.14,13.049070000000299,11.788169999999926
1798,4394759.67,4588120.11,13.008669999999926,11.876140000000596
1799,4394719.27,4588208.08,12.968269999999553,11.964110000000336
1800,4394719.27,4588296.05,12.968269999999553,12.052080000000075
1801,4394678.88,4588296.05,12.927879999999888,12.052080000000075
1802,4394638.48,4588296.05,12.887480000000448,12.052080000000075
1803,4394598.08,4588384.02,12.847080000000075,12.140049999999814
1804,4394557.68,4588471.99,12.806679999999702,12.228020000000484
1805,4394517.28,4588471.99,12.766280000000261,12.228020000000484
1806,4394476.88,4588471.99,12.725879999999888,12.228020000000484
1807,4394436.48,4588559.96,12.685480000000448,12.315990000000223
1808,4394396.08,4588647.94,12.645080000000075,12.40397000000067
1809,4394355.68,4588647.94,12.604679999999702,12.40397000000067
1810,4394315.28,4588735.91,12.564280000000261,12.49194000000041
1811,4394274.88,4588823.88,12.523879999999888,12.57991000000015
1812,4394234.48,4588735.91,12.483480000000448,12.49194000000041
1813,4394194.08,4588823.88,12.443080000000075,12.57991000000015
1814,4394153.68,4588823.88,12.402679999999702,12.57991000000015
1815,4394113.28,4588911.85,12.362280000000261,12.667879999999888
1816,4394072.88,4588999.82,12.321879999999888,12.755850000000558
1817,4394032.48,4588999.82,12.281480000000448,12.755850000000558
1818,4393992.08,4588999.82,12.241080000000075,12.755850000000558
1819,4393951.68,4588999.82,12.200679999999702,12.755850000000558
1820,4393911.28,4588999.82,12.160280000000261,12.755850000000558
1821,4393870.88,4589087.79,12.119879999999888,12.843820000000298
1822,4393870.88,4589175.76,12.119879999999888,12.931790000000037
1823,4393830.48,4589175.76,12.079480000000448,12.931790000000037
1824,4393790.08,4589175.76,12.039080000000075,12.931790000000037
1825,4393749.68,4589175.76,11.998679999999702,12.931790000000037
1826,4393709.28,4589263.74,11.958280000000261,13.019770000000484
1827,4393709.28,4589351.71,11.958280000000261,13.107740000000224
1828,4393668.88,4589351.71,11.917879999999888,13.107740000000224
1829,4393628.49,4589351.71,11.877490000000224,13.107740000000224
1830,4393588.09,4589439.68,11.83708999999985,13.195709999999963
1831,4393547.69,4589527.65,11.79669000000041,13.283680000000633
1832,4393507.29,4589527.65,11.756290000000037,13.283680000000633
1833,4393466.89,4589615.62,11.715889999999664,13.371650000000372
1834,4393426.49,4589703.59,11.675490000000224,13.459620000000111
1835,4393426.49,4589791.56,11.675490000000224,13.54758999999985
1836,4393386.09,4589791.56,11.63508999999985,13.54758999999985
1837,4393345.69,4589879.54,11.59469000000041,13.635570000000298
1838,4393345.69,4589967.51,11.59469000000041,13.723540000000037
1839,4393305.29,4590055.48,11.554290000000037,13.811510000000707
1840,4393264.89,4590143.45,11.513889999999664,13.899480000000446
1841,4393264.89,4590231.42,11.513889999999664,13.987450000000186
1842,4393224.49,4590319.39,11.473490000000224,14.075419999999925
1843,4393224.49,4590407.36,11.473490000000224,14.163390000000597
1844,4393184.09,4590495.34,11.43308999999985,14.251370000000112
1845,4393184.09,4590583.31,11.43308999999985,14.33933999999985
1846,4393143.69,4590671.28,11.39269000000041,14.42731000000052
1847,4393143.69,4590759.25,11.39269000000041,14.51528000000026
1848,4393103.29,4590847.22,11.352290000000037,14.60325
1849,4393103.29,4590935.19,11.352290000000037,14.691220000000671
1850,4393143.69,4591023.16,11.39269000000041,14.77919000000041
1851,4393103.29,4591111.13,11.352290000000037,14.86716000000015
1852,4393103.29,4591199.11,11.352290000000037,14.955140000000595
1853,4393143.69,4591287.08,11.39269000000041,15.043110000000336
1854,4393184.09,4591375.05,11.43308999999985,15.131080000000075
1855,4393224.49,4591375.05,11.473490000000224,15.131080000000075
1856,4393264.89,4591375.05,11.513889999999664,15.131080000000075
1857,4393305.29,4591287.08,11.554290000000037,15.043110000000336
1858,4393345.69,4591375.05,11.59469000000041,15.131080000000075
1859,4393386.09,4591375.05,11.63508999999985,15.131080000000075
1860,4393426.49,4591375.05,11.675490000000224,15.131080000000075
1861,4393466.89,4591375.05,11.715889999999664,15.131080000000075
1862,4393507.29,4591375.05,11.756290000000037,15.131080000000075
1863,4393547.69,4591463.02,11.79669000000041,15.219049999999815
1864,4393588.09,4591463.02,11.83708999999985,15.219049999999815
1865,4393628.49,4591463.02,11.877490000000224,15.219049999999815
1866,4393668.88,4591463.02,11.917879999999888,15.219049999999815
1867,4393709.28,4591463.02,11.958280000000261,15.219049999999815
1868,4393749.68,4591463.02,11.998679999999702,15.219049999999815
1869,4393790.08,4591463.02,12.039080000000075,15.219049999999815
1870,4393830.48,4591463.02,12.079480000000448,15.219049999999815
1871,4393870.88,4591550.99,12.119879999999888,15.307020000000485
1872,4393911.28,4591550.99,12.160280000000261,15.307020000000485
1873,4393951.68,4591463.02,12.200679999999702,15.219049999999815
1874,4393992.08,4591463.02,12.241080000000075,15.219049999999815
1875,4394032.48,4591550.99,12.281480000000448,15.307020000000485
1876,4394072.88,4591550.99,12.321879999999888,15.307020000000485
1877,4394113.28,4591550.99,12.362280000000261,15.307020000000485
1878,4394153.68,4591550.99,12.402679999999702,15.307020000000485
1879,4394194.08,4591550.99,12.443080000000075,15.307020000000485
1880,4394234.48,4591550.99,12.483480000000448,15.307020000000485
1881,4394274.88,4591550.99,12.523879999999888,15.307020000000485
1882,4394315.28,4591550.99,12.564280000000261,15.307020000000485
1883,4394355.68,4591550.99,12.604679999999702,15.307020000000485
1884,4394396.08,4591550.99,12.645080000000075,15.307020000000485
1885,4394436.48,4591550.99,12.685480000000448,15.307020000000485
1886,4394476.88,4591550.99,12.725879999999888,15.307020000000485
1887,4394517.28,4591550.99,12.766280000000261,15.307020000000485
1888,4394557.68,4591550.99,12.806679999999702,15.307020000000485
1889,4394598.08,4591550.99,12.847080000000075,15.307020000000485
1890,4394638.48,4591550.99,12.887480000000448,15.307020000000485
1891,4394678.88,4591550.99,12.927879999999888,15.307020000000485
1892,4394719.27,4591550.99,12.968269999999553,15.307020000000485
1893,4394759.67,4591550.99,13.008669999999926,15.307020000000485
1894,4394800.07,4591638.96,13.049070000000299,15.394990000000224
1895,4394840.47,4591550.99,13.08946999999974,15.307020000000485
1896,4394880.87,4591638.96,13.129870000000112,15.394990000000224
1897,4394921.27,4591638.96,13.170269999999553,15.394990000000224
1898,4394961.67,4591638.96,13.210669999999926,15.394990000000224
1899,4395002.07,4591638.96,13.251070000000299,15.394990000000224
1900,4395042.47,4591638.96,13.29146999999974,15.394990000000224
1901,4395082.87,4591726.93,13.331870000000112,15.482959999999963
1902,4395123.27,4591726.93,13.372269999999553,15.482959999999963
1903,4395163.67,4591726.93,13.412669999999926,15.482959999999963
1904,4395204.07,4591726.93,13.453070000000299,15.482959999999963
1905,4395244.47,4591726.93,13.49346999999974,15.482959999999963
1906,4395284.87,4591726.93,13.533870000000112,15.482959999999963
1907,4395325.27,4591726.93,13.574269999999553,15.482959999999963
1908,4395365.67,4591726.93,13.614669999999926,15.482959999999963
1909,4395406.07,4591726.93,13.655070000000299,15.482959999999963
1910,4395446.47,4591726.93,13.69546999999974,15.482959999999963
1911,4395486.87,4591726.93,13.735870000000112,15.482959999999963
1912,4395527.27,4591726.93,13.776269999999553,15.482959999999963
1913,4395567.67,4591726.93,13.816669999999926,15.482959999999963
1914,4395608.07,4591726.93,13.857070000000299,15.482959999999963
1915,4395648.47,4591726.93,13.897469999999739,15.482959999999963
1916,4395688.87,4591726.93,13.937870000000112,15.482959999999963
1917,4395729.27,4591726.93,13.978269999999553,15.482959999999963
1918,4395769.66,4591726.93,14.01866000000015,15.482959999999963
1919,4395810.06,4591726.93,14.05905999999959,15.482959999999963
1920,4395850.46,4591726.93,14.099459999999963,15.482959999999963
1921,4395890.86,4591726.93,14.139860000000334,15.482959999999963
1922,4395931.26,4591726.93,14.180259999999777,15.482959999999963
1923,4395971.66,4591726.93,14.22066000000015,15.482959999999963
1924,4396012.06,4591726.93,14.26105999999959,15.482959999999963
1925,4396052.46,4591726.93,14.301459999999963,15.482959999999963
1926,4396092.86,4591726.93,14.341860000000334,15.482959999999963
1927,4396133.26,4591726.93,14.382259999999777,15.482959999999963
1928,4396173.66,4591726.93,14.42266000000015,15.482959999999963
1929,4396214.06,4591726.93,14.46305999999959,15.482959999999963
1930,4396254.46,4591726.93,14.503459999999963,15.482959999999963
1931,4396294.86,4591726.93,14.543860000000334,15.482959999999963
1932,4396335.26,4591726.93,14.584259999999777,15.482959999999963
1933,4396375.66,4591726.93,14.62466000000015,15.482959999999963
1934,4396416.06,4591726.93,14.66505999999959,15.482959999999963
1935,4396456.46,4591726.93,14.705459999999963,15.482959999999963
1936,4396496.86,4591726.93,14.745860000000336,15.482959999999963
1937,4396537.26,4591726.93,14.786259999999777,15.482959999999963
1938,4396577.66,4591726.93,14.82666000000015,15.482959999999963
1939,4396618.06,4591726.93,14.86705999999959,15.482959999999963
1940,4396658.46,4591726.93,14.907459999999963,15.482959999999963
1941,4396698.86,4591726.93,14.947860000000336,15.482959999999963
1942,4396739.26,4591726.93,14.988259999999777,15.482959999999963
1943,4396779.65,4591726.93,15.028650000000372,15.482959999999963
1944,4396820.05,4591726.93,15.069049999999814,15.482959999999963
1945,4396860.45,4591726.93,15.109450000000185,15.482959999999963
1946,4396900.85,4591726.93,15.149849999999628,15.482959999999963
1947,4396941.25,4591814.91,15.19025,15.57094000000041
1948,4396981.65,4591814.91,15.230650000000372,15.57094000000041
1949,4397022.05,4591814.91,15.271049999999814,15.57094000000041
1950,4397062.45,4591814.91,15.311450000000185,15.57094000000041
1951,4397102.85,4591814.91,15.351849999999628,15.57094000000041
1952,4397143.25,4591814.91,15.39225,15.57094000000041
1953,4397183.65,4591726.93,15.432650000000372,15.482959999999963
1954,4397183.65,4591814.91,15.432650000000372,15.57094000000041
1955,4397224.05,4591902.88,15.473049999999814,15.65891000000015
1956,4397264.45,4591902.88,15.513450000000187,15.65891000000015
1957,4397304.85,4591902.88,15.553849999999628,15.65891000000015
1958,4397345.25,4591902.88,15.59425,15.65891000000015
1959,4397385.65,4591902.88,15.634650000000372,15.65891000000015
1960,4397426.05,4591902.88,15.675049999999814,15.65891000000015
1961,4397466.45,4591902.88,15.715450000000187,15.65891000000015
1962,4397506.85,4591902.88,15.755849999999628,15.65891000000015
1963,4397547.25,4591990.85,15.79625,15.746879999999889
1964,4397587.65,4591990.85,15.836650000000372,15.746879999999889
1965,4397628.05,4591990.85,15.877049999999814,15.746879999999889
1966,4397668.45,4592078.82,15.917450000000187,15.834850000000559
1967,4397708.85,4591990.85,15.957849999999627,15.746879999999889
1968,4397749.25,4592078.82,15.99825,15.834850000000559
1969,4397789.65,4592078.82,16.038650000000374,15.834850000000559
1970,4397789.65,4592166.79,16.038650000000374,15.922820000000298
1971,4397830.04,4592254.76,16.079040000000038,16.010790000000036
1972,4397870.44,4592254.76,16.11944000000041,16.010790000000036
1973,4397910.84,4592342.73,16.15983999999985,16.09876000000071
1974,4397951.24,4592254.76,16.200240000000225,16.010790000000036
1975,4397951.24,4592342.73,16.200240000000225,16.09876000000071
1976,4397991.64,4592430.71,16.240639999999665,16.186740000000224
1977,4397991.64,4592518.68,16.240639999999665,16.274709999999963
1978,4397991.64,4592606.65,16.240639999999665,16.362680000000633
1979,4398032.04,4592694.62,16.281040000000036,16.450650000000373
1980,4397991.64,4592694.62,16.240639999999665,16.450650000000373
1981,4397951.24,4592782.59,16.200240000000225,16.538620000000112
1982,4397910.84,4592870.56,16.15983999999985,16.62658999999985
1983,4397951.24,4592958.53,16.200240000000225,16.71456000000052
1984,4397910.84,4592958.53,16.15983999999985,16.71456000000052
1985,4397870.44,4592958.53,16.11944000000041,16.71456000000052
1986,4397830.04,4593046.51,16.079040000000038,16.802540000000036
1987,4397789.65,4593046.51,16.038650000000374,16.802540000000036
1988,4397749.25,4593046.51,15.99825,16.802540000000036
1989,4397708.85,4593046.51,15.957849999999627,16.802540000000036
1990,4397668.45,4593046.51,15.917450000000187,16.802540000000036
1991,4397628.05,4592958.53,15.877049999999814,16.71456000000052
1992,4397587.65,4592958.53,15.836650000000372,16.71456000000052
1993,4397547.25,4592958.53,15.79625,16.71456000000052
1994,4397506.85,4592958.53,15.755849999999628,16.71456000000052
1995,4397466.45,4592870.56,15.715450000000187,16.62658999999985
1996,4397426.05,4592870.56,15.675049999999814,16.62658999999985
1997,4397385.65,4592870.56,15.634650000000372,16.62658999999985
1998,4397345.25,4592870.56,15.59425,16.62658999999985
1999,4397304.85,4592958.53,15.553849999999628,16.71456000000052
2000,4397264.45,4592870.56,15.513450000000187,16.62658999999985
2001,4397224.05,4592870.56,15.473049999999814,16.62658999999985
2002,4397183.65,4592782.59,15.432650000000372,16.538620000000112
2003,4397143.25,4592782.59,15.39225,16.538620000000112
2004,4397102.85,4592870.56,15.351849999999628,16.62658999999985
2005,4397062.45,4592782.59,15.311450000000185,16.538620000000112
2006,4397022.05,4592694.62,15.271049999999814,16.450650000000373
2007,4396981.65,4592694.62,15.230650000000372,16.450650000000373
2008,4396941.25,4592694.62,15.19025,16.450650000000373
2009,4396900.85,4592694.62,15.149849999999628,16.450650000000373
2010,4396860.45,4592694.62,15.109450000000185,16.450650000000373
2011,4396820.05,4592694.62,15.069049999999814,16.450650000000373
2012,4396779.65,4592606.65,15.028650000000372,16.362680000000633
2013,4396739.26,4592694.62,14.988259999999777,16.450650000000373
2014,4396739.26,4592606.65,14.988259999999777,16.362680000000633
2015,4396698.86,4592518.68,14.947860000000336,16.274709999999963
2016,4396658.46,4592518.68,14.907459999999963,16.274709999999963
2017,4396618.06,4592518.68,14.86705999999959,16.274709999999963
2018,4396577.66,4592518.68,14.82666000000015,16.274709999999963
2019,4396537.26,4592518.68,14.786259999999777,16.274709999999963
2020,4396496.86,4592518.68,14.745860000000336,16.274709999999963
2021,4396456.46,4592518.68,14.705459999999963,16.274709999999963
2022,4396416.06,4592518.68,14.66505999999959,16.274709999999963
2023,4396375.66,4592518.68,14.62466000000015,16.274709999999963
2024,4396335.26,4592518.68,14.584259999999777,16.274709999999963
2025,4396294.86,4592518.68,14.543860000000334,16.274709999999963
2026,4396254.46,4592518.68,14.503459999999963,16.274709999999963
2027,4396214.06,4592518.68,14.46305999999959,16.274709999999963
2028,4396173.66,4592518.68,14.42266000000015,16.274709999999963
2029,4396133.26,4592518.68,14.382259999999777,16.274709999999963
2030,4396092.86,4592518.68,14.341860000000334,16.274709999999963
2031,4396052.46,4592518.68,14.301459999999963,16.274709999999963
2032,4396012.06,4592518.68,14.26105999999959,16.274709999999963
2033,4395971.66,4592518.68,14.22066000000015,16.274709999999963
2034,4395931.26,4592518.68,14.180259999999777,16.274709999999963
2035,4395890.86,4592518.68,14.139860000000334,16.274709999999963
2036,4395850.46,4592518.68,14.099459999999963,16.274709999999963
2037,4395810.06,4592518.68,14.05905999999959,16.274709999999963
2038,4395769.66,4592606.65,14.01866000000015,16.362680000000633
2039,4395769.66,4592694.62,14.01866000000015,16.450650000000373
2040,4395729.27,4592606.65,13.978269999999553,16.362680000000633
2041,4395688.87,4592606.65,13.937870000000112,16.362680000000633
2042,4395648.47,4592694.62,13.897469999999739,16.450650000000373
2043,4395608.07,4592606.65,13.857070000000299,16.362680000000633
2044,4395567.67,4592694.62,13.816669999999926,16.450650000000373
2045,4395527.27,4592694.62,13.776269999999553,16.450650000000373
2046,4395486.87,4592606.65,13.735870000000112,16.362680000000633
2047,4395446.47,4592606.65,13.69546999999974,16.362680000000633
2048,4395406.07,4592606.65,13.655070000000299,16.362680000000633
2049,4395365.67,4592606.65,13.614669999999926,16.362680000000633
2050,4395325.27,4592606.65,13.574269999999553,16.362680000000633
2051,4395284.87,4592606.65,13.533870000000112,16.362680000000633
2052,4395244.47,4592694.62,13.49346999999974,16.450650000000373
2053,4395204.07,4592694.62,13.453070000000299,16.450650000000373
2054,4395163.67,4592694.62,13.412669999999926,16.450650000000373
2055,4395123.27,4592694.62,13.372269999999553,16.450650000000373
2056,4395082.87,4592694.62,13.331870000000112,16.450650000000373
2057,4395042.47,4592694.62,13.29146999999974,16.450650000000373
2058,4395002.07,4592694.62,13.251070000000299,16.450650000000373
2059,4394961.67,4592694.62,13.210669999999926,16.450650000000373
2060,4394921.27,4592694.62,13.170269999999553,16.450650000000373
2061,4394880.87,4592694.62,13.129870000000112,16.450650000000373
2062,4394840.47,4592694.62,13.08946999999974,16.450650000000373
2063,4394800.07,4592694.62,13.049070000000299,16.450650000000373
2064,4394759.67,4592782.59,13.008669999999926,16.538620000000112
2065,4394759.67,4592870.56,13.008669999999926,16.62658999999985
2066,4394719.27,4592782.59,12.968269999999553,16.538620000000112
2067,4394678.88,4592870.56,12.927879999999888,16.62658999999985
2068,4394638.48,4592870.56,12.887480000000448,16.62658999999985
2069,4394598.08,4592870.56,12.847080000000075,16.62658999999985
2070,4394557.68,4592958.53,12.806679999999702,16.71456000000052
2071,4394517.28,4592958.53,12.766280000000261,16.71456000000052
2072,4394476.88,4593046.51,12.725879999999888,16.802540000000036
2073,4394436.48,4593046.51,12.685480000000448,16.802540000000036
2074,4394396.08,4593046.51,12.645080000000075,16.802540000000036
2075,4394355.68,4593134.48,12.604679999999702,16.89051000000071
2076,4394315.28,4593134.48,12.564280000000261,16.89051000000071
2077,4394274.88,4593222.45,12.523879999999888,16.97848000000045
2078,4394234.48,4593222.45,12.483480000000448,16.97848000000045
2079,4394194.08,4593310.42,12.443080000000075,17.066450000000188
2080,4394153.68,4593310.42,12.402679999999702,17.066450000000188
2081,4394113.28,4593398.39,12.362280000000261,17.154419999999927
2082,4394072.88,4593398.39,12.321879999999888,17.154419999999927
2083,4394032.48,4593486.36,12.281480000000448,17.242390000000597
2084,4393992.08,4593574.33,12.241080000000075,17.330360000000336
2085,4393951.68,4593574.33,12.200679999999702,17.330360000000336
2086,4393911.28,4593662.3,12.160280000000261,17.418330000000076
2087,4393870.88,4593750.28,12.119879999999888,17.50631000000052
2088,4393830.48,4593750.28,12.079480000000448,17.50631000000052
2089,4393790.08,4593838.25,12.039080000000075,17.59428000000026
2090,4393749.68,4593926.22,11.998679999999702,17.68225
2091,4393709.28,4593926.22,11.958280000000261,17.68225
2092,4393668.88,4594014.19,11.917879999999888,17.77022000000067
2093,4393668.88,4594102.16,11.917879999999888,17.85819000000041
2094,4393628.49,4594102.16,11.877490000000224,17.85819000000041
2095,4393588.09,4594102.16,11.83708999999985,17.85819000000041
2096,4393547.69,4594190.13,11.79669000000041,17.946160000000148
2097,4393507.29,4594190.13,11.756290000000037,17.946160000000148
2098,4393466.89,4594278.1,11.715889999999664,18.034129999999887
2099,4393426.49,4594366.08,11.675490000000224,18.122110000000337
2100,4393386.09,4594366.08,11.63508999999985,18.122110000000337
2101,4393345.69,4594454.05,11.59469000000041,18.210080000000076
2102,4393305.29,4594542.02,11.554290000000037,18.298049999999815
2103,4393264.89,4594542.02,11.513889999999664,18.298049999999815
2104,4393224.49,4594629.99,11.473490000000224,18.386020000000485
2105,4393184.09,4594717.96,11.43308999999985,18.473990000000224
2106,4393143.69,4594805.93,11.39269000000041,18.561959999999964
2107,4393103.29,4594893.9,11.352290000000037,18.649930000000634
2108,4393062.89,4594893.9,11.311889999999664,18.649930000000634
2109,4393022.49,4594981.88,11.271490000000224,18.73791000000015
2110,4393022.49,4595069.85,11.271490000000224,18.825879999999888
2111,4392982.09,4595069.85,11.23108999999985,18.825879999999888
2112,4392941.69,4595157.82,11.19069000000041,18.913850000000558
2113,4392982.09,4595245.79,11.23108999999985,19.001820000000297
2114,4392941.69,4595245.79,11.19069000000041,19.001820000000297
2115,4392901.29,4595333.76,11.150290000000037,19.089790000000036
2116,4392860.89,4595421.73,11.109889999999664,19.177760000000706
2117,4392860.89,4595509.7,11.109889999999664,19.265730000000445
2118,4392901.29,4595597.68,11.150290000000037,19.353709999999964
2119,4392860.89,4595597.68,11.109889999999664,19.353709999999964
2120,4392820.49,4595685.65,11.069490000000224,19.441680000000634
2121,4392860.89,4595773.62,11.109889999999664,19.529650000000373
2122,4392860.89,4595861.59,11.109889999999664,19.617620000000112
2123,4392860.89,4595949.56,11.109889999999664,19.70558999999985
2124,4392901.29,4596037.53,11.150290000000037,19.79356000000052
2125,4392941.69,4596125.5,11.19069000000041,19.88153000000026
2126,4392982.09,4596213.47,11.23108999999985,19.9695
2127,4393022.49,4596213.47,11.271490000000224,19.9695
2128,4393022.49,4596301.45,11.271490000000224,20.057480000000446
2129,4393062.89,4596389.42,11.311889999999664,20.145450000000185
2130,4393103.29,4596477.39,11.352290000000037,20.233419999999924
2131,4393143.69,4596389.42,11.39269000000041,20.145450000000185
2132,4393143.69,4596477.39,11.39269000000041,20.233419999999924
2133,4393143.69,4596565.36,11.39269000000041,20.321390000000598
2134,4393184.09,4596653.33,11.43308999999985,20.409360000000337
2135,4393184.09,4596741.3,11.43308999999985,20.497330000000076
2136,4393143.69,4596741.3,11.39269000000041,20.497330000000076
2137,4393103.29,4596829.27,11.352290000000037,20.585299999999815
2138,4393062.89,4596917.25,11.311889999999664,20.67328000000026
2139,4393022.49,4596917.25,11.271490000000224,20.67328000000026
2140,4392982.09,4596917.25,11.23108999999985,20.67328000000026
2141,4392941.69,4596917.25,11.19069000000041,20.67328000000026
2142,4392901.29,4597005.22,11.150290000000037,20.76125
2143,4392860.89,4597005.22,11.109889999999664,20.76125
2144,4392820.49,4597005.22,11.069490000000224,20.76125
2145,4392780.09,4597093.19,11.02908999999985,20.84922000000067
2146,4392739.69,4597093.19,10.98869000000041,20.84922000000067
2147,4392699.29,4597093.19,10.948290000000037,20.84922000000067
2148,4392658.89,4597181.16,10.907889999999664,20.93719000000041
2149,4392618.5,4597181.16,10.8675,20.93719000000041
2150,4392578.1,4597181.16,10.827099999999627,20.93719000000041
2151,4392537.7,4597181.16,10.786700000000186,20.93719000000041
2152,4392497.3,4597269.13,10.746299999999813,21.02516000000015
2153,4392456.9,4597269.13,10.705900000000373,21.02516000000015
2154,4392416.5,4597269.13,10.6655,21.02516000000015
2155,4392376.1,4597269.13,10.625099999999627,21.02516000000015
2156,4392335.7,4597357.1,10.584700000000186,21.113129999999888
2157,4392295.3,4597357.1,10.544299999999813,21.113129999999888
2158,4392254.9,4597357.1,10.503900000000373,21.113129999999888
2159,4392214.5,4597269.13,10.4635,21.02516000000015
2160,4392174.1,4597269.13,10.423099999999627,21.02516000000015
2161,4392133.7,4597181.16,10.382700000000186,20.93719000000041
2162,4392093.3,4597269.13,10.342299999999813,21.02516000000015
2163,4392093.3,4597181.16,10.342299999999813,20.93719000000041
2164,4392052.9,4597093.19,10.301900000000373,20.84922000000067
2165,4392012.5,4597093.19,10.2615,20.84922000000067
2166,4391972.1,4597093.19,10.221099999999627,20.84922000000067
2167,4391931.7,4597093.19,10.180700000000186,20.84922000000067
2168,4391891.3,4597005.22,10.140299999999813,20.76125
2169,4391850.9,4596917.25,10.099900000000373,20.67328000000026
2170,4391810.5,4596917.25,10.0595,20.67328000000026
2171,4391770.1,4596917.25,10.019099999999627,20.67328000000026
2172,4391729.7,4596917.25,9.978700000000186,20.67328000000026
2173,4391689.3,4597005.22,9.938299999999813,20.76125
2174,4391648.9,4597093.19,9.897900000000373,20.84922000000067
2175,4391648.9,4597181.16,9.897900000000373,20.93719000000041
2176,4391689.3,4597269.13,9.938299999999813,21.02516000000015
2177,4391648.9,4597269.13,9.897900000000373,21.02516000000015
2178,4391608.5,4597269.13,9.8575,21.02516000000015
2179,4391568.11,4597269.13,9.817110000000335,21.02516000000015
2180,4391527.71,4597357.1,9.776709999999962,21.113129999999888
2181,4391568.11,4597445.07,9.817110000000335,21.201100000000558
2182,4391568.11,4597533.05,9.817110000000335,21.289080000000073
2183,4391608.5,4597621.02,9.8575,21.377049999999812
2184,4391608.5,4597708.99,9.8575,21.465020000000486
2185,4391608.5,4597796.96,9.8575,21.552990000000225
2186,4391568.11,4597708.99,9.817110000000335,21.465020000000486
2187,4391527.71,4597796.96,9.776709999999962,21.552990000000225
2188,4391487.31,4597796.96,9.736309999999591,21.552990000000225
2189,4391446.91,4597884.93,9.695910000000149,21.640959999999964
2190,4391406.51,4597972.9,9.655509999999776,21.728930000000634
2191,4391366.11,4598060.87,9.615110000000335,21.816900000000373
2192,4391366.11,4598148.85,9.615110000000335,21.90487999999989
2193,4391325.71,4598148.85,9.574709999999962,21.90487999999989
2194,4391285.31,4598148.85,9.534309999999591,21.90487999999989
2195,4391244.91,4598236.82,9.493910000000149,21.99285000000056
2196,4391244.91,4598324.79,9.493910000000149,22.080820000000298
2197,4391285.31,4598412.76,9.534309999999591,22.168790000000037
2198,4391244.91,4598500.73,9.493910000000149,22.256760000000707
2199,4391285.31,4598588.7,9.534309999999591,22.344730000000446
2200,4391244.91,4598676.67,9.493910000000149,22.432700000000185
2201,4391285.31,4598764.64,9.534309999999591,22.520669999999924
2202,4391325.71,4598852.62,9.574709999999962,22.608650000000374
2203,4391366.11,4598940.59,9.615110000000335,22.696620000000113
2204,4391406.51,4599028.56,9.655509999999776,22.784589999999852
2205,4391446.91,4599028.56,9.695910000000149,22.784589999999852
2206,4391487.31,4599116.53,9.736309999999591,22.872560000000522
2207,4391527.71,4599116.53,9.776709999999962,22.872560000000522
2208,4391568.11,4599116.53,9.817110000000335,22.872560000000522
2209,4391608.5,4599116.53,9.8575,22.872560000000522
2210,4391648.9,4599116.53,9.897900000000373,22.872560000000522
2211,4391689.3,4599028.56,9.938299999999813,22.784589999999852
2212,4391729.7,4599028.56,9.978700000000186,22.784589999999852
2213,4391770.1,4598940.59,10.019099999999627,22.696620000000113
2214,4391810.5,4598940.59,10.0595,22.696620000000113
2215,4391850.9,4599028.56,10.099900000000373,22.784589999999852
2216,4391891.3,4599028.56,10.140299999999813,22.784589999999852
2217,4391931.7,4598940.59,10.180700000000186,22.696620000000113
2218,4391972.1,4598940.59,10.221099999999627,22.696620000000113
2219,4392012.5,4598940.59,10.2615,22.696620000000113
2220,4392052.9,4598940.59,10.301900000000373,22.696620000000113
2221,4392093.3,4598940.59,10.342299999999813,22.696620000000113
2222,4392133.7,4598940.59,10.382700000000186,22.696620000000113
2223,4392174.1,4598940.59,10.423099999999627,22.696620000000113
2224,4392214.5,4598940.59,10.4635,22.696620000000113
2225,4392254.9,4598940.59,10.503900000000373,22.696620000000113
2226,4392295.3,4598940.59,10.544299999999813,22.696620000000113
2227,4392335.7,4599028.56,10.584700000000186,22.784589999999852
2228,4392376.1,4599028.56,10.625099999999627,22.784589999999852
2229,4392416.5,4599028.56,10.6655,22.784589999999852
2230,4392456.9,4599116.53,10.705900000000373,22.872560000000522
2231,4392497.3,4599028.56,10.746299999999813,22.784589999999852
2232,4392537.7,4599116.53,10.786700000000186,22.872560000000522
2233,4392578.1,4599116.53,10.827099999999627,22.872560000000522
2234,4392618.5,4599116.53,10.8675,22.872560000000522
2235,4392658.89,4599204.5,10.907889999999664,22.96053000000026
2236,4392699.29,4599204.5,10.948290000000037,22.96053000000026
2237,4392739.69,4599204.5,10.98869000000041,22.96053000000026
2238,4392780.09,4599204.5,11.02908999999985,22.96053000000026
2239,4392820.49,4599204.5,11.069490000000224,22.96053000000026
2240,4392860.89,4599292.47,11.109889999999664,23.0485
2241,4392901.29,4599380.44,11.150290000000037,23.13647000000067
2242,4392901.29,4599468.42,11.150290000000037,23.224450000000186
2243,4392901.29,4599556.39,11.150290000000037,23.312419999999925
2244,4392901.29,4599644.36,11.150290000000037,23.400390000000595
2245,4392901.29,4599732.33,11.150290000000037,23.488360000000334
2246,4392860.89,4599820.3,11.109889999999664,23.576330000000073
2247,4392860.89,4599908.27,11.109889999999664,23.664299999999812
2248,4392820.49,4599820.3,11.069490000000224,23.576330000000073
2249,4392780.09,4599908.27,11.02908999999985,23.664299999999812
2250,4392739.69,4599908.27,10.98869000000041,23.664299999999812
2251,4392699.29,4599996.24,10.948290000000037,23.752270000000486
2252,4392658.89,4599996.24,10.907889999999664,23.752270000000486
2253,4392618.5,4599996.24,10.8675,23.752270000000486
2254,4392578.1,4599908.27,10.827099999999627,23.664299999999812
2255,4392537.7,4599908.27,10.786700000000186,23.664299999999812
2256,4392497.3,4599908.27,10.746299999999813,23.664299999999812
2257,4392456.9,4599908.27,10.705900000000373,23.664299999999812
2258,4392416.5,4599820.3,10.6655,23.576330000000073
2259,4392416.5,4599732.33,10.6655,23.488360000000334
2260,4392376.1,4599644.36,10.625099999999627,23.400390000000595
2261,4392335.7,4599644.36,10.584700000000186,23.400390000000595
2262,4392295.3,4599556.39,10.544299999999813,23.312419999999925
2263,4392254.9,4599468.42,10.503900000000373,23.224450000000186
2264,4392214.5,4599380.44,10.4635,23.13647000000067
2265,4392174.1,4599380.44,10.423099999999627,23.13647000000067
2266,4392133.7,4599468.42,10.382700000000186,23.224450000000186
2267,4392133.7,4599556.39,10.382700000000186,23.312419999999925
2268,4392093.3,4599556.39,10.342299999999813,23.312419999999925
2269,4392052.9,4599556.39,10.301900000000373,23.312419999999925
2270,4392012.5,4599644.36,10.2615,23.400390000000595
2271,4392012.5,4599732.33,10.2615,23.488360000000334
2272,4391972.1,4599820.3,10.221099999999627,23.576330000000073
2273,4391972.1,4599908.27,10.221099999999627,23.664299999999812
2274,4391931.7,4599996.24,10.180700000000186,23.752270000000486
2275,4391891.3,4599908.27,10.140299999999813,23.664299999999812
2276,4391850.9,4599996.24,10.099900000000373,23.752270000000486
2277,4391850.9,4600084.22,10.099900000000373,23.84025
2278,4391810.5,4600172.19,10.0595,23.92822000000067
2279,4391770.1,4600260.16,10.019099999999627,24.01619000000041
2280,4391770.1,4600348.13,10.019099999999627,24.10416000000015
2281,4391810.5,4600436.1,10.0595,24.19212999999989
2282,4391850.9,4600436.1,10.099900000000373,24.19212999999989
2283,4391891.3,4600524.07,10.140299999999813,24.28010000000056
2284,4391931.7,4600524.07,10.180700000000186,24.28010000000056
2285,4391972.1,4600524.07,10.221099999999627,24.28010000000056
2286,4392012.5,4600612.04,10.2615,24.368070000000298
2287,4392052.9,4600700.02,10.301900000000373,24.456049999999813
2288,4392093.3,4600700.02,10.342299999999813,24.456049999999813
2289,4392133.7,4600700.02,10.382700000000186,24.456049999999813
2290,4392174.1,4600700.02,10.423099999999627,24.456049999999813
2291,4392214.5,4600700.02,10.4635,24.456049999999813
2292,4392254.9,4600700.02,10.503900000000373,24.456049999999813
2293,4392295.3,4600700.02,10.544299999999813,24.456049999999813
2294,4392335.7,4600700.02,10.584700000000186,24.456049999999813
2295,4392376.1,4600700.02,10.625099999999627,24.456049999999813
2296,4392416.5,4600700.02,10.6655,24.456049999999813
2297,4392456.9,4600787.99,10.705900000000373,24.544020000000483
2298,4392416.5,4600787.99,10.6655,24.544020000000483
2299,4392376.1,4600875.96,10.625099999999627,24.631990000000222
2300,4392376.1,4600963.93,10.625099999999627,24.71995999999996
2301,4392335.7,4600963.93,10.584700000000186,24.71995999999996
2302,4392295.3,4600963.93,10.544299999999813,24.71995999999996
2303,4392254.9,4601051.9,10.503900000000373,24.807930000000635
2304,4392214.5,4601139.87,10.4635,24.895900000000374
2305,4392174.1,4601227.84,10.423099999999627,24.983870000000113
2306,4392133.7,4601315.81,10.382700000000186,25.071839999999852
2307,4392133.7,4601403.79,10.382700000000186,25.1598200000003
2308,4392093.3,4601491.76,10.342299999999813,25.247790000000037
2309,4392052.9,4601403.79,10.301900000000373,25.1598200000003
2310,4392012.5,4601491.76,10.2615,25.247790000000037
2311,4391972.1,4601491.76,10.221099999999627,25.247790000000037
2312,4391931.7,4601579.73,10.180700000000186,25.335760000000707
2313,4391891.3,4601579.73,10.140299999999813,25.335760000000707
2314,4391850.9,4601579.73,10.099900000000373,25.335760000000707
2315,4391810.5,4601579.73,10.0595,25.335760000000707
2316,4391770.1,4601491.76,10.019099999999627,25.247790000000037
2317,4391729.7,4601491.76,9.978700000000186,25.247790000000037
2318,4391689.3,4601491.76,9.938299999999813,25.247790000000037
2319,4391648.9,4601491.76,9.897900000000373,25.247790000000037
2320,4391608.5,4601403.79,9.8575,25.1598200000003
2321,4391568.11,4601315.81,9.817110000000335,25.071839999999852
2322,4391527.71,4601315.81,9.776709999999962,25.071839999999852
2323,4391487.31,4601403.79,9.736309999999591,25.1598200000003
2324,4391446.91,4601491.76,9.695910000000149,25.247790000000037
2325,4391406.51,4601579.73,9.655509999999776,25.335760000000707
2326,4391366.11,4601667.7,9.615110000000335,25.423730000000447
2327,4391325.71,4601667.7,9.574709999999962,25.423730000000447
2328,4391285.31,4601667.7,9.534309999999591,25.423730000000447
2329,4391244.91,4601755.67,9.493910000000149,25.511700000000186
2330,4391204.51,4601843.64,9.453509999999776,25.599669999999925
2331,4391244.91,4601931.61,9.493910000000149,25.687640000000595
2332,4391285.31,4601931.61,9.534309999999591,25.687640000000595
2333,4391285.31,4602019.59,9.534309999999591,25.77562000000011
2334,4391244.91,4602019.59,9.493910000000149,25.77562000000011
2335,4391204.51,4602019.59,9.453509999999776,25.77562000000011
2336,4391164.11,4602019.59,9.413110000000335,25.77562000000011
2337,4391123.71,4602019.59,9.372709999999962,25.77562000000011
2338,4391083.31,4602107.56,9.332309999999591,25.86358999999985
2339,4391042.91,4602195.53,9.291910000000149,25.951560000000523
2340,4391002.51,4602195.53,9.251509999999776,25.951560000000523
2341,4390962.11,4602195.53,9.211110000000335,25.951560000000523
2342,4390921.71,4602283.5,9.170709999999962,26.039530000000262
2343,4390881.31,4602283.5,9.13030999999959,26.039530000000262
2344,4390840.91,4602283.5,9.089910000000149,26.039530000000262
2345,4390800.51,4602283.5,9.049509999999776,26.039530000000262
2346,4390760.11,4602371.47,9.009110000000335,26.1275
2347,4390719.71,4602371.47,8.968709999999962,26.1275
2348,4390679.31,4602371.47,8.92830999999959,26.1275
2349,4390638.91,4602283.5,8.887910000000149,26.039530000000262
2350,4390598.51,4602283.5,8.847509999999776,26.039530000000262
2351,4390558.12,4602195.53,8.807120000000111,25.951560000000523
2352,4390517.72,4602195.53,8.76671999999974,25.951560000000523
2353,4390477.32,4602107.56,8.726320000000298,25.86358999999985
2354,4390436.92,4602107.56,8.685919999999925,25.86358999999985
2355,4390396.52,4602195.53,8.645519999999554,25.951560000000523
2356,4390396.52,4602107.56,8.645519999999554,25.86358999999985
2357,4390356.12,4602019.59,8.605120000000111,25.77562000000011
2358,4390315.72,4602107.56,8.56471999999974,25.86358999999985
2359,4390275.32,4602019.59,8.524320000000298,25.77562000000011
2360,4390234.92,4602019.59,8.483919999999925,25.77562000000011
2361,4390194.52,4601931.61,8.443519999999554,25.687640000000595
2362,4390154.12,4602019.59,8.403120000000111,25.77562000000011
2363,4390113.72,4602107.56,8.362719999999738,25.86358999999985
2364,4390154.12,4602195.53,8.403120000000111,25.951560000000523
2365,4390194.52,4602283.5,8.443519999999554,26.039530000000262
2366,4390194.52,4602371.47,8.443519999999554,26.1275
2367,4390194.52,4602459.44,8.443519999999554,26.21547000000067
2368,4390194.52,4602547.41,8.443519999999554,26.30344000000041
2369,4390234.92,4602635.39,8.483919999999925,26.391419999999925
2370,4390275.32,4602635.39,8.524320000000298,26.391419999999925
2371,4390275.32,4602723.36,8.524320000000298,26.479390000000596
2372,4390315.72,4602811.33,8.56471999999974,26.567360000000335
2373,4390356.12,4602811.33,8.605120000000111,26.567360000000335
2374,4390396.52,4602899.3,8.645519999999554,26.655330000000074
2375,4390436.92,4602987.27,8.685919999999925,26.743299999999813
2376,4390477.32,4602987.27,8.726320000000298,26.743299999999813
2377,4390517.72,4603075.24,8.76671999999974,26.831270000000483
2378,4390558.12,4603163.21,8.807120000000111,26.919240000000222
2379,4390598.51,4603163.21,8.847509999999776,26.919240000000222
2380,4390638.91,4603251.19,8.887910000000149,27.00722000000067
2381,4390679.31,4603251.19,8.92830999999959,27.00722000000067
2382,4390719.71,4603339.16,8.968709999999962,27.09519000000041
2383,4390760.11,4603339.16,9.009110000000335,27.09519000000041
2384,4390800.51,4603339.16,9.049509999999776,27.09519000000041
2385,4390840.91,4603427.13,9.089910000000149,27.18316000000015
2386,4390881.31,4603427.13,9.13030999999959,27.18316000000015
2387,4390921.71,4603427.13,9.170709999999962,27.18316000000015
2388,4390962.11,4603515.1,9.211110000000335,27.27112999999989
2389,4391002.51,4603515.1,9.251509999999776,27.27112999999989
2390,4391042.91,4603515.1,9.291910000000149,27.27112999999989
2391,4391083.31,4603515.1,9.332309999999591,27.27112999999989
2392,4391123.71,4603515.1,9.372709999999962,27.27112999999989
2393,4391164.11,4603515.1,9.413110000000335,27.27112999999989
2394,4391204.51,4603603.07,9.453509999999776,27.35910000000056
2395,4391244.91,4603515.1,9.493910000000149,27.27112999999989
2396,4391285.31,4603603.07,9.534309999999591,27.35910000000056
2397,4391325.71,4603515.1,9.574709999999962,27.27112999999989
2398,4391366.11,4603603.07,9.615110000000335,27.35910000000056
2399,4391406.51,4603603.07,9.655509999999776,27.35910000000056
2400,4391446.91,4603603.07,9.695910000000149,27.35910000000056
2401,4391487.31,4603603.07,9.736309999999591,27.35910000000056
2402,4391527.71,4603603.07,9.776709999999962,27.35910000000056
2403,4391568.11,4603603.07,9.817110000000335,27.35910000000056
2404,4391608.5,4603603.07,9.8575,27.35910000000056
2405,4391648.9,4603603.07,9.897900000000373,27.35910000000056
2406,4391689.3,4603603.07,9.938299999999813,27.35910000000056
2407,4391729.7,4603603.07,9.978700000000186,27.35910000000056
2408,4391770.1,4603603.07,10.019099999999627,27.35910000000056
2409,4391810.5,4603603.07,10.0595,27.35910000000056
2410,4391850.9,4603603.07,10.099900000000373,27.35910000000056
2411,4391891.3,4603603.07,10.140299999999813,27.35910000000056
2412,4391931.7,4603603.07,10.180700000000186,27.35910000000056
2413,4391972.1,4603603.07,10.221099999999627,27.35910000000056
2414,4392012.5,4603603.07,10.2615,27.35910000000056
2415,4392052.9,4603603.07,10.301900000000373,27.35910000000056
2416,4392093.3,4603603.07,10.342299999999813,27.35910000000056
2417,4392133.7,4603603.07,10.382700000000186,27.35910000000056
2418,4392174.1,4603603.07,10.423099999999627,27.35910000000056
2419,4392214.5,4603603.07,10.4635,27.35910000000056
2420,4392254.9,4603691.04,10.503900000000373,27.4470700000003
2421,4392295.3,4603691.04,10.544299999999813,27.4470700000003
2422,4392335.7,4603603.07,10.584700000000186,27.35910000000056
2423,4392335.7,4603515.1,10.584700000000186,27.27112999999989
2424,4392335.7,4603427.13,10.584700000000186,27.18316000000015
2425,4392335.7,4603339.16,10.584700000000186,27.09519000000041
2426,4392376.1,4603427.13,10.625099999999627,27.18316000000015
2427,4392376.1,4603515.1,10.625099999999627,27.27112999999989
2428,4392335.7,4603603.07,10.584700000000186,27.35910000000056
2429,4392376.1,4603691.04,10.625099999999627,27.4470700000003
2430,4392416.5,4603691.04,10.6655,27.4470700000003
2431,4392456.9,4603603.07,10.705900000000373,27.35910000000056
2432,4392497.3,4603691.04,10.746299999999813,27.4470700000003
2433,4392537.7,4603691.04,10.786700000000186,27.4470700000003
2434,4392497.3,4603779.01,10.746299999999813,27.535040000000038
2435,4392497.3,4603866.98,10.746299999999813,27.623010000000708
2436,4392497.3,4603954.96,10.746299999999813,27.710990000000223
2437,4392497.3,4604042.93,10.746299999999813,27.798959999999962
2438,4392456.9,4604130.9,10.705900000000373,27.886930000000632
2439,4392416.5,4604130.9,10.6655,27.886930000000632
2440,4392376.1,4604130.9,10.625099999999627,27.886930000000632
2441,4392335.7,4604218.87,10.584700000000186,27.97490000000037
2442,4392295.3,4604218.87,10.544299999999813,27.97490000000037
2443,4392254.9,4604218.87,10.503900000000373,27.97490000000037
2444,4392214.5,4604218.87,10.4635,27.97490000000037
2445,4392174.1,4604306.84,10.423099999999627,28.06287000000011
2446,4392133.7,4604306.84,10.382700000000186,28.06287000000011
2447,4392093.3,4604306.84,10.342299999999813,28.06287000000011
2448,4392052.9,4604306.84,10.301900000000373,28.06287000000011
2449,4392012.5,4604306.84,10.2615,28.06287000000011
2450,4391972.1,4604306.84,10.221099999999627,28.06287000000011
2451,4391931.7,4604306.84,10.180700000000186,28.06287000000011
2452,4391891.3,4604306.84,10.140299999999813,28.06287000000011
2453,4391850.9,4604306.84,10.099900000000373,28.06287000000011
2454,4391810.5,4604306.84,10.0595,28.06287000000011
2455,4391770.1,4604394.81,10.019099999999627,28.15083999999985
2456,4391729.7,4604394.81,9.978700000000186,28.15083999999985
2457,4391689.3,4604394.81,9.938299999999813,28.15083999999985
2458,4391648.9,4604394.81,9.897900000000373,28.15083999999985
2459,4391608.5,4604482.78,9.8575,28.238810000000523
2460,4391568.11,4604394.81,9.817110000000335,28.15083999999985
2461,4391527.71,4604394.81,9.776709999999962,28.15083999999985
2462,4391487.31,4604482.78,9.736309999999591,28.238810000000523
2463,4391446.91,4604482.78,9.695910000000149,28.238810000000523
2464,4391406.51,4604394.81,9.655509999999776,28.15083999999985
2465,4391366.11,4604394.81,9.615110000000335,28.15083999999985
2466,4391325.71,4604482.78,9.574709999999962,28.238810000000523
2467,4391285.31,4604482.78,9.534309999999591,28.238810000000523
2468,4391244.91,4604482.78,9.493910000000149,28.238810000000523
2469,4391204.51,4604482.78,9.453509999999776,28.238810000000523
2470,4391164.11,4604482.78,9.413110000000335,28.238810000000523
2471,4391123.71,4604482.78,9.372709999999962,28.238810000000523
2472,4391083.31,4604482.78,9.332309999999591,28.238810000000523
2473,4391042.91,4604482.78,9.291910000000149,28.238810000000523
2474,4391002.51,4604482.78,9.251509999999776,28.238810000000523
2475,4390962.11,4604570.76,9.211110000000335,28.326790000000038
2476,4390921.71,4604570.76,9.170709999999962,28.326790000000038
2477,4390881.31,4604570.76,9.13030999999959,28.326790000000038
2478,4390840.91,4604658.73,9.089910000000149,28.414760000000708
2479,4390800.51,4604746.7,9.049509999999776,28.502730000000447
2480,4390760.11,4604834.67,9.009110000000335,28.590700000000187
2481,4390800.51,4604922.64,9.049509999999776,28.678669999999926
2482,4390760.11,4605010.61,9.009110000000335,28.766640000000596
2483,4390760.11,4605098.58,9.009110000000335,28.854610000000335
2484,4390760.11,4605186.56,9.009110000000335,28.94258999999985
2485,4390719.71,4605274.53,8.968709999999962,29.03056000000052
2486,4390719.71,4605362.5,8.968709999999962,29.11853000000026
2487,4390719.71,4605450.47,8.968709999999962,29.2065
2488,4390679.31,4605538.44,8.92830999999959,29.294470000000672
2489,4390679.31,4605626.41,8.92830999999959,29.38244000000041
2490,4390679.31,4605714.38,8.92830999999959,29.47041000000015
2491,4390679.31,4605802.36,8.92830999999959,29.558390000000596
2492,4390679.31,4605890.33,8.92830999999959,29.646360000000335
2493,4390719.71,4605978.3,8.968709999999962,29.734330000000075
2494,4390760.11,4605978.3,9.009110000000335,29.734330000000075
2495,4390800.51,4606066.27,9.049509999999776,29.822299999999814
2496,4390760.11,4606066.27,9.009110000000335,29.822299999999814
2497,4390719.71,4606154.24,8.968709999999962,29.910270000000484
2498,4390760.11,4606242.21,9.009110000000335,29.998240000000223
2499,4390800.51,4606330.18,9.049509999999776,30.086209999999962
2500,4390840.91,4606330.18,9.089910000000149,30.086209999999962
2501,4390881.31,4606418.15,9.13030999999959,30.174180000000632
2502,4390921.71,4606418.15,9.170709999999962,30.174180000000632
2503,4390962.11,4606506.13,9.211110000000335,30.26216000000015
2504,4391002.51,4606506.13,9.251509999999776,30.26216000000015
2505,4391042.91,4606506.13,9.291910000000149,30.26216000000015
2506,4391083.31,4606506.13,9.332309999999591,30.26216000000015
2507,4391123.71,4606418.15,9.372709999999962,30.174180000000632
2508,4391164.11,4606418.15,9.413110000000335,30.174180000000632
2509,4391204.51,4606506.13,9.453509999999776,30.26216000000015
2510,4391244.91,4606594.1,9.493910000000149,30.35012999999989
2511,4391285.31,4606506.13,9.534309999999591,30.26216000000015
2512,4391325.71,4606594.1,9.574709999999962,30.35012999999989
2513,4391366.11,4606682.07,9.615110000000335,30.43810000000056
2514,4391406.51,4606682.07,9.655509999999776,30.43810000000056
2515,4391446.91,4606594.1,9.695910000000149,30.35012999999989
2516,4391446.91,4606682.07,9.695910000000149,30.43810000000056
2517,4391487.31,4606770.04,9.736309999999591,30.5260700000003
2518,4391527.71,4606858.01,9.776709999999962,30.61404000000004
2519,4391568.11,4606858.01,9.817110000000335,30.61404000000004
2520,4391608.5,4606858.01,9.8575,30.61404000000004
2521,4391608.5,4606945.98,9.8575,30.70201000000071
2522,4391648.9,4607033.95,9.897900000000373,30.789980000000448
2523,4391689.3,4607121.93,9.938299999999813,30.877959999999963
2524,4391729.7,4607209.9,9.978700000000186,30.965930000000633
2525,4391770.1,4607209.9,10.019099999999627,30.965930000000633
2526,4391810.5,4607297.87,10.0595,31.05390000000037
2527,4391850.9,4607209.9,10.099900000000373,30.965930000000633
2528,4391891.3,4607121.93,10.140299999999813,30.877959999999963
2529,4391891.3,4607209.9,10.140299999999813,30.965930000000633
2530,4391850.9,4607297.87,10.099900000000373,31.05390000000037
2531,4391850.9,4607385.84,10.099900000000373,31.14187000000011
2532,4391891.3,4607473.81,10.140299999999813,31.22983999999985
2533,4391931.7,4607473.81,10.180700000000186,31.22983999999985
2534,4391972.1,4607473.81,10.221099999999627,31.22983999999985
2535,4392012.5,4607385.84,10.2615,31.14187000000011
2536,4392052.9,4607385.84,10.301900000000373,31.14187000000011
2537,4392093.3,4607297.87,10.342299999999813,31.05390000000037
2538,4392093.3,4607209.9,10.342299999999813,30.965930000000633
2539,4392133.7,4607209.9,10.382700000000186,30.965930000000633
2540,4392174.1,4607209.9,10.423099999999627,30.965930000000633
2541,4392214.5,4607209.9,10.4635,30.965930000000633
2542,4392254.9,4607209.9,10.503900000000373,30.965930000000633
2543,4392295.3,4607121.93,10.544299999999813,30.877959999999963
2544,4392335.7,4607121.93,10.584700000000186,30.877959999999963
2545,4392376.1,4607033.95,10.625099999999627,30.789980000000448
2546,4392416.5,4607033.95,10.6655,30.789980000000448
2547,4392456.9,4606945.98,10.705900000000373,30.70201000000071
2548,4392497.3,4606945.98,10.746299999999813,30.70201000000071
2549,4392537.7,4606858.01,10.786700000000186,30.61404000000004
2550,4392578.1,4606858.01,10.827099999999627,30.61404000000004
2551,4392618.5,4606770.04,10.8675,30.5260700000003
2552,4392658.89,4606682.07,10.907889999999664,30.43810000000056
2553,4392699.29,4606682.07,10.948290000000037,30.43810000000056
2554,4392739.69,4606594.1,10.98869000000041,30.35012999999989
2555,4392780.09,4606506.13,11.02908999999985,30.26216000000015
2556,4392820.49,4606418.15,11.069490000000224,30.174180000000632
2557,4392860.89,4606418.15,11.109889999999664,30.174180000000632
2558,4392901.29,4606506.13,11.150290000000037,30.26216000000015
2559,4392941.69,4606506.13,11.19069000000041,30.26216000000015
2560,4392982.09,4606418.15,11.23108999999985,30.174180000000632
2561,4393022.49,4606330.18,11.271490000000224,30.086209999999962
2562,4393062.89,4606418.15,11.311889999999664,30.174180000000632
2563,4393103.29,4606418.15,11.352290000000037,30.174180000000632
2564,4393143.69,4606506.13,11.39269000000041,30.26216000000015
2565,4393184.09,4606418.15,11.43308999999985,30.174180000000632
2566,4393184.09,4606506.13,11.43308999999985,30.26216000000015
2567,4393184.09,4606594.1,11.43308999999985,30.35012999999989
2568,4393143.69,4606682.07,11.39269000000041,30.43810000000056
2569,4393103.29,4606770.04,11.352290000000037,30.5260700000003
2570,4393062.89,4606858.01,11.311889999999664,30.61404000000004
2571,4393022.49,4606945.98,11.271490000000224,30.70201000000071
2572,4392982.09,4607033.95,11.23108999999985,30.789980000000448
2573,4392982.09,4607121.93,11.23108999999985,30.877959999999963
2574,4392941.69,4607121.93,11.19069000000041,30.877959999999963
2575,4392901.29,4607209.9,11.150290000000037,30.965930000000633
2576,4392941.69,4607297.87,11.19069000000041,31.05390000000037
2577,4392941.69,4607385.84,11.19069000000041,31.14187000000011
2578,4392941.69,4607473.81,11.19069000000041,31.22983999999985
2579,4392941.69,4607561.78,11.19069000000041,31.31781000000052
2580,4392941.69,4607649.75,11.19069000000041,31.40578000000026
2581,4392941.69,4607737.73,11.19069000000041,31.49376000000071
2582,4392941.69,4607825.7,11.19069000000041,31.581730000000448
2583,4392901.29,4607825.7,11.150290000000037,31.581730000000448
2584,4392860.89,4607913.67,11.109889999999664,31.669700000000187
2585,4392820.49,4607825.7,11.069490000000224,31.581730000000448
2586,4392780.09,4607825.7,11.02908999999985,31.581730000000448
2587,4392739.69,4607913.67,10.98869000000041,31.669700000000187
2588,4392699.29,4607913.67,10.948290000000037,31.669700000000187
2589,4392658.89,4608001.64,10.907889999999664,31.757669999999926
2590,4392658.89,4608089.61,10.907889999999664,31.845640000000596
2591,4392658.89,4608177.58,10.907889999999664,31.933610000000336
2592,4392618.5,4608265.55,10.8675,32.02158000000007
2593,4392618.5,4608353.53,10.8675,32.10956000000052
2594,4392578.1,4608353.53,10.827099999999627,32.10956000000052
2595,4392537.7,4608441.5,10.786700000000186,32.19753000000026
2596,4392578.1,4608529.47,10.827099999999627,32.2855
2597,4392578.1,4608617.44,10.827099999999627,32.37347000000067
2598,4392578.1,4608705.41,10.827099999999627,32.46144000000041
2599,4392537.7,4608705.41,10.786700000000186,32.46144000000041
2600,4392497.3,4608793.38,10.746299999999813,32.54941000000015
2601,4392456.9,4608881.35,10.705900000000373,32.63737999999989
2602,4392456.9,4608969.32,10.705900000000373,32.72535000000056
2603,4392456.9,4609057.3,10.705900000000373,32.81333000000007
2604,4392456.9,4609145.27,10.705900000000373,32.901299999999814
2605,4392456.9,4609233.24,10.705900000000373,32.98927000000048
2606,4392456.9,4609321.21,10.705900000000373,33.077240000000224
2607,4392456.9,4609409.18,10.705900000000373,33.16520999999996
2608,4392456.9,4609497.15,10.705900000000373,33.25318000000063
2609,4392416.5,4609585.12,10.6655,33.341150000000376
2610,4392376.1,4609585.12,10.625099999999627,33.341150000000376
2611,4392335.7,4609673.1,10.584700000000186,33.42912999999989
2612,4392295.3,4609585.12,10.544299999999813,33.341150000000376
2613,4392254.9,4609585.12,10.503900000000373,33.341150000000376
2614,4392214.5,4609585.12,10.4635,33.341150000000376
2615,4392174.1,4609585.12,10.423099999999627,33.341150000000376
2616,4392133.7,4609673.1,10.382700000000186,33.42912999999989
2617,4392093.3,4609673.1,10.342299999999813,33.42912999999989
2618,4392052.9,4609761.07,10.301900000000373,33.51710000000056
2619,4392093.3,4609849.04,10.342299999999813,33.605070000000296
2620,4392133.7,4609937.01,10.382700000000186,33.69304000000004
2621,4392174.1,4609849.04,10.423099999999627,33.605070000000296
2622,4392214.5,4609937.01,10.4635,33.69304000000004
2623,4392214.5,4610024.98,10.4635,33.781010000000705
2624,4392254.9,4610112.95,10.503900000000373,33.86898000000045
2625,4392295.3,4610200.92,10.544299999999813,33.956950000000184
2626,4392295.3,4610288.9,10.544299999999813,34.04493000000063
2627,4392335.7,4610376.87,10.584700000000186,34.132900000000376
2628,4392335.7,4610464.84,10.584700000000186,34.22087000000011
2629,4392376.1,4610552.81,10.625099999999627,34.308839999999854
2630,4392416.5,4610640.78,10.6655,34.39681000000052
2631,4392416.5,4610728.75,10.6655,34.484780000000264
2632,4392456.9,4610816.72,10.705900000000373,34.57275
2633,4392497.3,4610816.72,10.746299999999813,34.57275
2634,4392537.7,4610904.7,10.786700000000186,34.66073000000045
2635,4392578.1,4610992.67,10.827099999999627,34.748700000000184
2636,4392578.1,4611080.64,10.827099999999627,34.83666999999993
2637,4392618.5,4611168.61,10.8675,34.92464000000059
2638,4392658.89,4611168.61,10.907889999999664,34.92464000000059
2639,4392699.29,4611256.58,10.948290000000037,35.012610000000336
2640,4392739.69,4611344.55,10.98869000000041,35.10058000000007
2641,4392739.69,4611432.52,10.98869000000041,35.188549999999815
2642,4392739.69,4611520.49,10.98869000000041,35.27652000000048
2643,4392739.69,4611608.47,10.98869000000041,35.3645
2644,4392699.29,4611608.47,10.948290000000037,35.3645
2645,4392658.89,4611608.47,10.907889999999664,35.3645
2646,4392618.5,4611608.47,10.8675,35.3645
2647,4392578.1,4611608.47,10.827099999999627,35.3645
2648,4392537.7,4611608.47,10.786700000000186,35.3645
2649,4392497.3,4611608.47,10.746299999999813,35.3645
2650,4392456.9,4611520.49,10.705900000000373,35.27652000000048
2651,4392416.5,4611520.49,10.6655,35.27652000000048
2652,4392376.1,4611608.47,10.625099999999627,35.3645
2653,4392335.7,4611608.47,10.584700000000186,35.3645
2654,4392295.3,4611608.47,10.544299999999813,35.3645
2655,4392254.9,4611608.47,10.503900000000373,35.3645
2656,4392214.5,4611608.47,10.4635,35.3645
2657,4392174.1,4611608.47,10.423099999999627,35.3645
2658,4392133.7,4611608.47,10.382700000000186,35.3645
2659,4392093.3,4611608.47,10.342299999999813,35.3645
2660,4392052.9,4611696.44,10.301900000000373,35.45247000000067
2661,4392052.9,4611784.41,10.301900000000373,35.54044000000041
2662,4392052.9,4611872.38,10.301900000000373,35.62841000000015
2663,4392052.9,4611960.35,10.301900000000373,35.71637999999989
2664,4392012.5,4612048.32,10.2615,35.80435000000056
2665,4391972.1,4612136.29,10.221099999999627,35.892320000000296
2666,4391972.1,4612224.27,10.221099999999627,35.980299999999815
2667,4391931.7,4612312.24,10.180700000000186,36.06827000000048
2668,4391891.3,4612400.21,10.140299999999813,36.156240000000224
2669,4391891.3,4612488.18,10.140299999999813,36.24420999999996
2670,4391850.9,4612576.15,10.099900000000373,36.33218000000063
2671,4391850.9,4612664.12,10.099900000000373,36.42015000000037
2672,4391850.9,4612752.09,10.099900000000373,36.50812000000011
2673,4391891.3,4612840.07,10.140299999999813,36.59610000000056
2674,4391891.3,4612928.04,10.140299999999813,36.6840700000003
2675,4391891.3,4613016.01,10.140299999999813,36.77204000000004
2676,4391931.7,4613103.98,10.180700000000186,36.860010000000706
2677,4391972.1,4613191.95,10.221099999999627,36.94798000000045
2678,4391972.1,4613279.92,10.221099999999627,37.035950000000184
2679,4392012.5,4613367.89,10.2615,37.12391999999993
2680,4391972.1,4613455.87,10.221099999999627,37.21190000000037
2681,4391972.1,4613543.84,10.221099999999627,37.29987000000011
2682,4391972.1,4613631.81,10.221099999999627,37.38783999999985
2683,4392012.5,4613719.78,10.2615,37.47581000000052
2684,4392012.5,4613807.75,10.2615,37.563780000000264
2685,4391972.1,4613895.72,10.221099999999627,37.65175
2686,4391931.7,4613983.69,10.180700000000186,37.73972000000067
2687,4391891.3,4614071.66,10.140299999999813,37.82769000000041
2688,4391891.3,4614159.64,10.140299999999813,37.91566999999993
2689,4391850.9,4614159.64,10.099900000000373,37.91566999999993
2690,4391810.5,4614247.61,10.0595,38.003640000000594
2691,4391810.5,4614335.58,10.0595,38.09161000000034
2692,4391850.9,4614423.55,10.099900000000373,38.17958000000007
2693,4391810.5,4614423.55,10.0595,38.17958000000007
2694,4391770.1,4614511.52,10.019099999999627,38.267549999999815
2695,4391729.7,4614599.49,9.978700000000186,38.35552000000048
2696,4391729.7,4614687.46,9.978700000000186,38.443490000000224
2697,4391729.7,4614775.44,9.978700000000186,38.531470000000674
2698,4391770.1,4614863.41,10.019099999999627,38.61944000000041
2699,4391770.1,4614951.38,10.019099999999627,38.70741000000015
2700,4391810.5,4615039.35,10.0595,38.79537999999989
2701,4391850.9,4615039.35,10.099900000000373,38.79537999999989
2702,4391891.3,4615039.35,10.140299999999813,38.79537999999989
2703,4391891.3,4615127.32,10.140299999999813,38.88335000000056
2704,4391931.7,4615215.29,10.180700000000186,38.9713200000003
2705,4391931.7,4615303.26,10.180700000000186,39.05929000000004
2706,4391972.1,4615391.24,10.221099999999627,39.14727000000048
2707,4392012.5,4615479.21,10.2615,39.235240000000225
2708,4392052.9,4615567.18,10.301900000000373,39.32320999999996
2709,4392052.9,4615655.15,10.301900000000373,39.411180000000634
2710,4392093.3,4615743.12,10.342299999999813,39.49915000000037
2711,4392133.7,4615831.09,10.382700000000186,39.58712000000011
2712,4392174.1,4615919.06,10.423099999999627,39.67508999999985
2713,4392133.7,4616007.04,10.382700000000186,39.7630700000003
2714,4392174.1,4616095.01,10.423099999999627,39.85104000000004
2715,4392174.1,4616182.98,10.423099999999627,39.93901000000071
2716,4392174.1,4616270.95,10.423099999999627,40.02698000000045
2717,4392174.1,4616358.92,10.423099999999627,40.114950000000185
2718,4392214.5,4616446.89,10.4635,40.20291999999993
2719,4392214.5,4616534.86,10.4635,40.290890000000594
2720,4392214.5,4616622.84,10.4635,40.37887000000011
2721,4392214.5,4616710.81,10.4635,40.46683999999985
2722,4392254.9,4616798.78,10.503900000000373,40.55481000000052
2723,4392254.9,4616886.75,10.503900000000373,40.64278000000026
2724,4392295.3,4616974.72,10.544299999999813,40.73075
2725,4392295.3,4617062.69,10.544299999999813,40.818720000000674
2726,4392335.7,4617150.66,10.584700000000186,40.90669000000041
2727,4392376.1,4617238.63,10.625099999999627,40.99466000000015
2728,4392416.5,4617326.61,10.6655,41.082640000000595
2729,4392456.9,4617414.58,10.705900000000373,41.17061000000034
2730,4392456.9,4617502.55,10.705900000000373,41.25858000000007
2731,4392497.3,4617590.52,10.746299999999813,41.346549999999816
2732,4392537.7,4617590.52,10.786700000000186,41.346549999999816
2733,4392537.7,4617678.49,10.786700000000186,41.43452000000048
2734,4392578.1,4617766.46,10.827099999999627,41.522490000000225
2735,4392618.5,4617766.46,10.8675,41.522490000000225
2736,4392658.89,4617854.43,10.907889999999664,41.61045999999996
2737,4392699.29,4617766.46,10.948290000000037,41.522490000000225
2738,4392699.29,4617854.43,10.948290000000037,41.61045999999996
2739,4392739.69,4617942.41,10.98869000000041,41.69844000000041
2740,4392780.09,4617942.41,11.02908999999985,41.69844000000041
2741,4392820.49,4618030.38,11.069490000000224,41.786410000000146
2742,4392860.89,4618118.35,11.109889999999664,41.87437999999989
2743,4392901.29,4618206.32,11.150290000000037,41.96235000000056
2744,4392941.69,4618206.32,11.19069000000041,41.96235000000056
2745,4392982.09,4618294.29,11.23108999999985,42.0503200000003
2746,4393022.49,4618382.26,11.271490000000224,42.13829000000004
2747,4393062.89,4618294.29,11.311889999999664,42.0503200000003
2748,4393103.29,4618382.26,11.352290000000037,42.13829000000004
2749,4393143.69,4618470.23,11.39269000000041,42.22626000000071
2750,4393184.09,4618470.23,11.43308999999985,42.22626000000071
2751,4393224.49,4618558.21,11.473490000000224,42.314240000000225
2752,4393264.89,4618646.18,11.513889999999664,42.40220999999996
2753,4393305.29,4618646.18,11.554290000000037,42.40220999999996
2754,4393345.69,4618734.15,11.59469000000041,42.490180000000635
2755,4393386.09,4618734.15,11.63508999999985,42.490180000000635
2756,4393426.49,4618734.15,11.675490000000224,42.490180000000635
2757,4393466.89,4618822.12,11.715889999999664,42.57815000000037
2758,4393507.29,4618822.12,11.756290000000037,42.57815000000037
2759,4393547.69,4618822.12,11.79669000000041,42.57815000000037
2760,4393588.09,4618822.12,11.83708999999985,42.57815000000037
2761,4393628.49,4618822.12,11.877490000000224,42.57815000000037
2762,4393668.88,4618822.12,11.917879999999888,42.57815000000037
2763,4393709.28,4618822.12,11.958280000000261,42.57815000000037
2764,4393749.68,4618822.12,11.998679999999702,42.57815000000037
2765,4393790.08,4618822.12,12.039080000000075,42.57815000000037
2766,4393830.48,4618822.12,12.079480000000448,42.57815000000037
2767,4393870.88,4618822.12,12.119879999999888,42.57815000000037
2768,4393911.28,4618822.12,12.160280000000261,42.57815000000037
2769,4393951.68,4618822.12,12.200679999999702,42.57815000000037
2770,4393992.08,4618822.12,12.241080000000075,42.57815000000037
2771,4394032.48,4618822.12,12.281480000000448,42.57815000000037
2772,4394072.88,4618822.12,12.321879999999888,42.57815000000037
2773,4394113.28,4618822.12,12.362280000000261,42.57815000000037
2774,4394153.68,4618822.12,12.402679999999702,42.57815000000037
2775,4394194.08,4618822.12,12.443080000000075,42.57815000000037
2776,4394234.48,4618822.12,12.483480000000448,42.57815000000037
2777,4394274.88,4618822.12,12.523879999999888,42.57815000000037
2778,4394315.28,4618822.12,12.564280000000261,42.57815000000037
2779,4394355.68,4618822.12,12.604679999999702,42.57815000000037
2780,4394396.08,4618822.12,12.645080000000075,42.57815000000037
2781,4394436.48,4618822.12,12.685480000000448,42.57815000000037
2782,4394476.88,4618734.15,12.725879999999888,42.490180000000635
2783,4394517.28,4618734.15,12.766280000000261,42.490180000000635
2784,4394557.68,4618734.15,12.806679999999702,42.490180000000635
2785,4394598.08,4618734.15,12.847080000000075,42.490180000000635
2786,4394638.48,4618734.15,12.887480000000448,42.490180000000635
2787,4394678.88,4618734.15,12.927879999999888,42.490180000000635
2788,4394719.27,4618734.15,12.968269999999553,42.490180000000635
2789,4394759.67,4618734.15,13.008669999999926,42.490180000000635
2790,4394800.07,4618646.18,13.049070000000299,42.40220999999996
2791,4394840.47,4618646.18,13.08946999999974,42.40220999999996
2792,4394880.87,4618646.18,13.129870000000112,42.40220999999996
2793,4394921.27,4618646.18,13.170269999999553,42.40220999999996
2794,4394961.67,4618646.18,13.210669999999926,42.40220999999996
2795,4395002.07,4618646.18,13.251070000000299,42.40220999999996
2796,4395042.47,4618646.18,13.29146999999974,42.40220999999996
2797,4395082.87,4618646.18,13.331870000000112,42.40220999999996
2798,4395123.27,4618646.18,13.372269999999553,42.40220999999996
2799,4395163.67,4618646.18,13.412669999999926,42.40220999999996
2800,4395204.07,4618646.18,13.453070000000299,42.40220999999996
2801,4395244.47,4618646.18,13.49346999999974,42.40220999999996
2802,4395284.87,4618646.18,13.533870000000112,42.40220999999996
2803,4395325.27,4618646.18,13.574269999999553,42.40220999999996
2804,4395365.67,4618646.18,13.614669999999926,42.40220999999996
2805,4395406.07,4618646.18,13.655070000000299,42.40220999999996
2806,4395446.47,4618646.18,13.69546999999974,42.40220999999996
2807,4395486.87,4618646.18,13.735870000000112,42.40220999999996
2808,4395527.27,4618646.18,13.776269999999553,42.40220999999996
2809,4395567.67,4618646.18,13.816669999999926,42.40220999999996
2810,4395608.07,4618646.18,13.857070000000299,42.40220999999996
2811,4395648.47,4618646.18,13.897469999999739,42.40220999999996
2812,4395688.87,4618646.18,13.937870000000112,42.40220999999996
2813,4395729.27,4618646.18,13.978269999999553,42.40220999999996
2814,4395769.66,4618646.18,14.01866000000015,42.40220999999996
2815,4395810.06,4618646.18,14.05905999999959,42.40220999999996
2816,4395850.46,4618646.18,14.099459999999963,42.40220999999996
2817,4395890.86,4618646.18,14.139860000000334,42.40220999999996
2818,4395931.26,4618646.18,14.180259999999777,42.40220999999996
2819,4395971.66,4618646.18,14.22066000000015,42.40220999999996
2820,4396012.06,4618646.18,14.26105999999959,42.40220999999996
2821,4396052.46,4618646.18,14.301459999999963,42.40220999999996
2822,4396092.86,4618646.18,14.341860000000334,42.40220999999996
2823,4396133.26,4618646.18,14.382259999999777,42.40220999999996
2824,4396173.66,4618646.18,14.42266000000015,42.40220999999996
2825,4396214.06,4618646.18,14.46305999999959,42.40220999999996
2826,4396254.46,4618734.15,14.503459999999963,42.490180000000635
2827,4396294.86,4618646.18,14.543860000000334,42.40220999999996
2828,4396335.26,4618646.18,14.584259999999777,42.40220999999996
2829,4396375.66,4618734.15,14.62466000000015,42.490180000000635
2830,4396416.06,4618734.15,14.66505999999959,42.490180000000635
2831,4396456.46,4618646.18,14.705459999999963,42.40220999999996
2832,4396496.86,4618646.18,14.745860000000336,42.40220999999996
2833,4396537.26,4618646.18,14.786259999999777,42.40220999999996
2834,4396577.66,4618646.18,14.82666000000015,42.40220999999996
2835,4396618.06,4618646.18,14.86705999999959,42.40220999999996
2836,4396658.46,4618646.18,14.907459999999963,42.40220999999996
2837,4396698.86,4618646.18,14.947860000000336,42.40220999999996
2838,4396739.26,4618646.18,14.988259999999777,42.40220999999996
2839,4396779.65,4618646.18,15.028650000000372,42.40220999999996
2840,4396820.05,4618646.18,15.069049999999814,42.40220999999996
2841,4396860.45,4618646.18,15.109450000000185,42.40220999999996
2842,4396900.85,4618646.18,15.149849999999628,42.40220999999996
2843,4396941.25,4618558.21,15.19025,42.314240000000225
2844,4396981.65,4618558.21,15.230650000000372,42.314240000000225
2845,4397022.05,4618558.21,15.271049999999814,42.314240000000225
2846,4397062.45,4618558.21,15.311450000000185,42.314240000000225
2847,4397102.85,4618470.23,15.351849999999628,42.22626000000071
2848,4397143.25,4618470.23,15.39225,42.22626000000071
2849,4397183.65,4618470.23,15.432650000000372,42.22626000000071
2850,4397224.05,4618470.23,15.473049999999814,42.22626000000071
2851,4397264.45,4618382.26,15.513450000000187,42.13829000000004
2852,4397304.85,4618382.26,15.553849999999628,42.13829000000004
2853,4397345.25,4618294.29,15.59425,42.0503200000003
2854,4397385.65,4618294.29,15.634650000000372,42.0503200000003
2855,4397426.05,4618294.29,15.675049999999814,42.0503200000003
2856,4397466.45,4618294.29,15.715450000000187,42.0503200000003
2857,4397506.85,4618206.32,15.755849999999628,41.96235000000056
2858,4397547.25,4618294.29,15.79625,42.0503200000003
2859,4397587.65,4618294.29,15.836650000000372,42.0503200000003
2860,4397628.05,4618294.29,15.877049999999814,42.0503200000003
2861,4397668.45,4618206.32,15.917450000000187,41.96235000000056
2862,4397708.85,4618294.29,15.957849999999627,42.0503200000003
2863,4397749.25,4618206.32,15.99825,41.96235000000056
2864,4397789.65,4618206.32,16.038650000000374,41.96235000000056
2865,4397830.04,4618206.32,16.079040000000038,41.96235000000056
2866,4397870.44,4618206.32,16.11944000000041,41.96235000000056
2867,4397910.84,4618118.35,16.15983999999985,41.87437999999989
2868,4397951.24,4618118.35,16.200240000000225,41.87437999999989
2869,4397991.64,4618118.35,16.240639999999665,41.87437999999989
2870,4398032.04,4618206.32,16.281040000000036,41.96235000000056
2871,4398072.44,4618206.32,16.32144000000041,41.96235000000056
2872,4398112.84,4618206.32,16.36183999999985,41.96235000000056
2873,4398153.24,4618206.32,16.402240000000223,41.96235000000056
2874,4398193.64,4618294.29,16.442639999999663,42.0503200000003
2875,4398193.64,4618382.26,16.442639999999663,42.13829000000004
2876,4398193.64,4618470.23,16.442639999999663,42.22626000000071
2877,4398193.64,4618558.21,16.442639999999663,42.314240000000225
2878,4398153.24,4618558.21,16.402240000000223,42.314240000000225
2879,4398112.84,4618646.18,16.36183999999985,42.40220999999996
2880,4398072.44,4618646.18,16.32144000000041,42.40220999999996
2881,4398032.04,4618734.15,16.281040000000036,42.490180000000635
2882,4397991.64,4618734.15,16.240639999999665,42.490180000000635
2883,4397951.24,4618822.12,16.200240000000225,42.57815000000037
2884,4397910.84,4618822.12,16.15983999999985,42.57815000000037
2885,4397870.44,4618910.09,16.11944000000041,42.66612000000011
2886,4397830.04,4618910.09,16.079040000000038,42.66612000000011
2887,4397789.65,4618910.09,16.038650000000374,42.66612000000011
2888,4397749.25,4618998.06,15.99825,42.75408999999985
2889,4397749.25,4619086.03,15.99825,42.84206000000052
2890,4397708.85,4619086.03,15.957849999999627,42.84206000000052
2891,4397668.45,4619086.03,15.917450000000187,42.84206000000052
2892,4397628.05,4619174.01,15.877049999999814,42.930040000000034
2893,4397587.65,4619174.01,15.836650000000372,42.930040000000034
2894,4397547.25,4619174.01,15.79625,42.930040000000034
2895,4397506.85,4619261.98,15.755849999999628,43.01801000000071
2896,4397506.85,4619349.95,15.755849999999628,43.10598000000045
2897,4397466.45,4619349.95,15.715450000000187,43.10598000000045
2898,4397426.05,4619349.95,15.675049999999814,43.10598000000045
2899,4397385.65,4619437.92,15.634650000000372,43.193950000000186
2900,4397345.25,4619525.89,15.59425,43.28191999999993
2901,4397304.85,4619525.89,15.553849999999628,43.28191999999993
2902,4397264.45,4619613.86,15.513450000000187,43.369890000000595
2903,4397224.05,4619701.83,15.473049999999814,43.45786000000034
2904,4397224.05,4619789.8,15.473049999999814,43.54583000000007
2905,4397183.65,4619789.8,15.432650000000372,43.54583000000007
2906,4397143.25,4619877.78,15.39225,43.63381000000052
2907,4397143.25,4619965.75,15.39225,43.72178000000026
2908,4397102.85,4620053.72,15.351849999999628,43.80975
2909,4397102.85,4620141.69,15.351849999999628,43.89772000000067
2910,4397062.45,4620229.66,15.311450000000185,43.98569000000041
2911,4397102.85,4620317.63,15.351849999999628,44.073660000000146
2912,4397062.45,4620405.6,15.311450000000185,44.16162999999989
2913,4397062.45,4620493.58,15.311450000000185,44.24961000000034
2914,4397062.45,4620581.55,15.311450000000185,44.337580000000074
2915,4397062.45,4620669.52,15.311450000000185,44.42554999999982
2916,4397062.45,4620757.49,15.311450000000185,44.51352000000048
2917,4397062.45,4620845.46,15.311450000000185,44.601490000000226
2918,4397062.45,4620933.43,15.311450000000185,44.68945999999996
2919,4397062.45,4621021.4,15.311450000000185,44.777430000000635
2920,4397062.45,4621109.38,15.311450000000185,44.865410000000146
2921,4397062.45,4621197.35,15.311450000000185,44.95337999999989
2922,4397062.45,4621285.32,15.311450000000185,45.041350000000556
2923,4397062.45,4621373.29,15.311450000000185,45.1293200000003
2924,4397062.45,4621461.26,15.311450000000185,45.217290000000034
2925,4397062.45,4621549.23,15.311450000000185,45.30526000000071
2926,4397102.85,4621637.2,15.351849999999628,45.39323000000045
2927,4397143.25,4621637.2,15.39225,45.39323000000045
2928,4397102.85,4621725.18,15.351849999999628,45.48120999999996
2929,4397102.85,4621813.15,15.351849999999628,45.569180000000635
2930,4397102.85,4621901.12,15.351849999999628,45.65715000000037
2931,4397143.25,4621989.09,15.39225,45.745120000000114
2932,4397183.65,4621989.09,15.432650000000372,45.745120000000114
2933,4397143.25,4622077.06,15.39225,45.83308999999985
2934,4397143.25,4622165.03,15.39225,45.92106000000052
2935,4397143.25,4622253.0,15.39225,46.00903000000026
2936,4397143.25,4622340.97,15.39225,46.097
2937,4397143.25,4622428.95,15.39225,46.184980000000444
2938,4397183.65,4622516.92,15.432650000000372,46.272950000000186
2939,4397183.65,4622604.89,15.432650000000372,46.36091999999992
2940,4397183.65,4622692.86,15.432650000000372,46.448890000000596
2941,4397183.65,4622780.83,15.432650000000372,46.53686000000034
2942,4397183.65,4622868.8,15.432650000000372,46.624830000000074
2943,4397183.65,4622956.77,15.432650000000372,46.71279999999982
2944,4397183.65,4623044.75,15.432650000000372,46.80078000000026
2945,4397183.65,4623132.72,15.432650000000372,46.88875
2946,4397224.05,4623220.69,15.473049999999814,46.97672000000067
2947,4397224.05,4623308.66,15.473049999999814,47.06469000000041
2948,4397224.05,4623396.63,15.473049999999814,47.15266000000015
2949,4397224.05,4623484.6,15.473049999999814,47.24062999999989
2950,4397224.05,4623572.57,15.473049999999814,47.328600000000556
2951,4397224.05,4623660.55,15.473049999999814,47.416580000000074
2952,4397264.45,4623748.52,15.513450000000187,47.50454999999982
2953,4397264.45,4623836.49,15.513450000000187,47.59252000000048
2954,4397304.85,4623924.46,15.553849999999628,47.680490000000226
2955,4397304.85,4624012.43,15.553849999999628,47.76845999999996
2956,4397304.85,4624100.4,15.553849999999628,47.856430000000636
2957,4397304.85,4624188.37,15.553849999999628,47.94440000000037
2958,4397304.85,4624276.35,15.553849999999628,48.03237999999989
2959,4397304.85,4624364.32,15.553849999999628,48.120350000000556
2960,4397304.85,4624452.29,15.553849999999628,48.2083200000003
2961,4397304.85,4624540.26,15.553849999999628,48.296290000000035
2962,4397304.85,4624628.23,15.553849999999628,48.38426000000071
2963,4397304.85,4624716.2,15.553849999999628,48.472230000000444
2964,4397304.85,4624804.17,15.553849999999628,48.56020000000019
2965,4397304.85,4624892.14,15.553849999999628,48.64816999999992
2966,4397304.85,4624980.12,15.553849999999628,48.73615000000037
2967,4397345.25,4625068.09,15.59425,48.824120000000114
2968,4397345.25,4625156.06,15.59425,48.91208999999985
2969,4397345.25,4625244.03,15.59425,49.00006000000052
2970,4397345.25,4625332.0,15.59425,49.08803000000026
2971,4397345.25,4625419.97,15.59425,49.176
2972,4397345.25,4625507.94,15.59425,49.26397000000067
2973,4397345.25,4625595.92,15.59425,49.35195000000019
2974,4397385.65,4625683.89,15.634650000000372,49.43991999999992
2975,4397385.65,4625771.86,15.634650000000372,49.527890000000596
2976,4397385.65,4625859.83,15.634650000000372,49.61586000000033
2977,4397385.65,4625947.8,15.634650000000372,49.703830000000075
2978,4397385.65,4626035.77,15.634650000000372,49.79179999999981
2979,4397426.05,4626123.74,15.675049999999814,49.879770000000484
2980,4397385.65,4626211.72,15.634650000000372,49.96775
2981,4397385.65,4626299.69,15.634650000000372,50.05572000000067
2982,4397385.65,4626387.66,15.634650000000372,50.14369000000041
2983,4397385.65,4626475.63,15.634650000000372,50.23166000000015
2984,4397385.65,4626563.6,15.634650000000372,50.31962999999989
2985,4397385.65,4626651.57,15.634650000000372,50.407600000000556
2986,4397385.65,4626739.54,15.634650000000372,50.4955700000003
2987,4397385.65,4626827.52,15.634650000000372,50.58354999999981
2988,4397385.65,4626915.49,15.634650000000372,50.671520000000484
2989,4397385.65,4627003.46,15.634650000000372,50.75949000000023
2990,4397385.65,4627091.43,15.634650000000372,50.84745999999996
2991,4397385.65,4627179.4,15.634650000000372,50.935430000000636
2992,4397345.25,4627179.4,15.59425,50.935430000000636
2993,4397304.85,4627179.4,15.553849999999628,50.935430000000636
2994,4397264.45,4627179.4,15.513450000000187,50.935430000000636
2995,4397224.05,4627179.4,15.473049999999814,50.935430000000636
2996,4397183.65,4627179.4,15.432650000000372,50.935430000000636
2997,4397143.25,4627091.43,15.39225,50.84745999999996
2998,4397102.85,4627003.46,15.351849999999628,50.75949000000023
2999,4397062.45,4626915.49,15.311450000000185,50.671520000000484
3000,4397022.05,4626827.52,15.271049999999814,50.58354999999981
3001,4397022.05,4626739.54,15.271049999999814,50.4955700000003
3002,4396981.65,4626651.57,15.230650000000372,50.407600000000556
3003,4396941.25,4626651.57,15.19025,50.407600000000556
3004,4396900.85,4626563.6,15.149849999999628,50.31962999999989
3005,4396860.45,4626475.63,15.109450000000185,50.23166000000015
3006,4396860.45,4626387.66,15.109450000000185,50.14369000000041
3007,4396820.05,4626299.69,15.069049999999814,50.05572000000067
3008,4396779.65,4626211.72,15.028650000000372,49.96775
3009,4396779.65,4626123.74,15.028650000000372,49.879770000000484
3010,4396739.26,4626035.77,14.988259999999777,49.79179999999981
3011,4396698.86,4625947.8,14.947860000000336,49.703830000000075
3012,4396698.86,4625859.83,14.947860000000336,49.61586000000033
3013,4396698.86,4625771.86,14.947860000000336,49.527890000000596
3014,4396658.46,4625683.89,14.907459999999963,49.43991999999992
3015,4396698.86,4625595.92,14.947860000000336,49.35195000000019
3016,4396658.46,4625507.94,14.907459999999963,49.26397000000067
3017,4396658.46,4625419.97,14.907459999999963,49.176
3018,4396658.46,4625332.0,14.907459999999963,49.08803000000026
3019,4396658.46,4625244.03,14.907459999999963,49.00006000000052
3020,4396658.46,4625156.06,14.907459999999963,48.91208999999985
3021,4396658.46,4625068.09,14.907459999999963,48.824120000000114
3022,4396658.46,4624980.12,14.907459999999963,48.73615000000037
3023,4396658.46,4624892.14,14.907459999999963,48.64816999999992
3024,4396698.86,4624804.17,14.947860000000336,48.56020000000019
3025,4396698.86,4624716.2,14.947860000000336,48.472230000000444
3026,4396698.86,4624628.23,14.947860000000336,48.38426000000071
3027,4396698.86,4624540.26,14.947860000000336,48.296290000000035
3028,4396658.46,4624452.29,14.907459999999963,48.2083200000003
3029,4396658.46,4624364.32,14.907459999999963,48.120350000000556
3030,4396698.86,4624276.35,14.947860000000336,48.03237999999989
3031,4396658.46,4624188.37,14.907459999999963,47.94440000000037
3032,4396698.86,4624100.4,14.947860000000336,47.856430000000636
3033,4396698.86,4624012.43,14.947860000000336,47.76845999999996
3034,4396658.46,4623924.46,14.907459999999963,47.680490000000226
3035,4396658.46,4623836.49,14.907459999999963,47.59252000000048
3036,4396618.06,4623748.52,14.86705999999959,47.50454999999982
3037,4396577.66,4623660.55,14.82666000000015,47.416580000000074
3038,4396577.66,4623572.57,14.82666000000015,47.328600000000556
3039,4396577.66,4623484.6,14.82666000000015,47.24062999999989
3040,4396577.66,4623396.63,14.82666000000015,47.15266000000015
3041,4396577.66,4623308.66,14.82666000000015,47.06469000000041
3042,4396537.26,4623220.69,14.786259999999777,46.97672000000067
3043,4396537.26,4623132.72,14.786259999999777,46.88875
3044,4396537.26,4623044.75,14.786259999999777,46.80078000000026
3045,4396496.86,4622956.77,14.745860000000336,46.71279999999982
3046,4396496.86,4622868.8,14.745860000000336,46.624830000000074
3047,4396456.46,4622780.83,14.705459999999963,46.53686000000034
3048,4396416.06,4622780.83,14.66505999999959,46.53686000000034
3049,4396416.06,4622692.86,14.66505999999959,46.448890000000596
3050,4396375.66,4622604.89,14.62466000000015,46.36091999999992
3051,4396375.66,4622516.92,14.62466000000015,46.272950000000186
3052,4396335.26,4622428.95,14.584259999999777,46.184980000000444
3053,4396335.26,4622340.97,14.584259999999777,46.097
3054,4396294.86,4622253.0,14.543860000000334,46.00903000000026
3055,4396294.86,4622165.03,14.543860000000334,45.92106000000052
3056,4396254.46,4622077.06,14.503459999999963,45.83308999999985
3057,4396214.06,4621989.09,14.46305999999959,45.745120000000114
3058,4396214.06,4621901.12,14.46305999999959,45.65715000000037
3059,4396173.66,4621813.15,14.42266000000015,45.569180000000635
3060,4396173.66,4621725.18,14.42266000000015,45.48120999999996
3061,4396133.26,4621637.2,14.382259999999777,45.39323000000045
3062,4396133.26,4621549.23,14.382259999999777,45.30526000000071
3063,4396133.26,4621461.26,14.382259999999777,45.217290000000034
3064,4396092.86,4621373.29,14.341860000000334,45.1293200000003
3065,4396092.86,4621285.32,14.341860000000334,45.041350000000556
3066,4396052.46,4621197.35,14.301459999999963,44.95337999999989
3067,4396012.06,4621109.38,14.26105999999959,44.865410000000146
3068,4396052.46,4621021.4,14.301459999999963,44.777430000000635
3069,4396012.06,4620933.43,14.26105999999959,44.68945999999996
3070,4395971.66,4620845.46,14.22066000000015,44.601490000000226
3071,4395931.26,4620845.46,14.180259999999777,44.601490000000226
3072,4395890.86,4620757.49,14.139860000000334,44.51352000000048
3073,4395890.86,4620669.52,14.139860000000334,44.42554999999982
3074,4395850.46,4620581.55,14.099459999999963,44.337580000000074
3075,4395810.06,4620493.58,14.05905999999959,44.24961000000034
3076,4395769.66,4620493.58,14.01866000000015,44.24961000000034
3077,4395810.06,4620405.6,14.05905999999959,44.16162999999989
3078,4395769.66,4620317.63,14.01866000000015,44.073660000000146
3079,4395729.27,4620229.66,13.978269999999553,43.98569000000041
3080,4395688.87,4620141.69,13.937870000000112,43.89772000000067
3081,4395648.47,4620141.69,13.897469999999739,43.89772000000067
3082,4395608.07,4620141.69,13.857070000000299,43.89772000000067
3083,4395567.67,4620053.72,13.816669999999926,43.80975
3084,4395567.67,4619965.75,13.816669999999926,43.72178000000026
3085,4395527.27,4619877.78,13.776269999999553,43.63381000000052
3086,4395486.87,4619877.78,13.735870000000112,43.63381000000052
3087,4395446.47,4619789.8,13.69546999999974,43.54583000000007
3088,4395406.07,4619789.8,13.655070000000299,43.54583000000007
3089,4395365.67,4619789.8,13.614669999999926,43.54583000000007
3090,4395325.27,4619789.8,13.574269999999553,43.54583000000007
3091,4395284.87,4619789.8,13.533870000000112,43.54583000000007
3092,4395244.47,4619789.8,13.49346999999974,43.54583000000007
3093,4395204.07,4619789.8,13.453070000000299,43.54583000000007
3094,4395163.67,4619701.83,13.412669999999926,43.45786000000034
3095,4395123.27,4619701.83,13.372269999999553,43.45786000000034
3096,4395082.87,4619789.8,13.331870000000112,43.54583000000007
3097,4395042.47,4619789.8,13.29146999999974,43.54583000000007
3098,4395002.07,4619789.8,13.251070000000299,43.54583000000007
3099,4394961.67,4619789.8,13.210669999999926,43.54583000000007
3100,4394921.27,4619789.8,13.170269999999553,43.54583000000007
3101,4394880.87,4619789.8,13.129870000000112,43.54583000000007
3102,4394840.47,4619789.8,13.08946999999974,43.54583000000007
3103,4394800.07,4619789.8,13.049070000000299,43.54583000000007
3104,4394759.67,4619789.8,13.008669999999926,43.54583000000007
3105,4394719.27,4619877.78,12.968269999999553,43.63381000000052
3106,4394678.88,4619877.78,12.927879999999888,43.63381000000052
3107,4394638.48,4619877.78,12.887480000000448,43.63381000000052
3108,4394598.08,4619877.78,12.847080000000075,43.63381000000052
3109,4394557.68,4619877.78,12.806679999999702,43.63381000000052
3110,4394517.28,4619877.78,12.766280000000261,43.63381000000052
3111,4394476.88,4619965.75,12.725879999999888,43.72178000000026
3112,4394436.48,4619877.78,12.685480000000448,43.63381000000052
3113,4394396.08,4619877.78,12.645080000000075,43.63381000000052
3114,4394355.68,4619877.78,12.604679999999702,43.63381000000052
3115,4394315.28,4619877.78,12.564280000000261,43.63381000000052
3116,4394274.88,4619877.78,12.523879999999888,43.63381000000052
3117,4394234.48,4619877.78,12.483480000000448,43.63381000000052
3118,4394194.08,4619877.78,12.443080000000075,43.63381000000052
3119,4394153.68,4619877.78,12.402679999999702,43.63381000000052
3120,4394113.28,4619877.78,12.362280000000261,43.63381000000052
3121,4394072.88,4619877.78,12.321879999999888,43.63381000000052
3122,4394032.48,4619877.78,12.281480000000448,43.63381000000052
3123,4393992.08,4619877.78,12.241080000000075,43.63381000000052
3124,4393951.68,4619877.78,12.200679999999702,43.63381000000052
3125,4393911.28,4619877.78,12.160280000000261,43.63381000000052
3126,4393870.88,4619965.75,12.119879999999888,43.72178000000026
3127,4393830.48,4619965.75,12.079480000000448,43.72178000000026
3128,4393790.08,4619965.75,12.039080000000075,43.72178000000026
3129,4393749.68,4619965.75,11.998679999999702,43.72178000000026
3130,4393709.28,4619877.78,11.958280000000261,43.63381000000052
3131,4393668.88,4619877.78,11.917879999999888,43.63381000000052
3132,4393628.49,4619877.78,11.877490000000224,43.63381000000052
3133,4393588.09,4619877.78,11.83708999999985,43.63381000000052
3134,4393547.69,4619789.8,11.79669000000041,43.54583000000007
3135,4393507.29,4619789.8,11.756290000000037,43.54583000000007
3136,4393466.89,4619877.78,11.715889999999664,43.63381000000052
3137,4393426.49,4619789.8,11.675490000000224,43.54583000000007
3138,4393386.09,4619789.8,11.63508999999985,43.54583000000007
3139,4393345.69,4619877.78,11.59469000000041,43.63381000000052
3140,4393305.29,4619789.8,11.554290000000037,43.54583000000007
3141,4393264.89,4619701.83,11.513889999999664,43.45786000000034
3142,4393224.49,4619701.83,11.473490000000224,43.45786000000034
3143,4393184.09,4619613.86,11.43308999999985,43.369890000000595
3144,4393143.69,4619613.86,11.39269000000041,43.369890000000595
3145,4393103.29,4619613.86,11.352290000000037,43.369890000000595
3146,4393062.89,4619701.83,11.311889999999664,43.45786000000034
3147,4393062.89,4619613.86,11.311889999999664,43.369890000000595
3148,4393022.49,4619525.89,11.271490000000224,43.28191999999993
3149,4392982.09,4619525.89,11.23108999999985,43.28191999999993
3150,4392941.69,4619437.92,11.19069000000041,43.193950000000186
3151,4392901.29,4619525.89,11.150290000000037,43.28191999999993
3152,4392860.89,4619437.92,11.109889999999664,43.193950000000186
3153,4392820.49,4619525.89,11.069490000000224,43.28191999999993
3154,4392780.09,4619437.92,11.02908999999985,43.193950000000186
3155,4392739.69,4619437.92,10.98869000000041,43.193950000000186
3156,4392699.29,4619349.95,10.948290000000037,43.10598000000045
3157,4392658.89,4619437.92,10.907889999999664,43.193950000000186
3158,4392618.5,4619437.92,10.8675,43.193950000000186
3159,4392578.1,4619437.92,10.827099999999627,43.193950000000186
3160,4392537.7,4619437.92,10.786700000000186,43.193950000000186
3161,4392497.3,4619437.92,10.746299999999813,43.193950000000186
3162,4392456.9,4619437.92,10.705900000000373,43.193950000000186
3163,4392416.5,4619437.92,10.6655,43.193950000000186
3164,4392376.1,4619437.92,10.625099999999627,43.193950000000186
3165,4392335.7,4619349.95,10.584700000000186,43.10598000000045
3166,4392295.3,4619349.95,10.544299999999813,43.10598000000045
3167,4392254.9,4619349.95,10.503900000000373,43.10598000000045
3168,4392214.5,4619261.98,10.4635,43.01801000000071
3169,4392174.1,4619261.98,10.423099999999627,43.01801000000071
3170,4392133.7,4619261.98,10.382700000000186,43.01801000000071
3171,4392093.3,4619261.98,10.342299999999813,43.01801000000071
3172,4392093.3,4619174.01,10.342299999999813,42.930040000000034
3173,4392052.9,4619086.03,10.301900000000373,42.84206000000052
3174,4392012.5,4619086.03,10.2615,42.84206000000052
3175,4391972.1,4619086.03,10.221099999999627,42.84206000000052
3176,4391931.7,4618998.06,10.180700000000186,42.75408999999985
3177,4391891.3,4618998.06,10.140299999999813,42.75408999999985
3178,4391850.9,4618910.09,10.099900000000373,42.66612000000011
3179,4391810.5,4618822.12,10.0595,42.57815000000037
3180,4391770.1,4618734.15,10.019099999999627,42.490180000000635
3181,4391729.7,4618734.15,9.978700000000186,42.490180000000635
3182,4391689.3,4618646.18,9.938299999999813,42.40220999999996
3183,4391648.9,4618558.21,9.897900000000373,42.314240000000225
3184,4391608.5,4618470.23,9.8575,42.22626000000071
3185,4391568.11,4618470.23,9.817110000000335,42.22626000000071
3186,4391527.71,4618382.26,9.776709999999962,42.13829000000004
3187,4391487.31,4618382.26,9.736309999999591,42.13829000000004
3188,4391446.91,4618470.23,9.695910000000149,42.22626000000071
3189,4391406.51,4618558.21,9.655509999999776,42.314240000000225
3190,4391366.11,4618558.21,9.615110000000335,42.314240000000225
3191,4391325.71,4618646.18,9.574709999999962,42.40220999999996
3192,4391325.71,4618734.15,9.574709999999962,42.490180000000635
3193,4391285.31,4618646.18,9.534309999999591,42.40220999999996
3194,4391244.91,4618734.15,9.493910000000149,42.490180000000635
3195,4391204.51,4618822.12,9.453509999999776,42.57815000000037
3196,4391204.51,4618910.09,9.453509999999776,42.66612000000011
3197,4391204.51,4618998.06,9.453509999999776,42.75408999999985
3198,4391164.11,4619086.03,9.413110000000335,42.84206000000052
3199,4391123.71,4619174.01,9.372709999999962,42.930040000000034
3200,4391083.31,4619261.98,9.332309999999591,43.01801000000071
3201,4391042.91,4619349.95,9.291910000000149,43.10598000000045
3202,4391042.91,4619437.92,9.291910000000149,43.193950000000186
3203,4391083.31,4619525.89,9.332309999999591,43.28191999999993
3204,4391083.31,4619613.86,9.332309999999591,43.369890000000595
3205,4391042.91,4619525.89,9.291910000000149,43.28191999999993
3206,4391002.51,4619437.92,9.251509999999776,43.193950000000186
3207,4390962.11,4619525.89,9.211110000000335,43.28191999999993
3208,4390921.71,4619613.86,9.170709999999962,43.369890000000595
3209,4390921.71,4619701.83,9.170709999999962,43.45786000000034
3210,4390881.31,4619789.8,9.13030999999959,43.54583000000007
3211,4390881.31,4619877.78,9.13030999999959,43.63381000000052
3212,4390881.31,4619965.75,9.13030999999959,43.72178000000026
3213,4390921.71,4620053.72,9.170709999999962,43.80975
3214,4390881.31,4620141.69,9.13030999999959,43.89772000000067
3215,4390881.31,4620229.66,9.13030999999959,43.98569000000041
3216,4390840.91,4620317.63,9.089910000000149,44.073660000000146
3217,4390840.91,4620405.6,9.089910000000149,44.16162999999989
3218,4390800.51,4620493.58,9.049509999999776,44.24961000000034
3219,4390760.11,4620581.55,9.009110000000335,44.337580000000074
3220,4390760.11,4620669.52,9.009110000000335,44.42554999999982
3221,4390760.11,4620757.49,9.009110000000335,44.51352000000048
3222,4390760.11,4620845.46,9.009110000000335,44.601490000000226
3223,4390760.11,4620933.43,9.009110000000335,44.68945999999996
3224,4390760.11,4621021.4,9.009110000000335,44.777430000000635
3225,4390760.11,4621109.38,9.009110000000335,44.865410000000146
3226,4390760.11,4621197.35,9.009110000000335,44.95337999999989
3227,4390760.11,4621285.32,9.009110000000335,45.041350000000556
3228,4390760.11,4621373.29,9.009110000000335,45.1293200000003
3229,4390760.11,4621461.26,9.009110000000335,45.217290000000034
3230,4390760.11,4621549.23,9.009110000000335,45.30526000000071
3231,4390760.11,4621637.2,9.009110000000335,45.39323000000045
3232,4390760.11,4621725.18,9.009110000000335,45.48120999999996
3233,4390760.11,4621813.15,9.009110000000335,45.569180000000635
3234,4390760.11,4621901.12,9.009110000000335,45.65715000000037
3235,4390760.11,4621989.09,9.009110000000335,45.745120000000114
3236,4390760.11,4622077.06,9.009110000000335,45.83308999999985
3237,4390760.11,4622165.03,9.009110000000335,45.92106000000052
3238,4390760.11,4622253.0,9.009110000000335,46.00903000000026
3239,4390760.11,4622340.97,9.009110000000335,46.097
3240,4390760.11,4622428.95,9.009110000000335,46.184980000000444
3241,4390760.11,4622516.92,9.009110000000335,46.272950000000186
3242,4390760.11,4622604.89,9.009110000000335,46.36091999999992
3243,4390760.11,4622692.86,9.009110000000335,46.448890000000596
3244,4390760.11,4622780.83,9.009110000000335,46.53686000000034
3245,4390760.11,4622868.8,9.009110000000335,46.624830000000074
3246,4390719.71,4622780.83,8.968709999999962,46.53686000000034
3247,4390679.31,4622868.8,8.92830999999959,46.624830000000074
3248,4390679.31,4622956.77,8.92830999999959,46.71279999999982
3249,4390638.91,4623044.75,8.887910000000149,46.80078000000026
3250,4390638.91,4623132.72,8.887910000000149,46.88875
3251,4390598.51,4623220.69,8.847509999999776,46.97672000000067
3252,4390558.12,4623308.66,8.807120000000111,47.06469000000041
3253,4390517.72,4623396.63,8.76671999999974,47.15266000000015
3254,4390477.32,4623484.6,8.726320000000298,47.24062999999989
3255,4390436.92,4623484.6,8.685919999999925,47.24062999999989
3256,4390396.52,4623572.57,8.645519999999554,47.328600000000556
3257,4390396.52,4623660.55,8.645519999999554,47.416580000000074
3258,4390356.12,4623660.55,8.605120000000111,47.416580000000074
3259,4390315.72,4623660.55,8.56471999999974,47.416580000000074
3260,4390275.32,4623748.52,8.524320000000298,47.50454999999982
3261,4390234.92,4623836.49,8.483919999999925,47.59252000000048
3262,4390194.52,4623924.46,8.443519999999554,47.680490000000226
3263,4390194.52,4624012.43,8.443519999999554,47.76845999999996
3264,4390154.12,4623924.46,8.403120000000111,47.680490000000226
3265,4390113.72,4624012.43,8.362719999999738,47.76845999999996
3266,4390073.32,4624100.4,8.322320000000298,47.856430000000636
3267,4390032.92,4624188.37,8.281919999999925,47.94440000000037
3268,4389992.52,4624276.35,8.241519999999554,48.03237999999989
3269,4389952.12,4624364.32,8.201120000000111,48.120350000000556
3270,4389911.72,4624364.32,8.160719999999738,48.120350000000556
3271,4389871.32,4624452.29,8.120320000000298,48.2083200000003
3272,4389830.92,4624452.29,8.079919999999925,48.2083200000003
3273,4389790.52,4624540.26,8.039519999999554,48.296290000000035
3274,4389750.12,4624628.23,7.9991200000001115,48.38426000000071
3275,4389709.72,4624716.2,7.958719999999739,48.472230000000444
3276,4389709.72,4624804.17,7.958719999999739,48.56020000000019
3277,4389709.72,4624892.14,7.958719999999739,48.64816999999992
3278,4389669.32,4624980.12,7.918320000000298,48.73615000000037
3279,4389709.72,4625068.09,7.958719999999739,48.824120000000114
3280,4389709.72,4625156.06,7.958719999999739,48.91208999999985
3281,4389709.72,4625244.03,7.958719999999739,49.00006000000052
3282,4389750.12,4625332.0,7.9991200000001115,49.08803000000026
3283,4389750.12,4625419.97,7.9991200000001115,49.176
3284,4389709.72,4625507.94,7.958719999999739,49.26397000000067
3285,4389709.72,4625595.92,7.958719999999739,49.35195000000019
3286,4389709.72,4625683.89,7.958719999999739,49.43991999999992
3287,4389709.72,4625771.86,7.958719999999739,49.527890000000596
3288,4389709.72,4625859.83,7.958719999999739,49.61586000000033
3289,4389709.72,4625947.8,7.958719999999739,49.703830000000075
3290,4389709.72,4626035.77,7.958719999999739,49.79179999999981
3291,4389669.32,4626123.74,7.918320000000298,49.879770000000484
3292,4389628.92,4626211.72,7.877919999999926,49.96775
3293,4389628.92,4626299.69,7.877919999999926,50.05572000000067
3294,4389628.92,4626387.66,7.877919999999926,50.14369000000041
3295,4389628.92,4626475.63,7.877919999999926,50.23166000000015
3296,4389628.92,4626563.6,7.877919999999926,50.31962999999989
3297,4389628.92,4626651.57,7.877919999999926,50.407600000000556
3298,4389588.52,4626651.57,7.837519999999553,50.407600000000556
3299,4389588.52,4626563.6,7.837519999999553,50.31962999999989
3300,4389588.52,4626475.63,7.837519999999553,50.23166000000015
3301,4389548.12,4626387.66,7.7971200000001115,50.14369000000041
3302,4389507.73,4626475.63,7.756730000000447,50.23166000000015
3303,4389467.33,4626387.66,7.716330000000075,50.14369000000041
3304,4389426.93,4626475.63,7.675929999999702,50.23166000000015
3305,4389386.53,4626475.63,7.63553000000026,50.23166000000015
3306,4389346.13,4626563.6,7.595129999999888,50.31962999999989
3307,4389305.73,4626651.57,7.554730000000447,50.407600000000556
3308,4389305.73,4626739.54,7.554730000000447,50.4955700000003
3309,4389265.33,4626651.57,7.514330000000075,50.407600000000556
3310,4389224.93,4626739.54,7.473929999999702,50.4955700000003
3311,4389184.53,4626827.52,7.43353000000026,50.58354999999981
3312,4389144.13,4626915.49,7.393129999999888,50.671520000000484
3313,4389103.73,4627003.46,7.352730000000447,50.75949000000023
3314,4389063.33,4627091.43,7.312330000000075,50.84745999999996
3315,4389022.93,4627091.43,7.271929999999702,50.84745999999996
3316,4388982.53,4627091.43,7.2315300000002605,50.84745999999996
3317,4388942.13,4627179.4,7.191129999999888,50.935430000000636
3318,4388901.73,4627091.43,7.150730000000447,50.84745999999996
3319,4388861.33,4627179.4,7.110330000000075,50.935430000000636
3320,4388820.93,4627179.4,7.069929999999702,50.935430000000636
3321,4388780.53,4627179.4,7.0295300000002605,50.935430000000636
3322,4388740.13,4627179.4,6.989129999999888,50.935430000000636
3323,4388699.73,4627179.4,6.948730000000447,50.935430000000636
3324,4388659.33,4627179.4,6.908330000000075,50.935430000000636
3325,4388618.93,4627179.4,6.867929999999702,50.935430000000636
3326,4388578.53,4627179.4,6.827530000000261,50.935430000000636
3327,4388538.13,4627179.4,6.787129999999888,50.935430000000636
3328,4388497.73,4627179.4,6.746730000000447,50.935430000000636
3329,4388457.34,4627179.4,6.706339999999851,50.935430000000636
3330,4388416.94,4627179.4,6.665940000000409,50.935430000000636
3331,4388376.54,4627179.4,6.625540000000037,50.935430000000636
3332,4388336.14,4627267.37,6.585139999999665,51.02340000000037
3333,4388295.74,4627267.37,6.544740000000224,51.02340000000037
3334,4388255.34,4627267.37,6.504339999999851,51.02340000000037
3335,4388214.94,4627267.37,6.4639400000004095,51.02340000000037
3336,4388174.54,4627267.37,6.423540000000037,51.02340000000037
3337,4388134.14,4627267.37,6.383139999999664,51.02340000000037
3338,4388093.74,4627355.34,6.342740000000224,51.111370000000115
3339,4388053.34,4627355.34,6.302339999999851,51.111370000000115
3340,4388012.94,4627443.31,6.2619400000004095,51.19933999999985
3341,4387972.54,4627355.34,6.221540000000037,51.111370000000115
3342,4387932.14,4627355.34,6.181139999999664,51.111370000000115
3343,4387891.74,4627443.31,6.140740000000224,51.19933999999985
3344,4387851.34,4627443.31,6.100339999999851,51.19933999999985
3345,4387810.94,4627443.31,6.0599400000004096,51.19933999999985
3346,4387770.54,4627443.31,6.019540000000037,51.19933999999985
3347,4387730.14,4627443.31,5.979139999999664,51.19933999999985
3348,4387689.74,4627443.31,5.938740000000224,51.19933999999985
3349,4387649.34,4627531.29,5.898339999999851,51.2873200000003
3350,4387608.94,4627531.29,5.85794000000041,51.2873200000003
3351,4387568.54,4627531.29,5.8175400000000375,51.2873200000003
3352,4387528.14,4627619.26,5.777139999999664,51.375290000000035
3353,4387487.74,4627619.26,5.736740000000223,51.375290000000035
3354,4387447.35,4627707.23,5.696349999999628,51.46326000000071
3355,4387406.95,4627707.23,5.655950000000186,51.46326000000071
3356,4387366.55,4627707.23,5.615549999999813,51.46326000000071
3357,4387326.15,4627795.2,5.575150000000373,51.551230000000444
3358,4387326.15,4627883.17,5.575150000000373,51.63920000000019
3359,4387285.75,4627883.17,5.53475,51.63920000000019
3360,4387245.35,4627883.17,5.494349999999628,51.63920000000019
3361,4387204.95,4627971.14,5.453950000000186,51.72716999999992
3362,4387164.55,4628059.11,5.413549999999813,51.815140000000596
3363,4387124.15,4628147.09,5.373150000000373,51.903120000000115
3364,4387083.75,4628235.06,5.33275,51.99108999999985
3365,4387043.35,4628235.06,5.292349999999628,51.99108999999985
3366,4387002.95,4628323.03,5.251950000000186,52.079060000000524
3367,4386962.55,4628411.0,5.211549999999813,52.16703000000026
3368,4386922.15,4628411.0,5.171150000000373,52.16703000000026
3369,4386881.75,4628411.0,5.13075,52.16703000000026
3370,4386841.35,4628411.0,5.090349999999628,52.16703000000026
3371,4386800.95,4628411.0,5.0499500000001865,52.16703000000026
3372,4386760.55,4628411.0,5.009549999999813,52.16703000000026
3373,4386720.15,4628411.0,4.969150000000372,52.16703000000026
3374,4386679.75,4628411.0,4.92875,52.16703000000026
3375,4386639.35,4628411.0,4.888349999999628,52.16703000000026
3376,4386598.95,4628411.0,4.8479500000001865,52.16703000000026
3377,4386558.55,4628411.0,4.8075499999998135,52.16703000000026
3378,4386518.15,4628411.0,4.767150000000372,52.16703000000026
3379,4386477.75,4628411.0,4.72675,52.16703000000026
3380,4386437.35,4628411.0,4.686349999999628,52.16703000000026
3381,4386396.96,4628411.0,4.645959999999962,52.16703000000026
3382,4386356.56,4628411.0,4.60555999999959,52.16703000000026
3383,4386316.16,4628411.0,4.565160000000149,52.16703000000026
3384,4386275.76,4628411.0,4.524759999999777,52.16703000000026
3385,4386235.36,4628411.0,4.484360000000335,52.16703000000026
3386,4386194.96,4628411.0,4.443959999999962,52.16703000000026
3387,4386154.56,4628411.0,4.40355999999959,52.16703000000026
3388,4386114.16,4628411.0,4.363160000000149,52.16703000000026
3389,4386073.76,4628411.0,4.322759999999777,52.16703000000026
3390,4386033.36,4628411.0,4.2823600000003355,52.16703000000026
3391,4385992.96,4628411.0,4.241959999999962,52.16703000000026
3392,4385952.56,4628411.0,4.20155999999959,52.16703000000026
3393,4385912.16,4628411.0,4.161160000000149,52.16703000000026
3394,4385871.76,4628411.0,4.120759999999777,52.16703000000026
3395,4385831.36,4628411.0,4.0803600000003355,52.16703000000026
3396,4385790.96,4628411.0,4.0399599999999625,52.16703000000026
3397,4385750.56,4628411.0,3.9995599999995903,52.16703000000026
3398,4385710.16,4628411.0,3.959160000000149,52.16703000000026
3399,4385669.76,4628411.0,3.9187599999997764,52.16703000000026
3400,4385629.36,4628411.0,3.878360000000335,52.16703000000026
3401,4385588.96,4628411.0,3.837959999999963,52.16703000000026
3402,4385548.56,4628411.0,3.7975599999995904,52.16703000000026
3403,4385508.16,4628411.0,3.757160000000149,52.16703000000026
3404,4385467.76,4628411.0,3.7167599999997765,52.16703000000026
3405,4385427.36,4628411.0,3.676360000000335,52.16703000000026
3406,4385386.96,4628411.0,3.6359599999999626,52.16703000000026
3407,4385346.57,4628411.0,3.595570000000298,52.16703000000026
3408,4385306.17,4628411.0,3.5551699999999253,52.16703000000026
3409,4385265.77,4628411.0,3.5147699999995528,52.16703000000026
3410,4385225.37,4628411.0,3.474370000000112,52.16703000000026
3411,4385184.97,4628411.0,3.4339699999997393,52.16703000000026
