x_km,y_km
5.704,51.306
5.649,51.222
5.614,51.172
5.6,51.156
5.593,51.139
5.58,51.122
5.573,51.106
5.559,51.089
5.524,51.056
5.545,51.055
5.531,51.039
5.517,51.022
5.538,51.022
5.503,50.989
5.496,50.972
5.489,50.955
5.448,50.922
5.455,50.905
15.614,50.592
15.607,50.542
15.614,50.525
15.607,50.491
15.614,50.475
15.614,50.323
15.614,50.307
15.593,50.29
15.614,50.29
15.579,50.273
15.6,50.273
5.122,50.337
15.586,50.257
15.607,50.256
5.101,50.303
15.434,50.207
15.455,50.207
15.476,50.207
15.413,50.191
15.434,50.191
15.455,50.19
5.101,50.253
15.413,50.174
15.434,50.174
5.087,50.236
15.386,50.157
15.406,50.157
15.427,50.157
5.087,50.219
15.372,50.141
15.392,50.14
15.413,50.14
5.08,50.203
15.337,50.124
15.358,50.124
15.379,50.124
15.399,50.124
5.073,50.186
15.316,50.107
15.337,50.107
15.358,50.107
15.379,50.107
15.399,50.107
5.087,50.169
15.33,50.091
15.351,50.09
15.372,50.09
15.392,50.09
5.087,50.152
15.316,50.074
15.337,50.074
15.358,50.074
15.379,50.073
15.282,50.057
15.302,50.057
15.323,50.057
15.344,50.057
15.365,50.057
15.268,50.041
15.289,50.041
15.309,50.04
15.33,50.04
15.351,50.04
5.066,50.102
15.261,50.024
15.282,50.024
15.302,50.024
15.323,50.023
15.344,50.023
5.066,50.085
15.254,50.007
15.275,50.007
15.295,50.007
15.316,50.007
15.337,50.007
5.053,50.068
15.24,49.991
15.261,49.99
15.282,49.99
15.302,49.99
15.323,49.99
15.344,49.99
15.24,49.974
15.261,49.974
15.282,49.973
15.302,49.973
15.323,49.973
15.24,49.957
15.261,49.957
15.282,49.957
15.302,49.956
15.323,49.956
15.24,49.94
15.261,49.94
15.281,49.94
15.302,49.94
15.219,49.923
15.24,49.923
15.261,49.923
15.281,49.923
15.302,49.923
15.219,49.907
15.24,49.907
15.261,49.906
15.281,49.906
15.302,49.906
15.219,49.89
15.24,49.89
15.261,49.89
15.281,49.889
15.302,49.889
15.219,49.873
15.24,49.873
15.261,49.873
15.281,49.873
15.198,49.856
15.219,49.856
15.24,49.856
15.261,49.856
15.281,49.856
15.198,49.84
15.219,49.84
15.24,49.839
15.261,49.839
15.281,49.839
15.205,49.823
15.226,49.823
15.247,49.823
15.268,49.822
15.191,49.806
15.212,49.806
15.233,49.806
15.254,49.806
15.274,49.806
15.198,49.789
15.219,49.789
15.24,49.789
15.261,49.789
15.191,49.773
15.212,49.772
15.233,49.772
15.254,49.772
15.184,49.756
15.205,49.756
15.226,49.756
15.247,49.755
15.184,49.739
15.205,49.739
15.226,49.739
15.247,49.739
15.184,49.722
15.205,49.722
15.226,49.722
15.247,49.722
15.171,49.706
15.191,49.705
15.212,49.705
15.233,49.705
15.15,49.689
15.171,49.689
15.191,49.689
15.212,49.688
15.233,49.688
15.157,49.672
15.177,49.672
15.198,49.672
15.219,49.672
15.24,49.671
15.157,49.655
15.177,49.655
15.198,49.655
15.219,49.655
15.24,49.655
15.15,49.639
15.17,49.638
15.191,49.638
15.212,49.638
15.233,49.638
15.129,49.622
15.15,49.622
15.17,49.622
15.191,49.621
15.212,49.621
15.233,49.621
15.122,49.605
15.143,49.605
15.163,49.605
15.184,49.605
15.205,49.605
15.226,49.604
15.115,49.588
15.136,49.588
15.157,49.588
15.177,49.588
15.198,49.588
15.219,49.588
15.24,49.588
15.136,49.572
15.157,49.571
15.177,49.571
15.198,49.571
15.219,49.571
15.24,49.571
15.143,49.555
15.163,49.555
15.184,49.554
15.205,49.554
15.226,49.554
15.246,49.554
15.156,49.538
15.177,49.538
15.198,49.537
15.219,49.537
15.239,49.537
15.15,49.521
15.17,49.521
15.191,49.521
15.212,49.521
15.233,49.52
15.253,49.52
15.163,49.504
15.184,49.504
15.205,49.504
15.226,49.504
15.246,49.504
15.17,49.487
15.191,49.487
15.212,49.487
15.232,49.487
15.053,49.471
15.198,49.47
15.219,49.47
15.239,49.47
15.205,49.453
15.226,49.453
15.246,49.453
15.219,49.437
15.239,49.436
15.26,49.436
15.239,49.42
15.26,49.419
15.239,49.403
15.26,49.403
15.239,49.386
15.26,49.386
15.281,49.386
15.26,49.369
15.281,49.369
15.267,49.352
15.288,49.352
15.274,49.335
15.295,49.335
15.274,49.319
15.295,49.318
15.274,49.302
15.295,49.302
15.267,49.285
15.288,49.285
15.308,49.285
15.281,49.268
15.301,49.268
15.274,49.251
15.294,49.251
15.315,49.251
15.281,49.235
15.301,49.234
15.267,49.218
15.287,49.218
15.308,49.218
15.274,49.201
15.294,49.201
15.315,49.201
15.281,49.184
15.301,49.184
15.26,49.168
15.28,49.167
15.301,49.167
15.253,49.151
15.274,49.151
15.294,49.151
15.315,49.15
15.253,49.134
15.274,49.134
15.294,49.134
15.315,49.134
15.246,49.117
15.267,49.117
15.287,49.117
15.308,49.117
15.239,49.101
15.26,49.1
15.28,49.1
15.301,49.1
15.322,49.1
15.246,49.084
15.267,49.084
15.287,49.083
15.308,49.083
15.329,49.083
15.253,49.067
15.273,49.067
15.294,49.067
15.315,49.066
15.336,49.066
15.253,49.05
15.273,49.05
15.294,49.05
15.315,49.05
15.336,49.049
15.253,49.033
15.273,49.033
15.294,49.033
15.315,49.033
15.336,49.033
15.26,49.016
15.28,49.016
15.301,49.016
15.322,49.016
15.266,49.0
15.287,48.999
15.308,48.999
15.329,48.999
15.287,48.983
15.308,48.983
15.329,48.982
15.294,48.966
15.315,48.966
15.336,48.966
15.308,48.949
15.329,48.949
15.308,48.932
15.329,48.932
15.349,48.932
15.329,48.915
15.349,48.915
15.329,48.898
15.349,48.898
15.329,48.882
15.349,48.881
15.37,48.881
15.342,48.865
15.363,48.865
15.384,48.864
15.349,48.848
15.37,48.848
15.391,48.848
15.356,48.831
15.377,48.831
15.342,48.814
15.363,48.814
15.384,48.814
15.349,48.798
15.37,48.797
15.391,48.797
15.363,48.781
15.384,48.78
15.356,48.764
15.377,48.764
15.398,48.764
15.37,48.747
15.391,48.747
15.363,48.73
15.384,48.73
15.356,48.714
15.377,48.713
15.397,48.713
15.363,48.697
15.384,48.697
15.349,48.68
15.37,48.68
15.391,48.68
15.349,48.663
15.37,48.663
15.391,48.663
15.349,48.646
15.37,48.646
15.39,48.646
15.342,48.63
15.363,48.63
15.384,48.629
15.404,48.629
15.363,48.613
15.384,48.613
15.404,48.612
15.37,48.596
15.39,48.596
15.356,48.579
15.377,48.579
15.397,48.579
15.363,48.562
15.383,48.562
15.404,48.562
15.37,48.546
15.39,48.545
15.411,48.545
15.37,48.529
15.39,48.529
15.411,48.528
15.37,48.512
15.39,48.512
15.411,48.512
15.356,48.495
15.376,48.495
15.397,48.495
15.418,48.495
15.363,48.478
15.383,48.478
15.404,48.478
15.425,48.478
15.369,48.462
15.39,48.461
15.411,48.461
15.356,48.445
15.376,48.445
15.397,48.445
15.418,48.444
15.363,48.428
15.383,48.428
15.404,48.428
15.425,48.428
15.376,48.411
15.397,48.411
15.418,48.411
15.369,48.394
15.39,48.394
15.411,48.394
15.362,48.378
15.383,48.378
15.404,48.377
15.369,48.361
15.39,48.361
15.362,48.344
15.383,48.344
15.362,48.327
15.383,48.327
15.369,48.31
15.355,48.294
15.376,48.294
15.362,48.277
15.342,48.26
15.362,48.26
15.342,48.244
15.362,48.243
15.335,48.227
15.355,48.227
15.321,48.21
15.341,48.21
15.307,48.193
15.328,48.193
15.286,48.177
15.307,48.177
15.328,48.176
15.279,48.16
15.3,48.16
15.321,48.16
15.341,48.16
15.279,48.143
15.3,48.143
15.321,48.143
15.258,48.127
15.279,48.126
15.3,48.126
15.321,48.126
15.265,48.11
15.286,48.11
15.307,48.109
15.328,48.109
15.265,48.093
15.286,48.093
15.307,48.093
15.244,48.076
15.265,48.076
15.286,48.076
15.307,48.076
15.238,48.06
15.258,48.059
15.279,48.059
15.3,48.059
15.321,48.059
15.244,48.043
15.265,48.043
15.286,48.042
15.307,48.042
15.217,48.026
15.238,48.026
15.258,48.026
15.279,48.026
15.3,48.026
15.321,48.025
15.224,48.009
15.244,48.009
15.265,48.009
15.286,48.009
15.307,48.009
15.203,47.993
15.224,47.993
15.244,47.992
15.265,47.992
15.286,47.992
15.307,47.992
15.189,47.976
15.21,47.976
15.231,47.976
15.251,47.976
15.272,47.975
15.293,47.975
15.314,47.975
15.196,47.959
15.217,47.959
15.237,47.959
15.258,47.959
15.279,47.959
15.3,47.958
15.32,47.958
15.196,47.942
15.217,47.942
15.237,47.942
15.258,47.942
15.279,47.942
15.3,47.942
15.32,47.941
15.196,47.926
15.217,47.925
15.237,47.925
15.258,47.925
15.279,47.925
15.3,47.925
15.32,47.925
15.196,47.909
15.217,47.909
15.237,47.908
15.258,47.908
15.279,47.908
15.3,47.908
15.32,47.908
15.196,47.892
15.217,47.892
15.237,47.892
15.258,47.892
15.279,47.891
15.3,47.891
15.182,47.875
15.203,47.875
15.223,47.875
15.244,47.875
15.265,47.875
15.286,47.875
15.306,47.874
15.196,47.858
15.217,47.858
15.237,47.858
15.258,47.858
15.279,47.858
15.3,47.858
15.203,47.842
15.223,47.841
15.244,47.841
15.265,47.841
15.286,47.841
15.203,47.825
15.223,47.825
15.244,47.824
15.265,47.824
15.286,47.824
15.21,47.808
15.23,47.808
15.251,47.808
15.272,47.807
15.293,47.807
15.23,47.791
15.251,47.791
15.272,47.791
15.293,47.791
15.244,47.774
15.265,47.774
15.286,47.774
15.251,47.757
15.272,47.757
15.292,47.757
15.265,47.74
15.286,47.74
15.265,47.724
15.286,47.723
15.265,47.707
15.286,47.707
15.265,47.69
15.285,47.69
15.265,47.673
15.285,47.673
15.272,47.656
15.251,47.64
15.272,47.64
15.244,47.623
15.265,47.623
15.237,47.606
15.258,47.606
15.237,47.589
15.209,47.573
15.23,47.573
15.209,47.556
15.188,47.539
15.209,47.539
15.188,47.523
15.209,47.523
15.195,47.506
15.181,47.489
15.202,47.489
15.181,47.472
15.161,47.456
15.181,47.456
15.161,47.439
15.181,47.439
15.168,47.422
15.188,47.422
15.168,47.405
15.188,47.405
15.161,47.389
15.181,47.388
15.154,47.372
15.174,47.372
15.195,47.372
15.161,47.355
15.181,47.355
15.202,47.355
15.167,47.338
15.188,47.338
15.154,47.321
15.174,47.321
15.195,47.321
15.16,47.305
15.181,47.304
15.147,47.288
15.167,47.288
15.188,47.288
15.154,47.271
15.174,47.271
15.147,47.254
15.167,47.254
15.133,47.238
15.153,47.238
15.174,47.237
15.14,47.221
15.16,47.221
15.119,47.204
15.14,47.204
15.16,47.204
15.112,47.187
15.133,47.187
15.153,47.187
15.174,47.187
15.126,47.171
15.146,47.17
15.167,47.17
15.126,47.154
15.146,47.154
15.112,47.137
15.133,47.137
15.119,47.12
15.098,47.087
15.098,47.07
15.098,47.003
15.091,46.969
15.07,46.936
15.091,46.936
15.077,46.919
15.07,46.902
15.07,46.886
15.07,46.869
15.063,46.852
15.028,46.819
15.028,46.802
15.049,46.802
15.035,46.785
15.028,46.768
15.021,46.752
15.042,46.751
15.028,46.735
15.014,46.718
15.035,46.718
15.021,46.701
15.042,46.701
15.035,46.684
15.028,46.668
15.049,46.667
15.049,46.651
15.042,46.634
15.063,46.634
15.056,46.617
15.077,46.617
15.063,46.6
15.049,46.583
15.07,46.583
15.056,46.567
15.077,46.566
15.063,46.55
15.049,46.533
15.07,46.533
15.063,46.516
15.056,46.499
15.056,46.483
15.035,46.466
15.014,46.449
15.035,46.449
15.007,46.433
15.028,46.433
14.938,46.383
14.959,46.383
14.924,46.366
14.903,46.35
14.924,46.349
14.896,46.333
14.917,46.333
14.876,46.316
14.896,46.316
14.869,46.299
14.855,46.283
14.876,46.283
14.869,46.266
14.862,46.249
14.855,46.232
14.848,46.216
14.869,46.215
14.855,46.199
14.841,46.182
14.862,46.182
14.848,46.165
14.834,46.149
14.82,46.132
14.841,46.132
14.82,46.115
14.841,46.115
14.827,46.098
14.813,46.082
14.806,46.065
14.799,46.048
14.785,46.031
14.778,46.015
14.799,46.014
14.785,45.998
14.758,45.981
14.778,45.981
14.744,45.965
14.765,45.964
14.737,45.948
14.758,45.948
14.73,45.931
14.751,45.931
14.723,45.914
14.744,45.914
14.702,45.898
14.723,45.898
14.702,45.881
14.674,45.864
14.695,45.864
14.661,45.848
14.681,45.847
14.668,45.831
14.661,45.814
14.681,45.814
14.674,45.797
14.674,45.78
14.674,45.764
14.681,45.747
14.681,45.73
14.702,45.73
14.688,45.713
14.709,45.713
14.695,45.696
14.716,45.696
14.702,45.679
14.723,45.679
14.743,45.679
14.716,45.663
14.736,45.662
14.757,45.662
14.736,45.646
14.757,45.645
14.736,45.629
14.757,45.629
14.778,45.628
14.75,45.612
14.771,45.612
14.792,45.612
14.771,45.595
14.792,45.595
14.771,45.578
14.792,45.578
14.778,45.561
14.799,45.561
14.785,45.544
14.771,45.528
14.792,45.528
14.771,45.511
14.792,45.511
14.771,45.494
14.792,45.494
14.778,45.477
14.798,45.477
14.805,45.46
14.805,45.444
14.826,45.443
14.812,45.427
14.833,45.427
14.819,45.41
14.84,45.41
14.819,45.393
14.84,45.393
14.826,45.376
14.847,45.376
14.826,45.359
14.847,45.359
14.819,45.343
14.84,45.343
14.861,45.342
14.826,45.326
14.847,45.326
14.867,45.326
14.833,45.309
14.854,45.309
14.874,45.309
14.854,45.292
14.874,45.292
14.854,45.275
14.874,45.275
14.854,45.259
14.874,45.258
14.854,45.242
14.874,45.242
14.895,45.241
14.867,45.225
14.888,45.225
14.909,45.225
14.874,45.208
14.895,45.208
14.86,45.191
14.881,45.191
14.902,45.191
14.874,45.174
14.895,45.174
14.881,45.141
14.874,45.124
14.86,45.107
14.881,45.107
14.867,45.09
14.888,45.09
14.867,45.074
14.888,45.074
14.867,45.057
14.888,45.057
14.867,45.04
14.888,45.04
14.909,45.04
14.86,45.023
14.881,45.023
14.902,45.023
14.853,45.007
14.874,45.006
14.895,45.006
14.846,44.99
14.867,44.99
14.888,44.99
14.909,44.989
14.86,44.973
14.881,44.973
14.902,44.973
14.846,44.956
14.867,44.956
14.888,44.956
14.839,44.94
14.86,44.939
14.881,44.939
14.832,44.923
14.853,44.923
14.874,44.923
14.832,44.906
14.853,44.906
14.812,44.889
14.832,44.889
14.812,44.873
14.832,44.872
14.805,44.856
14.825,44.856
14.777,44.839
14.798,44.839
14.818,44.839
14.756,44.823
14.777,44.823
14.798,44.822
14.818,44.822
14.735,44.806
14.756,44.806
14.777,44.806
14.798,44.806
14.818,44.805
14.728,44.789
14.749,44.789
14.77,44.789
14.791,44.789
14.811,44.789
14.708,44.773
14.728,44.773
14.749,44.772
14.77,44.772
14.791,44.772
14.68,44.756
14.701,44.756
14.721,44.756
14.777,44.755
14.798,44.755
14.666,44.739
14.687,44.739
14.708,44.739
14.652,44.723
14.673,44.723
14.694,44.722
14.797,44.722
14.666,44.706
14.687,44.706
14.645,44.689
14.666,44.689
14.583,44.639
14.777,44.638
14.569,44.623
14.59,44.622
14.555,44.606
14.576,44.606
14.555,44.589
14.534,44.573
14.555,44.572
14.528,44.556
14.548,44.556
14.521,44.539
14.541,44.539
14.749,44.537
14.5,44.522
14.521,44.522
14.541,44.522
14.749,44.521
14.5,44.506
14.521,44.505
14.541,44.505
14.749,44.504
14.486,44.489
14.507,44.489
14.527,44.489
14.472,44.472
14.493,44.472
14.514,44.472
14.534,44.472
14.479,44.455
14.5,44.455
14.521,44.455
14.472,44.439
14.493,44.439
14.514,44.438
14.472,44.422
14.493,44.422
14.514,44.422
14.493,44.405
14.514,44.405
14.513,44.388
14.513,44.354
14.513,44.304
14.534,44.304
14.527,44.287
14.52,44.27
14.541,44.27
14.52,44.254
14.541,44.253
14.52,44.237
14.541,44.237
14.513,44.22
14.534,44.22
14.506,44.203
14.527,44.203
14.548,44.203
14.513,44.187
14.534,44.186
14.506,44.17
14.527,44.17
14.548,44.169
14.52,44.153
14.541,44.153
14.52,44.136
14.541,44.136
14.527,44.119
14.548,44.119
14.541,44.102
14.541,44.086
8.994,44.111
14.555,44.069
14.555,44.052
14.555,44.035
14.555,44.018
14.575,44.018
14.561,44.001
14.548,43.985
14.568,43.985
14.548,43.968
14.568,43.968
14.554,43.951
14.575,43.951
14.547,43.934
14.568,43.934
14.589,43.934
14.554,43.918
14.575,43.917
14.596,43.917
14.561,43.901
14.582,43.901
14.561,43.884
14.582,43.884
14.603,43.884
14.457,43.868
14.478,43.868
14.561,43.867
14.582,43.867
14.603,43.867
14.402,43.852
14.575,43.85
14.596,43.85
14.388,43.835
14.575,43.833
14.596,43.833
14.561,43.817
14.582,43.817
14.554,43.8
14.575,43.8
14.533,43.783
14.554,43.783
14.513,43.767
14.533,43.767
14.347,43.751
14.499,43.75
14.52,43.75
14.54,43.75
14.464,43.734
14.485,43.733
14.506,43.733
14.34,43.718
14.45,43.717
14.471,43.717
14.492,43.717
14.43,43.7
14.45,43.7
14.347,43.684
14.43,43.683
14.45,43.683
14.416,43.667
14.436,43.667
14.34,43.651
14.423,43.65
14.34,43.634
14.423,43.633
14.333,43.617
14.353,43.617
14.416,43.616
14.319,43.6
14.34,43.6
14.36,43.6
14.381,43.6
14.402,43.6
14.423,43.6
14.284,43.584
14.305,43.584
14.326,43.583
14.346,43.583
14.367,43.583
14.388,43.583
14.409,43.583
14.429,43.583
14.257,43.567
14.277,43.567
14.298,43.567
14.319,43.567
14.34,43.567
14.423,43.566
14.443,43.566
14.464,43.566
12.583,43.563
12.604,43.563
12.624,43.563
12.645,43.563
12.666,43.563
12.687,43.562
12.707,43.562
12.728,43.562
12.749,43.562
12.77,43.562
14.257,43.55
14.277,43.55
14.298,43.55
14.429,43.549
14.45,43.549
14.471,43.549
12.555,43.547
12.576,43.547
12.597,43.546
12.617,43.546
12.638,43.546
12.659,43.546
12.68,43.546
12.7,43.546
12.721,43.545
12.742,43.545
12.763,43.545
12.783,43.545
12.804,43.545
14.229,43.534
14.25,43.534
14.27,43.534
14.443,43.532
14.464,43.532
14.485,43.532
12.527,43.53
12.548,43.53
12.569,43.53
12.59,43.53
12.61,43.529
12.631,43.529
12.652,43.529
12.673,43.529
12.693,43.529
12.714,43.529
12.735,43.528
12.756,43.528
12.776,43.528
12.797,43.528
12.818,43.528
12.839,43.528
12.859,43.528
12.88,43.527
12.901,43.527
14.222,43.517
14.243,43.517
14.263,43.517
14.471,43.515
14.492,43.515
14.512,43.515
12.52,43.513
12.541,43.513
12.562,43.513
12.583,43.513
12.603,43.513
12.624,43.513
12.645,43.512
12.666,43.512
12.686,43.512
12.707,43.512
12.728,43.512
12.749,43.512
12.769,43.511
12.79,43.511
12.811,43.511
12.832,43.511
12.852,43.511
12.873,43.511
12.894,43.51
12.915,43.51
12.935,43.51
14.222,43.5
14.243,43.5
14.263,43.5
14.485,43.498
14.505,43.498
12.479,43.497
12.5,43.497
12.52,43.497
12.541,43.496
12.562,43.496
12.583,43.496
12.603,43.496
12.624,43.496
12.645,43.496
12.666,43.495
12.686,43.495
12.707,43.495
12.728,43.495
12.749,43.495
12.769,43.495
12.79,43.494
12.811,43.494
12.832,43.494
12.852,43.494
12.873,43.494
12.894,43.494
12.915,43.494
12.935,43.493
12.956,43.493
12.977,43.493
14.201,43.484
14.222,43.484
14.243,43.483
14.263,43.483
14.512,43.481
14.533,43.481
12.479,43.48
12.5,43.48
12.52,43.48
12.541,43.48
12.562,43.479
12.583,43.479
12.603,43.479
12.624,43.479
12.645,43.479
12.666,43.479
12.686,43.478
12.707,43.478
12.728,43.478
12.749,43.478
12.769,43.478
12.79,43.478
12.811,43.478
12.832,43.477
12.852,43.477
12.873,43.477
12.894,43.477
12.915,43.477
12.935,43.477
12.956,43.476
12.977,43.476
12.998,43.476
13.018,43.476
14.201,43.467
14.222,43.467
14.243,43.467
14.512,43.465
14.533,43.464
12.431,43.464
12.451,43.464
12.472,43.463
12.493,43.463
12.513,43.463
12.534,43.463
12.555,43.463
12.576,43.463
12.596,43.462
12.617,43.462
12.638,43.462
12.659,43.462
12.679,43.462
12.7,43.462
12.721,43.461
12.742,43.461
12.762,43.461
12.783,43.461
12.804,43.461
12.825,43.461
12.845,43.46
12.866,43.46
12.887,43.46
12.908,43.46
12.928,43.46
12.949,43.46
12.97,43.46
12.991,43.459
13.011,43.459
13.032,43.459
13.053,43.459
13.074,43.459
13.094,43.459
14.187,43.45
14.208,43.45
14.229,43.45
14.533,43.448
12.389,43.447
12.41,43.447
12.43,43.447
12.451,43.447
12.472,43.447
12.493,43.446
12.513,43.446
12.534,43.446
12.555,43.446
12.576,43.446
12.596,43.446
12.617,43.445
12.638,43.445
12.659,43.445
12.679,43.445
12.7,43.445
12.721,43.445
12.742,43.444
12.762,43.444
12.783,43.444
12.804,43.444
12.825,43.444
12.845,43.444
12.866,43.444
12.887,43.443
12.908,43.443
12.928,43.443
12.949,43.443
12.97,43.443
12.991,43.443
13.011,43.442
13.032,43.442
13.053,43.442
13.074,43.442
13.094,43.442
13.115,43.442
13.136,43.441
13.157,43.441
13.177,43.441
13.198,43.441
13.295,43.44
13.316,43.44
14.18,43.433
14.201,43.433
14.222,43.433
14.54,43.431
14.561,43.431
12.368,43.431
12.389,43.43
12.41,43.43
12.43,43.43
12.451,43.43
12.472,43.43
12.493,43.43
12.513,43.429
12.534,43.429
12.555,43.429
12.576,43.429
12.596,43.429
12.617,43.429
12.638,43.428
12.659,43.428
12.679,43.428
12.7,43.428
12.721,43.428
12.742,43.428
12.762,43.428
12.783,43.427
12.804,43.427
12.825,43.427
12.845,43.427
12.866,43.427
12.887,43.427
12.908,43.426
12.928,43.426
12.949,43.426
12.97,43.426
12.991,43.426
13.011,43.426
13.032,43.425
13.053,43.425
13.074,43.425
13.094,43.425
13.115,43.425
13.136,43.425
13.157,43.425
13.177,43.424
13.198,43.424
13.219,43.424
13.24,43.424
13.26,43.424
13.281,43.424
13.302,43.423
13.323,43.423
13.343,43.423
13.364,43.423
13.385,43.423
13.406,43.423
13.426,43.422
14.166,43.417
14.187,43.417
14.208,43.416
14.54,43.414
14.561,43.414
12.306,43.414
12.327,43.414
12.347,43.414
12.458,43.413
12.479,43.413
12.5,43.413
12.52,43.413
12.541,43.412
12.562,43.412
12.583,43.412
12.603,43.412
12.624,43.412
12.645,43.412
12.666,43.411
12.686,43.411
12.707,43.411
12.728,43.411
12.749,43.411
12.769,43.411
12.79,43.411
12.811,43.41
12.832,43.41
12.852,43.41
12.873,43.41
12.894,43.41
12.915,43.41
12.935,43.409
12.956,43.409
12.977,43.409
12.998,43.409
13.018,43.409
13.039,43.409
13.06,43.408
13.081,43.408
13.101,43.408
13.122,43.408
13.143,43.408
13.164,43.408
13.184,43.408
13.205,43.407
13.226,43.407
13.247,43.407
13.267,43.407
13.288,43.407
13.309,43.407
13.33,43.406
13.35,43.406
13.371,43.406
13.392,43.406
13.413,43.406
13.433,43.406
13.454,43.405
14.139,43.4
14.159,43.4
14.18,43.4
14.201,43.4
14.554,43.397
14.574,43.397
12.278,43.398
12.299,43.398
12.32,43.397
12.479,43.396
12.5,43.396
12.52,43.396
12.541,43.396
12.562,43.395
12.583,43.395
12.603,43.395
12.624,43.395
12.645,43.395
12.666,43.395
12.686,43.395
12.707,43.394
12.728,43.394
12.749,43.394
12.769,43.394
12.79,43.394
12.811,43.394
12.832,43.393
12.852,43.393
12.873,43.393
12.894,43.393
12.915,43.393
12.935,43.393
12.956,43.392
12.977,43.392
12.998,43.392
13.018,43.392
13.039,43.392
13.06,43.392
13.081,43.392
13.101,43.391
13.122,43.391
13.143,43.391
13.164,43.391
13.184,43.391
13.205,43.391
13.226,43.39
13.247,43.39
13.267,43.39
13.288,43.39
13.309,43.39
13.33,43.39
13.35,43.389
13.371,43.389
13.392,43.389
13.413,43.389
13.433,43.389
13.454,43.389
13.475,43.389
14.139,43.383
14.159,43.383
14.18,43.383
14.201,43.383
14.561,43.38
14.581,43.38
12.278,43.381
12.299,43.381
12.32,43.381
12.34,43.38
12.548,43.379
12.569,43.379
12.589,43.378
12.61,43.378
12.631,43.378
12.652,43.378
12.672,43.378
12.693,43.378
12.714,43.378
12.735,43.377
12.755,43.377
12.776,43.377
12.797,43.377
12.818,43.377
12.838,43.377
12.859,43.376
12.88,43.376
12.901,43.376
12.921,43.376
12.942,43.376
12.963,43.376
12.984,43.375
13.004,43.375
13.025,43.375
13.046,43.375
13.067,43.375
13.087,43.375
13.108,43.375
13.129,43.374
13.15,43.374
13.17,43.374
13.191,43.374
13.212,43.374
13.233,43.374
13.253,43.373
13.274,43.373
13.295,43.373
13.316,43.373
13.336,43.373
13.357,43.373
13.378,43.372
13.399,43.372
13.419,43.372
13.44,43.372
13.461,43.372
13.482,43.372
14.132,43.367
14.153,43.367
14.173,43.366
14.194,43.366
14.561,43.363
14.581,43.363
12.313,43.364
12.334,43.364
12.596,43.362
12.617,43.361
12.638,43.361
12.659,43.361
12.679,43.361
12.7,43.361
12.721,43.361
12.742,43.361
12.762,43.36
12.783,43.36
12.804,43.36
12.825,43.36
12.845,43.36
12.866,43.36
12.887,43.359
12.908,43.359
12.928,43.359
12.949,43.359
12.97,43.359
12.991,43.359
13.011,43.358
13.032,43.358
13.053,43.358
13.074,43.358
13.094,43.358
13.115,43.358
13.136,43.358
13.157,43.357
13.177,43.357
13.198,43.357
13.219,43.357
13.24,43.357
13.26,43.357
13.281,43.356
13.302,43.356
13.323,43.356
13.343,43.356
13.364,43.356
13.385,43.356
13.406,43.355
13.426,43.355
13.447,43.355
13.468,43.355
13.489,43.355
14.118,43.35
14.139,43.35
14.159,43.35
14.18,43.35
14.561,43.347
14.581,43.346
12.652,43.344
12.672,43.344
12.693,43.344
12.714,43.344
12.735,43.344
12.755,43.344
12.776,43.343
12.797,43.343
12.818,43.343
12.838,43.343
12.859,43.343
12.88,43.343
12.901,43.343
12.921,43.342
12.942,43.342
12.963,43.342
12.984,43.342
13.004,43.342
13.025,43.342
13.046,43.341
13.067,43.341
13.087,43.341
13.108,43.341
13.129,43.341
13.15,43.341
13.17,43.34
13.191,43.34
13.212,43.34
13.233,43.34
13.253,43.34
13.274,43.34
13.295,43.34
13.316,43.339
13.336,43.339
13.357,43.339
13.378,43.339
13.399,43.339
13.419,43.339
13.44,43.338
13.461,43.338
13.482,43.338
13.502,43.338
14.111,43.333
14.132,43.333
14.152,43.333
14.173,43.333
14.567,43.33
14.588,43.33
11.794,43.334
11.815,43.334
11.836,43.334
11.856,43.334
11.877,43.334
11.898,43.333
11.919,43.333
11.939,43.333
11.96,43.333
11.981,43.333
12.002,43.333
12.022,43.332
12.043,43.332
12.064,43.332
12.085,43.332
12.105,43.332
12.126,43.332
12.147,43.332
12.168,43.331
12.686,43.327
12.707,43.327
12.728,43.327
12.748,43.327
12.769,43.327
12.866,43.326
12.887,43.326
12.908,43.326
12.928,43.326
12.949,43.325
12.97,43.325
13.101,43.324
13.122,43.324
13.143,43.324
13.163,43.324
13.184,43.324
13.205,43.323
13.226,43.323
13.246,43.323
13.267,43.323
13.288,43.323
13.309,43.323
13.329,43.322
13.35,43.322
13.371,43.322
13.392,43.322
13.412,43.322
13.433,43.322
13.454,43.322
13.475,43.321
13.495,43.321
13.516,43.321
14.097,43.317
14.118,43.316
14.139,43.316
14.159,43.316
14.567,43.313
14.588,43.313
11.718,43.318
11.739,43.318
11.759,43.318
11.78,43.318
11.801,43.317
11.822,43.317
11.842,43.317
11.863,43.317
11.884,43.317
11.905,43.317
11.925,43.316
11.946,43.316
11.967,43.316
11.988,43.316
12.008,43.316
12.029,43.316
12.05,43.315
12.071,43.315
12.091,43.315
12.112,43.315
13.177,43.307
13.198,43.307
13.219,43.307
13.24,43.306
13.26,43.306
13.281,43.306
13.302,43.306
13.322,43.306
13.343,43.306
13.364,43.305
13.385,43.305
13.405,43.305
13.426,43.305
13.447,43.305
13.468,43.305
13.488,43.304
13.509,43.304
13.53,43.304
14.104,43.3
14.125,43.3
14.146,43.299
14.567,43.296
14.588,43.296
11.628,43.302
11.649,43.302
11.67,43.302
11.69,43.301
11.711,43.301
11.732,43.301
13.329,43.289
13.35,43.289
13.371,43.289
13.392,43.288
13.412,43.288
13.433,43.288
13.454,43.288
13.475,43.288
13.495,43.288
13.516,43.287
13.537,43.287
14.09,43.283
14.111,43.283
14.132,43.283
14.574,43.279
14.595,43.279
11.6,43.285
11.621,43.285
11.642,43.285
11.663,43.285
11.683,43.285
11.704,43.285
11.725,43.284
13.35,43.272
13.371,43.272
13.392,43.272
13.412,43.271
13.433,43.271
13.454,43.271
13.475,43.271
13.495,43.271
13.516,43.271
13.537,43.27
14.062,43.266
14.083,43.266
14.104,43.266
14.125,43.266
14.574,43.263
14.595,43.262
11.573,43.269
11.593,43.269
11.614,43.268
11.635,43.268
11.656,43.268
11.676,43.268
11.697,43.268
11.718,43.268
13.385,43.255
13.405,43.255
13.426,43.255
13.447,43.254
13.468,43.254
13.488,43.254
13.509,43.254
13.53,43.254
13.551,43.254
14.056,43.25
14.076,43.25
14.097,43.249
14.118,43.249
14.581,43.246
11.545,43.252
11.566,43.252
11.586,43.252
11.607,43.252
11.628,43.252
11.649,43.251
11.669,43.251
13.392,43.238
13.412,43.238
13.433,43.238
13.454,43.238
13.475,43.237
13.495,43.237
13.516,43.237
13.537,43.237
13.558,43.237
14.049,43.233
14.069,43.233
14.09,43.233
14.111,43.233
14.574,43.229
14.595,43.229
11.531,43.235
11.552,43.235
11.573,43.235
11.593,43.235
11.614,43.235
11.635,43.235
13.426,43.221
13.447,43.221
13.468,43.221
13.488,43.22
13.509,43.22
13.53,43.22
13.551,43.22
13.571,43.22
14.049,43.216
14.069,43.216
14.09,43.216
14.111,43.216
14.581,43.212
15.252,43.207
11.503,43.219
11.524,43.219
11.545,43.219
11.566,43.218
11.586,43.218
11.607,43.218
13.433,43.204
13.454,43.204
13.475,43.204
13.495,43.204
13.516,43.203
13.537,43.203
13.558,43.203
13.578,43.203
13.599,43.203
14.055,43.199
14.076,43.199
14.097,43.199
14.574,43.195
14.595,43.195
15.224,43.19
15.245,43.19
15.266,43.19
15.287,43.19
15.307,43.19
11.496,43.202
11.517,43.202
11.538,43.202
11.559,43.202
11.579,43.202
13.433,43.187
13.454,43.187
13.474,43.187
13.495,43.187
13.516,43.187
13.537,43.187
13.557,43.186
13.578,43.186
13.599,43.186
14.042,43.183
14.062,43.183
14.083,43.182
14.104,43.182
14.588,43.179
15.183,43.174
15.204,43.174
15.224,43.174
15.245,43.173
15.266,43.173
15.287,43.173
15.307,43.173
15.328,43.173
15.349,43.173
11.49,43.185
11.51,43.185
11.531,43.185
11.552,43.185
11.573,43.185
13.454,43.17
13.474,43.17
13.495,43.17
13.516,43.17
13.537,43.17
13.557,43.17
13.578,43.169
13.599,43.169
14.042,43.166
14.062,43.166
14.083,43.166
14.581,43.162
14.602,43.162
15.169,43.157
15.19,43.157
15.21,43.157
15.231,43.157
15.293,43.156
15.314,43.156
15.335,43.156
15.356,43.156
15.376,43.156
11.49,43.169
11.51,43.168
11.531,43.168
11.552,43.168
11.573,43.168
13.481,43.153
13.502,43.153
13.523,43.153
13.544,43.153
13.564,43.153
13.585,43.153
13.606,43.152
14.035,43.149
14.055,43.149
14.076,43.149
14.588,43.145
14.609,43.145
15.155,43.141
15.176,43.14
15.197,43.14
15.363,43.139
15.383,43.139
15.404,43.139
11.483,43.152
11.503,43.152
11.524,43.152
11.545,43.151
13.502,43.136
13.523,43.136
13.544,43.136
13.564,43.136
13.585,43.136
13.606,43.136
14.035,43.132
14.055,43.132
14.076,43.132
15.141,43.124
15.383,43.122
15.404,43.122
15.425,43.122
11.462,43.135
11.483,43.135
11.503,43.135
13.523,43.119
13.544,43.119
13.564,43.119
13.585,43.119
13.606,43.119
13.627,43.119
14.028,43.116
14.048,43.115
14.069,43.115
15.107,43.107
15.411,43.105
15.432,43.105
15.452,43.105
11.448,43.119
11.469,43.118
11.489,43.118
13.537,43.103
13.557,43.102
13.578,43.102
13.599,43.102
13.62,43.102
13.64,43.102
13.661,43.102
14.042,43.099
14.062,43.099
14.671,43.094
14.692,43.094
15.079,43.091
15.1,43.091
15.418,43.088
15.439,43.088
15.459,43.088
15.48,43.088
11.434,43.102
11.455,43.102
11.476,43.102
13.55,43.086
13.571,43.086
13.592,43.085
13.613,43.085
13.633,43.085
13.654,43.085
13.675,43.085
14.028,43.082
14.048,43.082
14.705,43.077
14.726,43.077
14.747,43.077
14.768,43.076
15.072,43.074
15.093,43.074
15.425,43.071
15.445,43.071
15.466,43.071
15.487,43.071
15.508,43.071
11.441,43.085
11.462,43.085
13.564,43.069
13.585,43.069
13.606,43.068
13.627,43.068
13.647,43.068
13.668,43.068
13.689,43.068
13.709,43.068
14.028,43.065
14.705,43.06
14.726,43.06
14.747,43.06
14.768,43.06
14.788,43.059
15.058,43.057
15.079,43.057
15.425,43.055
15.445,43.054
15.466,43.054
15.487,43.054
15.508,43.054
11.427,43.068
11.448,43.068
11.469,43.068
13.592,43.052
13.613,43.052
13.633,43.051
13.654,43.051
13.675,43.051
13.696,43.051
13.716,43.051
14.007,43.049
14.028,43.048
14.726,43.043
14.747,43.043
14.768,43.043
14.788,43.043
14.809,43.042
14.83,43.042
15.037,43.041
15.058,43.041
15.432,43.038
15.452,43.038
15.473,43.037
15.494,43.037
15.515,43.037
15.535,43.037
11.42,43.052
11.441,43.051
13.62,43.035
13.64,43.035
13.661,43.034
13.682,43.034
13.703,43.034
13.723,43.034
14.007,43.032
15.425,43.021
15.445,43.021
15.466,43.021
15.487,43.021
15.508,43.02
15.528,43.02
15.549,43.02
11.413,43.035
11.434,43.035
13.772,43.017
13.792,43.017
13.958,43.015
13.979,43.015
15.432,43.004
15.452,43.004
15.473,43.004
15.494,43.004
15.515,43.004
15.535,43.003
15.556,43.003
11.392,43.018
11.413,43.018
13.765,43.0
13.785,43.0
13.806,43.0
13.827,43.0
13.848,42.999
13.889,42.999
13.91,42.999
13.931,42.999
13.951,42.999
13.972,42.999
15.432,42.987
15.452,42.987
15.473,42.987
15.494,42.987
15.515,42.987
15.535,42.987
15.556,42.986
15.577,42.986
15.598,42.986
11.392,43.001
11.413,43.001
13.792,42.983
13.813,42.983
13.834,42.983
13.855,42.983
13.875,42.982
13.896,42.982
13.917,42.982
13.938,42.982
13.958,42.982
15.452,42.97
15.473,42.97
15.494,42.97
15.515,42.97
15.535,42.97
15.556,42.97
15.577,42.969
15.598,42.969
15.618,42.969
11.379,42.985
11.399,42.985
13.806,42.966
13.827,42.966
13.848,42.966
13.868,42.966
13.889,42.966
13.91,42.965
13.931,42.965
15.445,42.954
15.466,42.954
15.487,42.953
15.508,42.953
15.528,42.953
15.549,42.953
15.57,42.953
15.591,42.953
15.611,42.952
15.632,42.952
11.365,42.968
11.386,42.968
13.834,42.949
13.855,42.949
13.875,42.949
13.896,42.949
15.452,42.937
15.473,42.937
15.494,42.936
15.514,42.936
15.535,42.936
15.556,42.936
15.577,42.936
15.597,42.936
15.618,42.936
15.639,42.935
11.351,42.951
11.372,42.951
15.438,42.92
15.459,42.92
15.48,42.92
15.501,42.92
15.521,42.919
15.542,42.919
15.563,42.919
15.584,42.919
15.604,42.919
15.625,42.919
15.646,42.919
10.977,42.937
10.998,42.937
11.019,42.937
11.04,42.937
11.06,42.937
11.081,42.937
11.102,42.937
11.123,42.936
11.233,42.936
11.254,42.935
11.275,42.935
11.309,42.935
11.33,42.935
11.351,42.935
11.372,42.934
15.452,42.903
15.473,42.903
15.494,42.903
15.514,42.903
15.535,42.903
15.556,42.902
15.577,42.902
15.597,42.902
15.618,42.902
15.639,42.902
15.66,42.902
10.957,42.921
10.977,42.921
10.998,42.921
11.019,42.92
11.04,42.92
11.06,42.92
11.081,42.92
11.102,42.92
11.123,42.92
11.143,42.919
11.219,42.919
11.24,42.919
11.261,42.919
11.282,42.918
11.302,42.918
11.323,42.918
11.344,42.918
11.365,42.918
15.452,42.886
15.473,42.886
15.494,42.886
15.514,42.886
15.535,42.886
15.556,42.886
15.577,42.885
15.597,42.885
15.618,42.885
15.639,42.885
15.66,42.885
15.68,42.885
10.957,42.904
10.977,42.904
10.998,42.904
11.019,42.904
11.04,42.903
11.06,42.903
11.081,42.903
11.102,42.903
11.123,42.903
11.143,42.903
11.164,42.902
11.185,42.902
11.206,42.902
11.226,42.902
11.247,42.902
11.268,42.902
11.289,42.902
11.309,42.901
11.33,42.901
11.351,42.901
11.6,42.899
11.621,42.899
12.603,42.891
15.466,42.87
15.487,42.869
15.507,42.869
15.528,42.869
15.549,42.869
15.57,42.869
15.59,42.869
15.611,42.868
15.632,42.868
15.653,42.868
15.673,42.868
15.694,42.868
10.957,42.887
10.977,42.887
10.998,42.887
11.019,42.887
11.04,42.887
11.06,42.886
11.081,42.886
11.102,42.886
11.123,42.886
11.143,42.886
11.164,42.886
11.185,42.886
11.206,42.885
11.226,42.885
11.247,42.885
11.268,42.885
11.289,42.885
11.309,42.885
15.452,42.853
15.473,42.853
15.494,42.853
15.514,42.852
15.535,42.852
15.556,42.852
15.577,42.852
15.597,42.852
15.618,42.852
15.639,42.851
15.66,42.851
15.68,42.851
15.701,42.851
10.957,42.87
10.977,42.87
10.998,42.87
11.019,42.87
11.04,42.87
11.06,42.87
11.081,42.87
11.102,42.869
11.123,42.869
11.143,42.869
11.164,42.869
11.185,42.869
11.206,42.869
11.226,42.868
11.247,42.868
15.473,42.836
15.494,42.836
15.514,42.836
15.535,42.835
15.556,42.835
15.577,42.835
15.597,42.835
15.618,42.835
15.639,42.835
15.66,42.834
15.68,42.834
15.701,42.834
10.957,42.854
10.977,42.854
10.998,42.853
11.019,42.853
11.04,42.853
11.06,42.853
11.081,42.853
11.102,42.853
11.123,42.852
11.143,42.852
11.164,42.852
11.185,42.852
11.206,42.852
15.459,42.819
15.48,42.819
15.5,42.819
15.521,42.819
15.542,42.819
15.563,42.818
15.583,42.818
15.604,42.818
15.625,42.818
15.646,42.818
15.666,42.818
15.687,42.817
15.708,42.817
15.729,42.817
10.977,42.837
10.998,42.837
11.019,42.836
11.04,42.836
11.06,42.836
11.081,42.836
11.102,42.836
11.123,42.836
11.143,42.835
11.164,42.835
11.185,42.835
15.466,42.802
15.487,42.802
15.507,42.802
15.528,42.802
15.549,42.802
15.57,42.802
15.59,42.801
15.611,42.801
15.632,42.801
15.653,42.801
15.673,42.801
15.694,42.801
15.715,42.8
15.736,42.8
10.97,42.82
10.991,42.82
11.012,42.82
11.033,42.82
11.053,42.819
11.074,42.819
11.095,42.819
11.116,42.819
11.136,42.819
11.157,42.819
15.459,42.786
15.48,42.785
15.5,42.785
15.521,42.785
15.542,42.785
15.563,42.785
15.583,42.785
15.604,42.785
15.625,42.784
15.646,42.784
15.666,42.784
15.687,42.784
15.708,42.784
15.729,42.784
15.749,42.783
10.991,42.803
11.012,42.803
11.033,42.803
11.053,42.803
11.074,42.802
11.095,42.802
11.116,42.802
11.136,42.802
11.157,42.802
15.473,42.769
15.494,42.769
15.514,42.768
15.535,42.768
15.556,42.768
15.577,42.768
15.597,42.768
15.618,42.768
15.639,42.767
15.659,42.767
15.68,42.767
15.701,42.767
15.722,42.767
15.742,42.767
10.977,42.786
10.998,42.786
11.019,42.786
11.039,42.786
11.06,42.786
11.081,42.786
11.102,42.785
11.122,42.785
15.466,42.752
15.487,42.752
15.507,42.752
15.528,42.752
15.549,42.751
15.57,42.751
15.59,42.751
15.611,42.751
15.632,42.751
15.653,42.751
15.673,42.75
15.694,42.75
15.715,42.75
15.736,42.75
15.756,42.75
10.95,42.77
10.97,42.77
10.991,42.769
11.012,42.769
11.033,42.769
11.053,42.769
11.074,42.769
11.095,42.769
15.487,42.735
15.507,42.735
15.528,42.735
15.549,42.735
15.57,42.734
15.59,42.734
15.611,42.734
15.632,42.734
15.653,42.734
15.673,42.734
15.694,42.733
15.715,42.733
15.736,42.733
15.756,42.733
15.777,42.733
15.798,42.733
10.901,42.753
10.922,42.753
10.943,42.753
10.963,42.753
10.984,42.753
11.005,42.753
11.026,42.752
11.046,42.752
11.067,42.752
11.295,42.75
15.48,42.718
15.5,42.718
15.521,42.718
15.542,42.718
15.563,42.718
15.583,42.718
15.604,42.717
15.625,42.717
15.646,42.717
15.666,42.717
15.687,42.717
15.708,42.717
15.729,42.716
15.749,42.716
15.77,42.716
15.791,42.716
15.812,42.716
10.853,42.737
10.873,42.737
10.894,42.737
10.915,42.736
10.936,42.736
10.956,42.736
10.977,42.736
10.998,42.736
11.019,42.736
11.039,42.736
11.06,42.735
15.473,42.702
15.493,42.701
15.514,42.701
15.535,42.701
15.556,42.701
15.576,42.701
15.597,42.701
15.618,42.7
15.639,42.7
15.659,42.7
15.68,42.7
15.701,42.7
15.722,42.7
15.742,42.7
15.763,42.699
15.784,42.699
15.805,42.699
15.825,42.699
10.839,42.72
10.86,42.72
10.88,42.72
10.901,42.72
10.922,42.72
10.943,42.719
10.963,42.719
10.984,42.719
11.005,42.719
11.026,42.719
11.046,42.719
15.486,42.685
15.507,42.685
15.528,42.684
15.549,42.684
15.569,42.684
15.59,42.684
15.611,42.684
15.632,42.684
15.652,42.683
15.673,42.683
15.694,42.683
15.715,42.683
15.735,42.683
15.756,42.683
15.777,42.682
15.798,42.682
15.818,42.682
15.839,42.682
10.818,42.704
10.839,42.703
10.86,42.703
10.88,42.703
10.901,42.703
10.922,42.703
10.943,42.703
10.963,42.703
10.984,42.702
11.005,42.702
11.026,42.702
11.046,42.702
15.5,42.668
15.521,42.668
15.542,42.667
15.563,42.667
15.583,42.667
15.604,42.667
15.625,42.667
15.646,42.667
15.666,42.667
15.687,42.666
15.708,42.666
15.729,42.666
15.749,42.666
15.77,42.666
15.791,42.666
15.812,42.665
15.832,42.665
15.853,42.665
10.797,42.687
10.818,42.687
10.839,42.687
10.86,42.687
10.88,42.686
10.901,42.686
10.922,42.686
10.942,42.686
10.963,42.686
10.984,42.686
11.005,42.685
11.025,42.685
15.493,42.651
15.514,42.651
15.535,42.651
15.556,42.651
15.576,42.65
15.597,42.65
15.618,42.65
15.639,42.65
15.659,42.65
15.68,42.65
15.701,42.649
15.722,42.649
15.742,42.649
15.763,42.649
15.784,42.649
15.805,42.649
15.825,42.649
15.846,42.648
15.867,42.648
10.77,42.67
10.79,42.67
10.811,42.67
10.832,42.67
10.853,42.67
10.873,42.67
10.894,42.669
10.915,42.669
10.936,42.669
10.956,42.669
10.977,42.669
10.998,42.669
11.019,42.669
11.039,42.668
15.514,42.634
15.535,42.634
15.556,42.634
15.576,42.634
15.597,42.633
15.618,42.633
15.639,42.633
15.659,42.633
15.68,42.633
15.701,42.633
15.722,42.633
15.742,42.632
15.763,42.632
15.784,42.632
15.805,42.632
15.825,42.632
15.846,42.632
15.867,42.631
10.742,42.654
10.763,42.654
10.783,42.654
10.804,42.653
10.825,42.653
10.846,42.653
10.866,42.653
10.887,42.653
10.908,42.653
10.929,42.652
10.949,42.652
10.97,42.652
10.991,42.652
11.012,42.652
11.032,42.652
15.521,42.617
15.542,42.617
15.562,42.617
15.583,42.617
15.604,42.617
15.625,42.616
15.645,42.616
15.666,42.616
15.687,42.616
15.708,42.616
15.728,42.616
15.749,42.616
15.77,42.615
15.791,42.615
15.811,42.615
15.832,42.615
15.853,42.615
15.874,42.615
15.894,42.614
10.742,42.637
10.763,42.637
10.783,42.637
10.804,42.637
10.825,42.636
10.846,42.636
10.866,42.636
10.887,42.636
10.908,42.636
10.929,42.636
10.949,42.635
10.97,42.635
10.991,42.635
11.012,42.635
11.032,42.635
15.528,42.6
15.549,42.6
15.569,42.6
15.59,42.6
15.611,42.6
15.632,42.6
15.652,42.599
15.673,42.599
15.694,42.599
15.715,42.599
15.735,42.599
15.756,42.599
15.777,42.599
15.798,42.598
15.818,42.598
15.839,42.598
15.86,42.598
15.881,42.598
15.901,42.598
10.728,42.62
10.749,42.62
10.77,42.62
10.79,42.62
10.811,42.62
10.832,42.62
10.852,42.619
10.873,42.619
10.894,42.619
10.915,42.619
10.935,42.619
10.956,42.619
10.977,42.618
10.998,42.618
11.018,42.618
11.039,42.618
11.129,42.617
15.542,42.584
15.562,42.583
15.583,42.583
15.604,42.583
15.625,42.583
15.645,42.583
15.666,42.583
15.687,42.582
15.708,42.582
15.728,42.582
15.749,42.582
15.77,42.582
15.791,42.582
15.811,42.581
15.832,42.581
15.853,42.581
15.874,42.581
15.894,42.581
15.915,42.581
10.735,42.604
10.756,42.603
10.776,42.603
10.797,42.603
10.818,42.603
10.839,42.603
10.859,42.603
10.88,42.602
10.901,42.602
10.922,42.602
10.942,42.602
10.963,42.602
10.984,42.602
11.005,42.601
11.025,42.601
11.046,42.601
11.115,42.601
15.535,42.567
15.555,42.567
15.576,42.566
15.597,42.566
15.618,42.566
15.638,42.566
15.659,42.566
15.68,42.566
15.701,42.566
15.721,42.565
15.742,42.565
15.763,42.565
15.784,42.565
15.804,42.565
15.825,42.565
15.846,42.564
15.867,42.564
15.887,42.564
15.908,42.564
10.714,42.587
10.735,42.587
10.756,42.587
10.776,42.586
10.797,42.586
10.818,42.586
10.839,42.586
10.859,42.586
10.88,42.586
10.901,42.585
10.922,42.585
10.942,42.585
10.963,42.585
10.984,42.585
11.005,42.585
11.025,42.585
11.046,42.584
15.562,42.55
15.583,42.55
15.604,42.549
15.625,42.549
15.645,42.549
15.666,42.549
15.687,42.549
15.708,42.549
15.728,42.549
15.749,42.548
15.77,42.548
15.791,42.548
15.811,42.548
15.832,42.548
15.853,42.548
15.874,42.547
15.894,42.547
15.915,42.547
10.714,42.57
10.735,42.57
10.756,42.57
10.776,42.57
10.797,42.569
10.818,42.569
10.839,42.569
10.859,42.569
10.88,42.569
10.901,42.569
10.922,42.569
10.942,42.568
10.963,42.568
10.984,42.568
11.005,42.568
11.025,42.568
11.046,42.568
15.555,42.533
15.576,42.533
15.597,42.533
15.618,42.533
15.638,42.532
15.659,42.532
15.68,42.532
15.701,42.532
15.721,42.532
15.742,42.532
15.763,42.531
15.784,42.531
15.804,42.531
15.825,42.531
15.846,42.531
15.867,42.531
15.887,42.531
15.908,42.53
15.929,42.53
10.707,42.553
10.728,42.553
10.749,42.553
10.769,42.553
10.79,42.553
10.811,42.553
10.832,42.552
10.852,42.552
10.873,42.552
10.894,42.552
10.915,42.552
10.935,42.552
10.956,42.551
10.977,42.551
10.998,42.551
11.018,42.551
11.039,42.551
11.06,42.551
15.583,42.516
15.604,42.516
15.625,42.516
15.645,42.516
15.666,42.515
15.687,42.515
15.708,42.515
15.728,42.515
15.749,42.515
15.77,42.515
15.791,42.514
15.811,42.514
15.832,42.514
15.853,42.514
15.874,42.514
15.894,42.514
15.915,42.514
15.936,42.513
10.7,42.537
10.721,42.536
10.742,42.536
10.762,42.536
10.783,42.536
10.804,42.536
10.825,42.536
10.845,42.536
10.866,42.535
10.887,42.535
10.908,42.535
10.928,42.535
10.949,42.535
10.97,42.535
10.991,42.534
11.011,42.534
11.032,42.534
15.583,42.499
15.604,42.499
15.625,42.499
15.645,42.499
15.666,42.499
15.687,42.498
15.708,42.498
15.728,42.498
15.749,42.498
15.77,42.498
15.791,42.498
15.811,42.498
15.832,42.497
15.853,42.497
15.874,42.497
15.894,42.497
15.915,42.497
15.936,42.497
10.7,42.52
10.721,42.52
10.742,42.52
10.762,42.519
10.783,42.519
10.804,42.519
10.825,42.519
10.845,42.519
10.866,42.519
10.887,42.518
10.908,42.518
10.928,42.518
10.949,42.518
10.97,42.518
10.991,42.518
11.011,42.517
11.032,42.517
15.611,42.482
15.631,42.482
15.652,42.482
15.673,42.482
15.694,42.482
15.714,42.481
15.735,42.481
15.756,42.481
15.777,42.481
15.797,42.481
15.818,42.481
15.839,42.481
15.86,42.48
15.88,42.48
15.901,42.48
15.922,42.48
15.943,42.48
10.7,42.503
10.721,42.503
10.742,42.503
10.762,42.503
10.783,42.502
10.804,42.502
10.825,42.502
10.845,42.502
10.866,42.502
10.887,42.502
10.908,42.501
10.928,42.501
10.949,42.501
10.97,42.501
10.991,42.501
11.011,42.501
15.645,42.465
15.666,42.465
15.687,42.465
15.708,42.465
15.728,42.465
15.749,42.464
15.77,42.464
15.791,42.464
15.811,42.464
15.832,42.464
15.853,42.464
15.874,42.463
15.894,42.463
15.915,42.463
15.936,42.463
15.956,42.463
10.7,42.486
10.721,42.486
10.742,42.486
10.762,42.486
10.783,42.486
10.804,42.485
10.825,42.485
10.845,42.485
10.866,42.485
10.887,42.485
10.908,42.485
10.928,42.485
10.949,42.484
10.97,42.484
10.991,42.484
15.638,42.448
15.659,42.448
15.68,42.448
15.701,42.448
15.721,42.448
15.742,42.448
15.763,42.448
15.784,42.447
15.804,42.447
15.825,42.447
15.846,42.447
15.867,42.447
15.887,42.447
15.908,42.446
15.929,42.446
15.95,42.446
15.97,42.446
10.707,42.469
10.728,42.469
10.749,42.469
10.769,42.469
10.79,42.469
10.811,42.469
10.832,42.468
10.852,42.468
10.873,42.468
10.894,42.468
10.915,42.468
10.935,42.468
10.956,42.468
10.977,42.467
15.659,42.432
15.68,42.431
15.701,42.431
15.721,42.431
15.742,42.431
15.763,42.431
15.784,42.431
15.804,42.43
15.825,42.43
15.846,42.43
15.867,42.43
15.887,42.43
15.908,42.43
15.929,42.429
15.95,42.429
15.97,42.429
10.707,42.453
10.728,42.452
10.749,42.452
10.769,42.452
10.79,42.452
10.811,42.452
10.832,42.452
10.852,42.452
10.873,42.451
10.894,42.451
10.915,42.451
10.935,42.451
10.956,42.451
10.977,42.451
15.68,42.415
15.701,42.414
15.721,42.414
15.742,42.414
15.763,42.414
15.784,42.414
15.804,42.414
15.825,42.413
15.846,42.413
15.867,42.413
15.887,42.413
15.908,42.413
15.929,42.413
15.95,42.413
15.97,42.412
10.693,42.436
10.714,42.436
10.735,42.436
10.755,42.435
10.776,42.435
10.797,42.435
10.818,42.435
10.838,42.435
10.859,42.435
10.88,42.435
10.901,42.434
10.921,42.434
10.942,42.434
10.963,42.434
10.984,42.434
15.701,42.398
15.721,42.397
15.742,42.397
15.763,42.397
15.784,42.397
15.804,42.397
15.825,42.397
15.846,42.397
15.867,42.396
15.887,42.396
15.908,42.396
15.929,42.396
15.949,42.396
15.97,42.396
10.693,42.419
10.714,42.419
10.735,42.419
10.755,42.419
10.776,42.419
10.797,42.418
10.818,42.418
10.838,42.418
10.859,42.418
10.88,42.418
10.901,42.418
10.921,42.417
10.942,42.417
10.963,42.417
15.721,42.381
15.742,42.381
15.763,42.38
15.783,42.38
15.804,42.38
15.825,42.38
15.846,42.38
15.866,42.38
15.887,42.379
15.908,42.379
15.929,42.379
15.949,42.379
15.97,42.379
10.686,42.402
10.707,42.402
10.728,42.402
10.748,42.402
10.769,42.402
10.79,42.402
10.811,42.401
10.831,42.401
10.852,42.401
10.873,42.401
10.894,42.401
10.914,42.401
10.935,42.401
10.956,42.4
15.79,42.363
15.811,42.363
15.832,42.363
15.853,42.363
15.873,42.363
15.894,42.363
15.915,42.362
15.936,42.362
15.956,42.362
15.977,42.362
15.998,42.362
10.7,42.386
10.721,42.385
10.742,42.385
10.762,42.385
10.783,42.385
10.804,42.385
10.825,42.385
10.845,42.384
10.866,42.384
10.887,42.384
10.908,42.384
10.928,42.384
10.949,42.384
15.811,42.346
15.832,42.346
15.853,42.346
15.873,42.346
15.894,42.346
15.915,42.346
15.936,42.345
15.956,42.345
15.977,42.345
15.998,42.345
10.686,42.369
10.707,42.369
10.728,42.369
10.748,42.368
10.769,42.368
10.79,42.368
10.811,42.368
10.831,42.368
10.852,42.368
10.873,42.367
10.894,42.367
10.914,42.367
10.935,42.367
10.956,42.367
15.825,42.33
15.846,42.329
15.866,42.329
15.887,42.329
15.908,42.329
15.929,42.329
15.949,42.329
15.97,42.328
15.991,42.328
16.012,42.328
10.679,42.352
10.7,42.352
10.721,42.352
10.741,42.352
10.762,42.351
10.783,42.351
10.804,42.351
10.824,42.351
10.845,42.351
10.866,42.351
10.887,42.351
10.907,42.35
10.928,42.35
10.949,42.35
15.825,42.313
15.853,42.313
15.873,42.312
15.894,42.312
15.915,42.312
15.936,42.312
15.956,42.312
15.977,42.312
15.998,42.311
16.019,42.311
10.679,42.335
10.7,42.335
10.721,42.335
10.741,42.335
10.762,42.335
10.783,42.335
10.804,42.334
10.824,42.334
10.845,42.334
10.866,42.334
10.887,42.334
10.907,42.334
10.928,42.333
15.859,42.296
15.88,42.295
15.901,42.295
15.922,42.295
15.942,42.295
15.963,42.295
15.984,42.295
16.005,42.295
16.025,42.294
16.046,42.294
10.693,42.318
10.714,42.318
10.735,42.318
10.755,42.318
10.776,42.318
10.797,42.318
10.818,42.317
10.838,42.317
10.859,42.317
10.88,42.317
10.901,42.317
10.921,42.317
10.942,42.317
15.901,42.279
15.922,42.278
15.942,42.278
15.963,42.278
15.984,42.278
16.005,42.278
16.025,42.278
16.046,42.277
10.679,42.302
10.7,42.302
10.721,42.301
10.741,42.301
10.762,42.301
10.783,42.301
10.804,42.301
10.824,42.301
10.845,42.3
10.866,42.3
10.887,42.3
10.907,42.3
10.928,42.3
15.915,42.262
15.935,42.261
15.956,42.261
15.977,42.261
15.998,42.261
16.018,42.261
16.039,42.261
16.06,42.261
10.679,42.285
10.7,42.285
10.721,42.285
10.741,42.284
10.762,42.284
10.783,42.284
10.804,42.284
10.824,42.284
10.845,42.284
10.866,42.284
10.887,42.283
10.907,42.283
10.928,42.283
15.929,42.245
15.949,42.245
15.97,42.244
15.991,42.244
16.012,42.244
16.032,42.244
16.053,42.244
16.074,42.244
10.679,42.268
10.7,42.268
10.721,42.268
10.741,42.268
10.762,42.268
10.783,42.267
10.804,42.267
10.824,42.267
10.845,42.267
10.866,42.267
10.887,42.267
10.907,42.266
10.928,42.266
15.956,42.228
15.977,42.228
15.998,42.227
16.018,42.227
16.039,42.227
16.06,42.227
16.081,42.227
10.679,42.251
10.7,42.251
10.721,42.251
10.741,42.251
10.762,42.251
10.783,42.251
10.804,42.25
10.824,42.25
10.845,42.25
10.866,42.25
10.887,42.25
10.907,42.25
10.928,42.249
16.046,42.21
16.067,42.21
16.088,42.21
10.679,42.235
10.7,42.234
10.721,42.234
10.741,42.234
10.762,42.234
10.783,42.234
10.804,42.234
10.824,42.233
10.845,42.233
10.866,42.233
10.887,42.233
10.907,42.233
10.928,42.233
10.686,42.218
10.707,42.218
10.727,42.217
10.748,42.217
10.769,42.217
10.79,42.217
10.81,42.217
10.831,42.217
10.852,42.216
10.873,42.216
10.893,42.216
10.914,42.216
16.212,42.175
10.665,42.201
10.686,42.201
10.707,42.201
10.727,42.201
10.748,42.2
10.769,42.2
10.79,42.2
10.81,42.2
10.831,42.2
10.852,42.2
10.873,42.2
10.893,42.199
10.914,42.199
10.679,42.184
10.7,42.184
10.721,42.184
10.741,42.184
10.762,42.184
10.783,42.183
10.804,42.183
10.824,42.183
10.845,42.183
10.866,42.183
10.887,42.183
10.907,42.182
10.672,42.167
10.693,42.167
10.714,42.167
10.734,42.167
10.755,42.167
10.776,42.167
10.797,42.167
10.817,42.166
10.838,42.166
10.859,42.166
10.88,42.166
10.9,42.166
10.672,42.151
10.693,42.151
10.714,42.15
10.734,42.15
10.755,42.15
10.776,42.15
10.797,42.15
10.817,42.15
10.838,42.149
10.859,42.149
10.88,42.149
10.651,42.134
10.672,42.134
10.693,42.134
10.714,42.134
10.734,42.133
10.755,42.133
10.776,42.133
10.797,42.133
10.817,42.133
10.838,42.133
10.859,42.132
10.88,42.132
10.644,42.117
10.665,42.117
10.686,42.117
10.707,42.117
10.727,42.117
10.748,42.117
10.769,42.116
10.79,42.116
10.81,42.116
10.831,42.116
10.852,42.116
10.873,42.116
10.631,42.101
10.651,42.1
10.672,42.1
10.693,42.1
10.713,42.1
10.734,42.1
10.755,42.1
10.776,42.099
10.796,42.099
10.817,42.099
10.838,42.099
10.859,42.099
10.624,42.084
10.644,42.084
10.665,42.084
10.686,42.083
10.707,42.083
10.727,42.083
10.748,42.083
10.769,42.083
10.79,42.083
10.81,42.082
10.831,42.082
10.852,42.082
10.568,42.068
10.589,42.067
10.61,42.067
10.63,42.067
10.651,42.067
10.672,42.067
10.693,42.067
10.713,42.066
10.734,42.066
10.755,42.066
10.776,42.066
10.796,42.066
10.817,42.066
10.838,42.065
10.534,42.051
10.554,42.051
10.575,42.051
10.596,42.051
10.617,42.05
10.637,42.05
10.658,42.05
10.679,42.05
10.7,42.05
10.72,42.05
10.741,42.049
10.762,42.049
10.783,42.049
10.803,42.049
10.824,42.049
10.444,42.035
10.464,42.035
10.485,42.035
10.506,42.034
10.527,42.034
10.547,42.034
10.568,42.034
10.589,42.034
10.61,42.034
10.63,42.033
10.651,42.033
10.672,42.033
10.693,42.033
10.713,42.033
10.734,42.033
10.755,42.032
10.776,42.032
10.796,42.032
10.817,42.032
10.402,42.018
10.423,42.018
10.444,42.018
10.464,42.018
10.485,42.018
10.506,42.018
10.527,42.017
10.547,42.017
10.568,42.017
10.589,42.017
10.61,42.017
10.63,42.017
10.651,42.017
10.672,42.016
10.693,42.016
10.713,42.016
10.734,42.016
10.755,42.016
10.776,42.016
10.796,42.015
10.817,42.015
10.333,42.002
10.354,42.002
10.374,42.002
10.395,42.002
10.416,42.002
10.437,42.001
10.457,42.001
10.478,42.001
10.499,42.001
10.52,42.001
10.54,42.001
10.561,42.0
10.582,42.0
10.603,42.0
10.623,42.0
10.644,42.0
10.665,42.0
10.686,41.999
10.706,41.999
10.727,41.999
10.748,41.999
10.769,41.999
10.789,41.999
10.81,41.998
10.291,41.986
10.312,41.986
10.333,41.985
10.354,41.985
10.374,41.985
10.395,41.985
10.416,41.985
10.437,41.985
10.457,41.984
10.478,41.984
10.499,41.984
10.52,41.984
10.54,41.984
10.561,41.984
10.582,41.983
10.603,41.983
10.623,41.983
10.644,41.983
10.665,41.983
10.686,41.983
10.706,41.982
10.727,41.982
10.748,41.982
10.769,41.982
10.789,41.982
10.81,41.982
10.243,41.969
10.264,41.969
10.285,41.969
10.305,41.969
10.326,41.969
10.347,41.968
10.368,41.968
10.388,41.968
10.409,41.968
10.43,41.968
10.451,41.968
10.471,41.968
10.492,41.967
10.513,41.967
10.534,41.967
10.554,41.967
10.575,41.967
10.596,41.967
10.616,41.966
10.637,41.966
10.658,41.966
10.679,41.966
10.699,41.966
10.72,41.966
10.741,41.965
10.762,41.965
10.782,41.965
10.803,41.965
10.202,41.953
10.222,41.953
10.243,41.952
10.264,41.952
10.284,41.952
10.305,41.952
10.326,41.952
10.347,41.952
10.367,41.952
10.388,41.951
10.409,41.951
10.43,41.951
10.45,41.951
10.471,41.951
10.492,41.951
10.513,41.95
10.533,41.95
10.554,41.95
10.575,41.95
10.596,41.95
10.616,41.95
10.637,41.949
10.658,41.949
10.679,41.949
10.699,41.949
10.72,41.949
10.741,41.949
10.762,41.948
10.782,41.948
10.167,41.936
10.188,41.936
10.208,41.936
10.229,41.936
10.25,41.936
10.271,41.935
10.291,41.935
10.312,41.935
10.333,41.935
10.354,41.935
10.374,41.935
10.395,41.935
10.416,41.934
10.437,41.934
10.457,41.934
10.478,41.934
10.499,41.934
10.52,41.934
10.54,41.933
10.561,41.933
10.582,41.933
10.603,41.933
10.623,41.933
10.644,41.933
10.665,41.932
10.686,41.932
10.706,41.932
10.727,41.932
10.748,41.932
10.769,41.932
10.789,41.931
10.16,41.92
10.181,41.919
10.201,41.919
10.222,41.919
10.243,41.919
10.264,41.919
10.284,41.919
10.305,41.918
10.326,41.918
10.347,41.918
10.367,41.918
10.388,41.918
10.409,41.918
10.43,41.917
10.45,41.917
10.471,41.917
10.492,41.917
10.513,41.917
10.533,41.917
10.554,41.916
10.575,41.916
10.596,41.916
10.616,41.916
10.637,41.916
10.658,41.916
10.679,41.916
10.699,41.915
10.72,41.915
10.741,41.915
10.762,41.915
10.782,41.915
8.009,41.919
8.03,41.919
8.05,41.919
8.071,41.919
8.092,41.919
8.113,41.918
8.133,41.918
10.105,41.903
10.125,41.903
10.146,41.903
10.167,41.903
10.188,41.903
10.208,41.902
10.229,41.902
10.25,41.902
10.271,41.902
10.291,41.902
10.312,41.902
10.333,41.901
10.354,41.901
10.374,41.901
10.395,41.901
10.416,41.901
10.437,41.901
10.457,41.9
10.478,41.9
10.499,41.9
10.52,41.9
10.54,41.9
10.561,41.9
10.582,41.899
10.603,41.899
10.623,41.899
10.644,41.899
10.665,41.899
10.686,41.899
10.706,41.899
10.727,41.898
10.748,41.898
10.769,41.898
7.974,41.903
7.995,41.903
8.016,41.902
8.037,41.902
8.057,41.902
8.078,41.902
8.099,41.902
8.12,41.902
8.14,41.901
8.161,41.901
10.084,41.887
10.105,41.886
10.125,41.886
10.146,41.886
10.167,41.886
10.188,41.886
10.208,41.886
10.229,41.885
10.25,41.885
10.271,41.885
10.291,41.885
10.312,41.885
10.333,41.885
10.354,41.884
10.374,41.884
10.395,41.884
10.416,41.884
10.437,41.884
10.457,41.884
10.478,41.883
10.499,41.883
10.52,41.883
10.54,41.883
10.561,41.883
10.582,41.883
10.603,41.883
10.623,41.882
10.644,41.882
10.665,41.882
10.686,41.882
10.706,41.882
10.727,41.882
10.748,41.881
7.947,41.886
7.967,41.886
7.988,41.886
8.009,41.886
8.03,41.885
8.05,41.885
8.071,41.885
8.092,41.885
8.113,41.885
8.133,41.885
8.154,41.884
8.175,41.884
10.077,41.87
10.098,41.87
10.118,41.869
10.139,41.869
10.16,41.869
10.181,41.869
10.201,41.869
10.222,41.869
10.243,41.869
10.264,41.868
10.284,41.868
10.305,41.868
10.326,41.868
10.347,41.868
10.367,41.868
10.388,41.867
10.409,41.867
10.43,41.867
10.45,41.867
10.471,41.867
10.492,41.867
10.513,41.866
10.533,41.866
10.554,41.866
10.575,41.866
10.596,41.866
10.616,41.866
10.637,41.865
10.658,41.865
10.679,41.865
10.699,41.865
10.72,41.865
10.741,41.865
7.947,41.869
7.967,41.869
7.988,41.869
8.009,41.869
8.03,41.869
8.05,41.869
8.071,41.868
8.092,41.868
8.113,41.868
8.133,41.868
8.154,41.868
8.175,41.868
10.056,41.853
10.077,41.853
10.098,41.853
10.118,41.853
10.139,41.853
10.16,41.852
10.181,41.852
10.201,41.852
10.222,41.852
10.243,41.852
10.264,41.852
10.284,41.851
10.305,41.851
10.326,41.851
10.347,41.851
10.367,41.851
10.388,41.851
10.409,41.85
10.43,41.85
10.45,41.85
10.471,41.85
10.492,41.85
10.513,41.85
10.533,41.849
10.554,41.849
10.575,41.849
10.596,41.849
10.616,41.849
10.637,41.849
10.658,41.849
10.679,41.848
10.699,41.848
10.72,41.848
7.919,41.853
7.94,41.853
7.961,41.852
7.981,41.852
8.002,41.852
8.023,41.852
8.043,41.852
8.064,41.852
8.085,41.851
8.106,41.851
8.126,41.851
8.147,41.851
8.168,41.851
8.189,41.851
10.042,41.836
10.063,41.836
10.084,41.836
10.105,41.836
10.125,41.836
10.146,41.836
10.167,41.836
10.188,41.835
10.208,41.835
10.229,41.835
10.25,41.835
10.271,41.835
10.291,41.835
10.312,41.834
10.333,41.834
10.354,41.834
10.374,41.834
10.395,41.834
10.416,41.834
10.437,41.833
10.457,41.833
10.478,41.833
10.499,41.833
10.519,41.833
10.54,41.833
10.561,41.832
10.582,41.832
10.602,41.832
10.623,41.832
10.644,41.832
10.665,41.832
10.685,41.832
10.706,41.831
7.898,41.836
7.919,41.836
7.94,41.836
7.96,41.836
7.981,41.835
8.002,41.835
8.023,41.835
8.043,41.835
8.064,41.835
8.085,41.835
8.106,41.834
8.126,41.834
8.147,41.834
8.168,41.834
8.189,41.834
8.209,41.834
10.022,41.82
10.042,41.82
10.063,41.82
10.084,41.819
10.105,41.819
10.125,41.819
10.146,41.819
10.167,41.819
10.187,41.819
10.208,41.818
10.229,41.818
10.25,41.818
10.27,41.818
10.291,41.818
10.312,41.818
10.333,41.817
10.353,41.817
10.374,41.817
10.395,41.817
10.416,41.817
10.436,41.817
10.457,41.816
10.478,41.816
10.499,41.816
10.519,41.816
10.54,41.816
10.561,41.816
10.582,41.816
10.602,41.815
10.623,41.815
10.644,41.815
10.665,41.815
10.685,41.815
1.971,41.865
7.898,41.819
7.919,41.819
7.94,41.819
7.96,41.819
7.981,41.819
8.002,41.818
8.023,41.818
8.043,41.818
8.064,41.818
8.085,41.818
8.106,41.818
8.126,41.818
8.147,41.817
8.168,41.817
8.189,41.817
8.209,41.817
10.015,41.803
10.035,41.803
10.056,41.803
10.077,41.803
10.098,41.802
10.118,41.802
10.139,41.802
10.16,41.802
10.181,41.802
10.201,41.802
10.222,41.802
10.243,41.801
10.264,41.801
10.284,41.801
10.305,41.801
10.326,41.801
10.347,41.801
10.367,41.8
10.388,41.8
10.409,41.8
10.43,41.8
10.45,41.8
10.471,41.8
10.492,41.799
10.513,41.799
10.533,41.799
10.554,41.799
10.575,41.799
10.596,41.799
10.616,41.798
10.637,41.798
10.658,41.798
10.679,41.798
1.971,41.848
7.871,41.803
7.891,41.803
7.912,41.802
7.933,41.802
7.954,41.802
7.974,41.802
7.995,41.802
8.016,41.802
8.037,41.801
8.057,41.801
8.078,41.801
8.099,41.801
8.12,41.801
8.14,41.801
8.161,41.8
8.182,41.8
8.203,41.8
8.223,41.8
10.015,41.786
10.035,41.786
10.056,41.786
10.077,41.786
10.098,41.786
10.118,41.786
10.139,41.785
10.16,41.785
10.181,41.785
10.201,41.785
10.222,41.785
10.243,41.785
10.264,41.784
10.284,41.784
10.305,41.784
10.326,41.784
10.347,41.784
10.367,41.784
10.388,41.783
10.409,41.783
10.43,41.783
10.45,41.783
10.471,41.783
10.492,41.783
10.513,41.782
10.533,41.782
10.554,41.782
10.575,41.782
10.596,41.782
10.616,41.782
10.637,41.782
10.658,41.781
10.679,41.781
7.85,41.786
7.871,41.786
7.891,41.786
7.912,41.786
7.933,41.785
7.953,41.785
7.974,41.785
7.995,41.785
8.016,41.785
8.036,41.785
8.057,41.784
8.078,41.784
8.099,41.784
8.119,41.784
8.14,41.784
8.161,41.784
8.182,41.784
8.202,41.783
8.223,41.783
8.244,41.783
10.001,41.77
10.021,41.769
10.042,41.769
10.063,41.769
10.084,41.769
10.104,41.769
10.125,41.769
10.146,41.769
10.167,41.768
10.187,41.768
10.208,41.768
10.229,41.768
10.25,41.768
10.27,41.768
10.291,41.767
10.312,41.767
10.333,41.767
10.353,41.767
10.374,41.767
10.395,41.767
10.416,41.766
10.436,41.766
10.457,41.766
10.478,41.766
10.499,41.766
10.519,41.766
10.54,41.765
10.561,41.765
10.582,41.765
10.602,41.765
10.623,41.765
10.644,41.765
1.964,41.814
7.808,41.77
7.85,41.769
7.87,41.769
7.891,41.769
7.912,41.769
7.933,41.769
7.953,41.768
7.974,41.768
7.995,41.768
8.016,41.768
8.036,41.768
8.057,41.768
8.078,41.768
8.099,41.767
8.119,41.767
8.14,41.767
8.161,41.767
8.182,41.767
8.202,41.767
8.223,41.766
8.244,41.766
8.265,41.766
10.001,41.753
10.021,41.753
10.042,41.753
10.063,41.752
10.084,41.752
10.104,41.752
10.125,41.752
10.146,41.752
10.167,41.752
10.187,41.751
10.208,41.751
10.229,41.751
10.25,41.751
10.27,41.751
10.291,41.751
10.312,41.75
10.333,41.75
10.353,41.75
10.374,41.75
10.395,41.75
10.416,41.75
10.436,41.749
10.457,41.749
10.478,41.749
10.499,41.749
10.519,41.749
10.54,41.749
10.561,41.749
10.582,41.748
10.602,41.748
10.623,41.748
1.964,41.798
7.767,41.753
7.787,41.753
7.808,41.753
7.891,41.752
7.912,41.752
7.933,41.752
7.953,41.752
7.974,41.752
7.995,41.751
8.016,41.751
8.036,41.751
8.057,41.751
8.078,41.751
8.099,41.751
8.119,41.75
8.14,41.75
8.161,41.75
8.182,41.75
8.202,41.75
8.223,41.75
8.244,41.749
8.265,41.749
8.285,41.749
9.994,41.736
10.014,41.736
10.035,41.736
10.056,41.736
10.077,41.735
10.097,41.735
10.118,41.735
10.139,41.735
10.16,41.735
10.18,41.735
10.201,41.735
10.222,41.734
10.243,41.734
10.263,41.734
10.284,41.734
10.305,41.734
10.326,41.734
10.346,41.733
10.367,41.733
10.388,41.733
10.409,41.733
10.429,41.733
10.45,41.733
10.471,41.732
10.492,41.732
10.512,41.732
10.533,41.732
10.554,41.732
10.575,41.732
10.595,41.731
10.616,41.731
7.684,41.737
7.704,41.737
7.725,41.737
7.746,41.737
7.767,41.736
7.787,41.736
7.905,41.735
7.926,41.735
7.947,41.735
7.967,41.735
7.988,41.735
8.009,41.734
8.03,41.734
8.05,41.734
8.071,41.734
8.092,41.734
8.113,41.734
8.133,41.734
8.154,41.733
8.175,41.733
8.196,41.733
8.216,41.733
8.237,41.733
8.258,41.733
8.278,41.732
8.299,41.732
9.987,41.719
10.008,41.719
10.028,41.719
10.049,41.719
10.07,41.719
10.091,41.719
10.111,41.718
10.132,41.718
10.153,41.718
10.174,41.718
10.194,41.718
10.215,41.718
10.236,41.717
10.257,41.717
10.277,41.717
10.298,41.717
10.319,41.717
10.34,41.717
10.36,41.716
10.381,41.716
10.402,41.716
10.423,41.716
10.443,41.716
10.464,41.716
10.485,41.716
10.506,41.715
10.526,41.715
10.547,41.715
10.568,41.715
10.589,41.715
10.609,41.715
7.628,41.721
7.649,41.72
7.67,41.72
7.691,41.72
7.711,41.72
7.732,41.72
7.753,41.72
7.891,41.719
7.912,41.718
7.933,41.718
7.953,41.718
7.974,41.718
8.023,41.718
8.043,41.717
8.064,41.717
8.085,41.717
8.106,41.717
8.126,41.717
8.147,41.717
8.168,41.716
8.189,41.716
8.209,41.716
8.23,41.716
8.251,41.716
8.272,41.716
8.292,41.716
8.313,41.715
9.966,41.703
9.987,41.703
10.008,41.702
10.028,41.702
10.049,41.702
10.07,41.702
10.091,41.702
10.111,41.702
10.132,41.701
10.153,41.701
10.174,41.701
10.194,41.701
10.215,41.701
10.236,41.701
10.257,41.7
10.277,41.7
10.298,41.7
10.319,41.7
10.339,41.7
10.36,41.7
10.381,41.7
10.402,41.699
10.422,41.699
10.443,41.699
10.464,41.699
10.485,41.699
10.505,41.699
10.526,41.698
10.547,41.698
10.568,41.698
10.588,41.698
1.971,41.747
7.573,41.704
7.594,41.704
7.614,41.704
7.635,41.704
7.656,41.704
7.677,41.703
7.697,41.703
7.718,41.703
7.739,41.703
7.877,41.702
7.898,41.702
7.919,41.702
7.94,41.701
7.96,41.701
8.043,41.701
8.064,41.7
8.085,41.7
8.106,41.7
8.126,41.7
8.147,41.7
8.168,41.7
8.189,41.7
8.209,41.699
8.23,41.699
8.251,41.699
8.272,41.699
8.292,41.699
8.313,41.699
8.334,41.698
9.952,41.686
9.973,41.686
9.994,41.686
10.014,41.686
10.035,41.685
10.056,41.685
10.077,41.685
10.097,41.685
10.118,41.685
10.139,41.685
10.16,41.684
10.18,41.684
10.201,41.684
10.222,41.684
10.243,41.684
10.263,41.684
10.284,41.683
10.305,41.683
10.326,41.683
10.346,41.683
10.367,41.683
10.388,41.683
10.409,41.683
10.429,41.682
10.45,41.682
10.471,41.682
10.492,41.682
10.512,41.682
10.533,41.682
10.554,41.681
10.575,41.681
10.595,41.681
7.552,41.688
7.573,41.687
7.594,41.687
7.614,41.687
7.635,41.687
7.656,41.687
7.677,41.687
7.697,41.687
7.718,41.686
7.863,41.685
7.884,41.685
7.905,41.685
7.926,41.685
7.946,41.685
8.05,41.684
8.071,41.684
8.092,41.683
8.112,41.683
8.133,41.683
8.154,41.683
8.175,41.683
8.195,41.683
8.216,41.683
8.237,41.682
8.258,41.682
8.278,41.682
8.299,41.682
8.32,41.682
8.341,41.682
8.361,41.681
9.952,41.669
9.973,41.669
9.994,41.669
10.014,41.669
10.035,41.669
10.056,41.668
10.077,41.668
10.097,41.668
10.118,41.668
10.139,41.668
10.16,41.668
10.18,41.668
10.201,41.667
10.222,41.667
10.243,41.667
10.263,41.667
10.284,41.667
10.305,41.667
10.326,41.666
10.346,41.666
10.367,41.666
10.388,41.666
10.409,41.666
10.429,41.666
10.45,41.665
10.471,41.665
10.492,41.665
10.512,41.665
10.533,41.665
10.554,41.665
10.575,41.664
7.531,41.671
7.552,41.671
7.573,41.671
7.594,41.671
7.614,41.67
7.635,41.67
7.656,41.67
8.099,41.667
8.119,41.666
8.14,41.666
8.161,41.666
8.182,41.666
8.202,41.666
8.223,41.666
8.244,41.666
8.265,41.665
8.285,41.665
8.306,41.665
8.327,41.665
8.348,41.665
8.368,41.665
9.938,41.653
9.959,41.652
9.98,41.652
10.001,41.652
10.021,41.652
10.042,41.652
10.063,41.652
10.084,41.651
10.104,41.651
10.125,41.651
10.146,41.651
10.167,41.651
10.187,41.651
10.208,41.65
10.229,41.65
10.25,41.65
10.27,41.65
10.291,41.65
10.312,41.65
10.333,41.65
10.353,41.649
10.374,41.649
10.395,41.649
10.416,41.649
10.436,41.649
10.457,41.649
10.478,41.648
10.499,41.648
10.519,41.648
10.54,41.648
10.561,41.648
7.504,41.654
7.525,41.654
7.545,41.654
7.566,41.654
7.587,41.654
7.608,41.654
8.119,41.65
8.14,41.65
8.161,41.649
8.182,41.649
8.202,41.649
8.223,41.649
8.244,41.649
8.265,41.649
8.285,41.648
8.306,41.648
8.327,41.648
8.348,41.648
8.368,41.648
8.389,41.648
8.41,41.647
8.431,41.647
9.931,41.636
9.952,41.636
9.973,41.636
9.994,41.635
10.014,41.635
10.035,41.635
10.056,41.635
10.077,41.635
10.097,41.635
10.118,41.634
10.139,41.634
10.16,41.634
10.18,41.634
10.201,41.634
10.222,41.634
10.243,41.633
10.263,41.633
10.284,41.633
10.305,41.633
10.326,41.633
10.346,41.633
10.367,41.632
10.388,41.632
10.409,41.632
10.429,41.632
10.45,41.632
10.471,41.632
10.492,41.632
10.512,41.631
10.533,41.631
7.469,41.638
7.49,41.638
7.511,41.638
7.531,41.637
7.552,41.637
7.573,41.637
8.119,41.633
8.14,41.633
8.161,41.633
8.182,41.632
8.202,41.632
8.223,41.632
8.244,41.632
8.265,41.632
8.285,41.632
8.306,41.631
8.327,41.631
8.348,41.631
8.368,41.631
8.389,41.631
8.41,41.631
8.431,41.631
8.451,41.63
8.472,41.63
9.924,41.619
9.945,41.619
9.966,41.619
9.987,41.619
10.007,41.618
10.028,41.618
10.049,41.618
10.07,41.618
10.09,41.618
10.111,41.618
10.132,41.617
10.153,41.617
10.173,41.617
10.194,41.617
10.215,41.617
10.236,41.617
10.256,41.617
10.277,41.616
10.298,41.616
10.319,41.616
10.339,41.616
10.36,41.616
10.381,41.616
10.402,41.615
10.422,41.615
10.443,41.615
10.464,41.615
10.485,41.615
10.505,41.615
10.526,41.614
7.448,41.621
7.469,41.621
7.49,41.621
7.511,41.621
7.531,41.621
7.552,41.62
8.14,41.616
8.161,41.616
8.182,41.616
8.202,41.615
8.223,41.615
8.244,41.615
8.265,41.615
8.285,41.615
8.306,41.615
8.327,41.615
8.348,41.614
8.368,41.614
8.389,41.614
8.41,41.614
8.43,41.614
8.451,41.614
8.472,41.613
8.493,41.613
8.513,41.613
9.876,41.603
9.897,41.603
9.917,41.602
9.938,41.602
9.959,41.602
9.98,41.602
10.0,41.602
10.021,41.602
10.042,41.601
10.063,41.601
10.083,41.601
10.104,41.601
10.125,41.601
10.146,41.601
10.166,41.6
10.187,41.6
10.208,41.6
10.229,41.6
10.249,41.6
10.27,41.6
10.291,41.599
10.312,41.599
10.332,41.599
10.353,41.599
10.374,41.599
10.395,41.599
10.415,41.599
10.436,41.598
10.457,41.598
10.478,41.598
10.498,41.598
10.519,41.598
7.435,41.605
7.455,41.604
7.476,41.604
7.497,41.604
7.518,41.604
7.538,41.604
8.161,41.599
8.181,41.599
8.202,41.599
8.223,41.599
8.244,41.598
8.264,41.598
8.285,41.598
8.306,41.598
8.327,41.598
8.347,41.598
8.368,41.597
8.389,41.597
8.41,41.597
8.43,41.597
8.451,41.597
8.472,41.597
8.493,41.596
8.513,41.596
9.855,41.586
9.876,41.586
9.897,41.586
9.917,41.586
9.938,41.585
9.959,41.585
9.98,41.585
10.0,41.585
10.021,41.585
10.042,41.585
10.063,41.584
10.083,41.584
10.104,41.584
10.125,41.584
10.146,41.584
10.166,41.584
10.187,41.583
10.208,41.583
10.229,41.583
10.249,41.583
10.27,41.583
10.291,41.583
10.312,41.583
10.332,41.582
10.353,41.582
10.374,41.582
10.395,41.582
10.415,41.582
10.436,41.582
10.457,41.581
10.478,41.581
10.498,41.581
7.414,41.588
7.435,41.588
7.455,41.588
7.476,41.587
7.497,41.587
8.154,41.582
8.175,41.582
8.195,41.582
8.216,41.582
8.237,41.582
8.258,41.581
8.278,41.581
8.299,41.581
8.32,41.581
8.341,41.581
8.361,41.581
8.382,41.581
8.403,41.58
8.424,41.58
8.444,41.58
8.465,41.58
8.486,41.58
8.507,41.58
8.527,41.579
8.548,41.579
9.834,41.569
9.855,41.569
9.876,41.569
9.897,41.569
9.917,41.569
9.938,41.569
9.959,41.568
9.98,41.568
10.0,41.568
10.021,41.568
10.042,41.568
10.063,41.568
10.083,41.567
10.104,41.567
10.125,41.567
10.146,41.567
10.166,41.567
10.187,41.567
10.208,41.567
10.229,41.566
10.249,41.566
10.27,41.566
10.291,41.566
10.312,41.566
10.332,41.566
10.353,41.565
10.374,41.565
10.395,41.565
10.415,41.565
10.436,41.565
10.457,41.565
10.478,41.564
7.386,41.571
7.407,41.571
7.428,41.571
7.448,41.571
7.469,41.571
7.49,41.571
8.161,41.565
8.181,41.565
8.202,41.565
8.223,41.565
8.244,41.565
8.264,41.565
8.285,41.564
8.306,41.564
8.327,41.564
8.347,41.564
8.368,41.564
8.389,41.564
8.41,41.564
8.43,41.563
8.451,41.563
8.472,41.563
8.493,41.563
8.513,41.563
8.534,41.563
8.555,41.562
9.793,41.553
9.814,41.553
9.834,41.553
9.855,41.552
9.876,41.552
9.897,41.552
9.917,41.552
9.938,41.552
9.959,41.552
9.98,41.552
10.0,41.551
10.021,41.551
10.042,41.551
10.063,41.551
10.083,41.551
10.104,41.551
10.125,41.55
10.146,41.55
10.166,41.55
10.187,41.55
10.208,41.55
10.229,41.55
10.249,41.549
10.27,41.549
10.291,41.549
10.312,41.549
10.332,41.549
10.353,41.549
10.374,41.548
10.395,41.548
10.415,41.548
10.436,41.548
10.457,41.548
7.386,41.555
7.407,41.554
7.428,41.554
7.448,41.554
8.161,41.549
8.181,41.548
8.202,41.548
8.223,41.548
8.244,41.548
8.264,41.548
8.285,41.548
8.306,41.548
8.327,41.547
8.347,41.547
8.368,41.547
8.389,41.547
8.41,41.547
8.43,41.547
8.451,41.546
8.472,41.546
8.493,41.546
8.513,41.546
8.534,41.546
8.555,41.546
9.751,41.536
9.772,41.536
9.793,41.536
9.814,41.536
9.834,41.536
9.855,41.536
9.876,41.536
9.897,41.535
9.917,41.535
9.938,41.535
9.959,41.535
9.98,41.535
10.0,41.535
10.021,41.534
10.042,41.534
10.063,41.534
10.083,41.534
10.104,41.534
10.125,41.534
10.146,41.533
10.166,41.533
10.187,41.533
10.208,41.533
10.229,41.533
10.249,41.533
10.27,41.532
10.291,41.532
10.312,41.532
10.332,41.532
10.353,41.532
10.374,41.532
10.395,41.532
10.415,41.531
10.436,41.531
7.379,41.538
7.4,41.538
7.421,41.538
7.441,41.537
8.168,41.532
8.188,41.532
8.209,41.531
8.23,41.531
8.251,41.531
8.271,41.531
8.292,41.531
8.313,41.531
8.334,41.531
8.354,41.53
8.375,41.53
8.396,41.53
8.417,41.53
8.437,41.53
8.458,41.53
8.479,41.529
8.5,41.529
8.52,41.529
8.541,41.529
8.562,41.529
9.738,41.52
9.758,41.52
9.779,41.519
9.8,41.519
9.821,41.519
9.841,41.519
9.862,41.519
9.883,41.519
9.904,41.519
9.924,41.518
9.945,41.518
9.966,41.518
9.987,41.518
10.007,41.518
10.028,41.518
10.049,41.517
10.07,41.517
10.09,41.517
10.111,41.517
10.132,41.517
10.153,41.517
10.173,41.516
10.194,41.516
10.215,41.516
10.236,41.516
10.256,41.516
10.277,41.516
10.298,41.515
10.319,41.515
10.339,41.515
10.36,41.515
10.381,41.515
10.402,41.515
7.358,41.521
7.379,41.521
7.4,41.521
7.421,41.521
8.168,41.515
8.188,41.515
8.209,41.515
8.23,41.515
8.251,41.514
8.271,41.514
8.292,41.514
8.313,41.514
8.334,41.514
8.354,41.514
8.375,41.513
8.396,41.513
8.417,41.513
8.437,41.513
8.458,41.513
8.479,41.513
8.5,41.512
8.52,41.512
8.541,41.512
8.562,41.512
8.583,41.512
9.648,41.504
9.668,41.504
9.689,41.503
9.71,41.503
9.731,41.503
9.751,41.503
9.772,41.503
9.793,41.503
9.814,41.502
9.834,41.502
9.855,41.502
9.876,41.502
9.897,41.502
9.917,41.502
9.938,41.501
9.959,41.501
9.98,41.501
10.0,41.501
10.021,41.501
10.042,41.501
10.063,41.5
10.083,41.5
10.104,41.5
10.125,41.5
10.146,41.5
10.166,41.5
10.187,41.5
10.208,41.499
10.229,41.499
10.249,41.499
10.27,41.499
10.291,41.499
10.312,41.499
10.332,41.498
10.353,41.498
10.374,41.498
10.395,41.498
7.338,41.505
7.358,41.504
7.379,41.504
7.4,41.504
8.161,41.498
8.181,41.498
8.202,41.498
8.223,41.498
8.244,41.498
8.264,41.497
8.285,41.497
8.306,41.497
8.327,41.497
8.347,41.497
8.368,41.497
8.389,41.497
8.41,41.496
8.43,41.496
8.451,41.496
8.472,41.496
8.493,41.496
8.513,41.496
8.534,41.495
8.555,41.495
8.576,41.495
8.596,41.495
8.617,41.495
9.613,41.487
9.634,41.487
9.655,41.487
9.675,41.487
9.696,41.487
9.717,41.486
9.738,41.486
9.758,41.486
9.779,41.486
9.8,41.486
9.821,41.486
9.841,41.485
9.862,41.485
9.883,41.485
9.903,41.485
9.924,41.485
9.945,41.485
9.966,41.484
9.986,41.484
10.007,41.484
10.028,41.484
10.049,41.484
10.069,41.484
10.09,41.483
10.111,41.483
10.132,41.483
10.152,41.483
10.173,41.483
10.194,41.483
10.215,41.483
10.235,41.482
10.256,41.482
10.277,41.482
10.298,41.482
10.318,41.482
10.339,41.482
10.36,41.481
10.381,41.481
7.324,41.488
7.344,41.488
7.365,41.488
7.386,41.487
8.181,41.481
8.202,41.481
8.223,41.481
8.244,41.481
8.264,41.481
8.285,41.481
8.306,41.48
8.327,41.48
8.347,41.48
8.368,41.48
8.389,41.48
8.41,41.48
8.43,41.479
8.451,41.479
8.472,41.479
8.493,41.479
8.513,41.479
8.534,41.479
8.555,41.478
8.576,41.478
8.596,41.478
8.617,41.478
8.638,41.478
9.24,41.473
9.26,41.473
9.281,41.473
9.302,41.473
9.323,41.473
9.357,41.472
9.378,41.472
9.399,41.472
9.419,41.472
9.44,41.472
9.461,41.472
9.482,41.471
9.502,41.471
9.523,41.471
9.544,41.471
9.565,41.471
9.585,41.471
9.606,41.47
9.627,41.47
9.648,41.47
9.668,41.47
9.689,41.47
9.71,41.47
9.731,41.469
9.751,41.469
9.772,41.469
9.793,41.469
9.814,41.469
9.834,41.469
9.855,41.469
9.876,41.468
9.897,41.468
9.917,41.468
9.938,41.468
9.959,41.468
9.98,41.468
10.0,41.467
10.021,41.467
10.042,41.467
10.063,41.467
10.083,41.467
10.104,41.467
10.125,41.466
10.146,41.466
10.166,41.466
10.187,41.466
10.208,41.466
10.229,41.466
10.249,41.465
10.27,41.465
10.291,41.465
10.312,41.465
10.332,41.465
10.353,41.465
10.374,41.465
7.317,41.471
7.338,41.471
7.358,41.471
7.379,41.471
8.195,41.464
8.216,41.464
8.237,41.464
8.257,41.464
8.278,41.464
8.299,41.464
8.32,41.463
8.34,41.463
8.361,41.463
8.382,41.463
8.403,41.463
8.423,41.463
8.444,41.463
8.465,41.462
8.486,41.462
8.506,41.462
8.527,41.462
8.548,41.462
8.569,41.462
8.589,41.461
8.61,41.461
8.631,41.461
8.652,41.461
8.721,41.46
8.742,41.46
8.762,41.46
8.783,41.46
8.804,41.46
8.825,41.46
9.205,41.457
9.226,41.457
9.246,41.456
9.267,41.456
9.288,41.456
9.309,41.456
9.329,41.456
9.35,41.456
9.371,41.455
9.392,41.455
9.412,41.455
9.433,41.455
9.454,41.455
9.475,41.455
9.495,41.454
9.516,41.454
9.537,41.454
9.558,41.454
9.578,41.454
9.599,41.454
9.62,41.454
9.641,41.453
9.661,41.453
9.682,41.453
9.703,41.453
9.724,41.453
9.744,41.453
9.765,41.452
9.786,41.452
9.807,41.452
9.827,41.452
9.848,41.452
9.869,41.452
9.89,41.451
9.91,41.451
9.931,41.451
9.952,41.451
9.973,41.451
9.993,41.451
10.014,41.45
10.035,41.45
10.056,41.45
10.076,41.45
10.097,41.45
10.118,41.45
10.139,41.45
10.159,41.449
10.18,41.449
10.201,41.449
10.222,41.449
10.242,41.449
10.263,41.449
10.284,41.448
10.305,41.448
10.325,41.448
10.346,41.448
10.367,41.448
7.303,41.454
7.324,41.454
7.344,41.454
7.365,41.454
8.202,41.448
8.223,41.447
8.244,41.447
8.264,41.447
8.285,41.447
8.306,41.447
8.327,41.447
8.347,41.446
8.368,41.446
8.389,41.446
8.41,41.446
8.43,41.446
8.451,41.446
8.472,41.446
8.493,41.445
8.513,41.445
8.534,41.445
8.555,41.445
8.576,41.445
8.596,41.445
8.617,41.444
8.638,41.444
8.659,41.444
8.679,41.444
8.7,41.444
8.721,41.444
8.742,41.443
8.762,41.443
8.783,41.443
8.804,41.443
8.825,41.443
8.845,41.443
9.198,41.44
9.219,41.44
9.239,41.44
9.26,41.439
9.281,41.439
9.302,41.439
9.322,41.439
9.343,41.439
9.364,41.439
9.385,41.439
9.405,41.438
9.426,41.438
9.447,41.438
9.468,41.438
9.488,41.438
9.509,41.438
9.53,41.437
9.551,41.437
9.571,41.437
9.592,41.437
9.613,41.437
9.634,41.437
9.654,41.436
9.675,41.436
9.696,41.436
9.717,41.436
9.737,41.436
9.758,41.436
9.779,41.436
9.8,41.435
9.82,41.435
9.841,41.435
9.862,41.435
9.883,41.435
9.903,41.435
9.924,41.434
9.945,41.434
9.966,41.434
9.986,41.434
10.007,41.434
10.028,41.434
10.049,41.433
10.069,41.433
10.09,41.433
10.111,41.433
10.132,41.433
10.152,41.433
10.173,41.432
10.194,41.432
10.215,41.432
10.235,41.432
10.256,41.432
10.277,41.432
10.298,41.432
10.318,41.431
10.339,41.431
10.36,41.431
7.296,41.438
7.317,41.438
7.337,41.437
7.358,41.437
8.202,41.431
8.223,41.431
8.244,41.43
8.264,41.43
8.285,41.43
8.306,41.43
8.327,41.43
8.347,41.43
8.368,41.43
8.389,41.429
8.41,41.429
8.43,41.429
8.451,41.429
8.472,41.429
8.493,41.429
8.513,41.428
8.534,41.428
8.555,41.428
8.575,41.428
8.596,41.428
8.617,41.428
8.638,41.427
8.658,41.427
8.679,41.427
8.7,41.427
8.721,41.427
8.741,41.427
8.762,41.426
8.783,41.426
8.804,41.426
8.824,41.426
8.845,41.426
8.866,41.426
9.191,41.423
9.212,41.423
9.233,41.423
9.253,41.423
9.274,41.423
9.295,41.422
9.316,41.422
9.336,41.422
9.357,41.422
9.378,41.422
9.399,41.422
9.419,41.421
9.44,41.421
9.461,41.421
9.482,41.421
9.502,41.421
9.523,41.421
9.544,41.421
9.565,41.42
9.585,41.42
9.606,41.42
9.627,41.42
9.648,41.42
9.668,41.42
9.689,41.419
9.71,41.419
9.731,41.419
9.751,41.419
9.772,41.419
9.793,41.419
9.813,41.418
9.834,41.418
9.855,41.418
9.876,41.418
9.896,41.418
9.917,41.418
9.938,41.417
9.959,41.417
9.979,41.417
10.0,41.417
10.021,41.417
10.042,41.417
10.062,41.417
10.083,41.416
10.104,41.416
10.125,41.416
10.145,41.416
10.166,41.416
10.187,41.416
10.208,41.415
10.228,41.415
10.249,41.415
10.27,41.415
10.291,41.415
10.311,41.415
10.332,41.414
10.353,41.414
7.275,41.421
7.296,41.421
7.317,41.421
7.337,41.421
7.358,41.42
8.216,41.414
8.237,41.414
8.257,41.414
8.278,41.413
8.299,41.413
8.32,41.413
8.34,41.413
8.361,41.413
8.382,41.413
8.403,41.412
8.423,41.412
8.444,41.412
8.465,41.412
8.486,41.412
8.506,41.412
8.527,41.412
8.548,41.411
8.569,41.411
8.589,41.411
8.61,41.411
8.631,41.411
8.652,41.411
8.672,41.41
8.693,41.41
8.714,41.41
8.735,41.41
8.755,41.41
8.776,41.41
8.797,41.409
8.818,41.409
8.838,41.409
8.859,41.409
9.17,41.407
9.191,41.406
9.212,41.406
9.233,41.406
9.253,41.406
9.274,41.406
9.295,41.406
9.316,41.405
9.336,41.405
9.357,41.405
9.378,41.405
9.399,41.405
9.419,41.405
9.44,41.405
9.461,41.404
9.481,41.404
9.502,41.404
9.523,41.404
9.544,41.404
9.564,41.404
9.585,41.403
9.606,41.403
9.627,41.403
9.647,41.403
9.668,41.403
9.689,41.403
9.71,41.402
9.73,41.402
9.751,41.402
9.772,41.402
9.793,41.402
9.813,41.402
9.834,41.401
9.855,41.401
9.876,41.401
9.896,41.401
9.917,41.401
9.938,41.401
9.959,41.401
9.979,41.4
10.0,41.4
10.021,41.4
10.042,41.4
10.062,41.4
10.083,41.4
10.104,41.399
10.125,41.399
10.145,41.399
10.166,41.399
10.187,41.399
10.208,41.399
10.228,41.398
10.249,41.398
10.27,41.398
10.291,41.398
10.311,41.398
10.332,41.398
10.353,41.398
7.275,41.404
7.296,41.404
7.317,41.404
7.337,41.404
8.216,41.397
8.237,41.397
8.257,41.397
8.278,41.397
8.299,41.396
8.32,41.396
8.34,41.396
8.361,41.396
8.382,41.396
8.403,41.396
8.423,41.396
8.444,41.395
8.465,41.395
8.486,41.395
8.506,41.395
8.527,41.395
8.548,41.395
8.569,41.394
8.589,41.394
8.61,41.394
8.631,41.394
8.652,41.394
8.672,41.394
8.693,41.393
8.714,41.393
8.735,41.393
8.755,41.393
8.776,41.393
8.797,41.393
8.818,41.392
8.838,41.392
8.859,41.392
8.88,41.392
9.17,41.39
9.191,41.39
9.212,41.389
9.232,41.389
9.253,41.389
9.274,41.389
9.295,41.389
9.315,41.389
9.336,41.389
9.357,41.388
9.378,41.388
9.398,41.388
9.419,41.388
9.44,41.388
9.461,41.388
9.481,41.387
9.502,41.387
9.523,41.387
9.544,41.387
9.564,41.387
9.585,41.387
9.606,41.386
9.627,41.386
9.647,41.386
9.668,41.386
9.689,41.386
9.71,41.386
9.73,41.386
9.751,41.385
9.772,41.385
9.793,41.385
9.813,41.385
9.834,41.385
9.855,41.385
9.876,41.384
9.896,41.384
9.917,41.384
9.938,41.384
9.959,41.384
9.979,41.384
10.0,41.383
10.021,41.383
10.042,41.383
10.062,41.383
10.083,41.383
10.104,41.383
10.125,41.382
10.145,41.382
10.166,41.382
10.187,41.382
10.208,41.382
10.228,41.382
10.249,41.382
10.27,41.381
10.291,41.381
10.311,41.381
10.332,41.381
10.353,41.381
7.275,41.388
7.296,41.387
7.317,41.387
7.337,41.387
8.23,41.38
8.25,41.38
8.271,41.38
8.292,41.38
8.313,41.38
8.333,41.379
8.354,41.379
8.375,41.379
8.396,41.379
8.416,41.379
8.437,41.379
8.458,41.378
8.479,41.378
8.499,41.378
8.52,41.378
8.541,41.378
8.562,41.378
8.582,41.378
8.603,41.377
8.624,41.377
8.645,41.377
8.665,41.377
8.686,41.377
8.707,41.377
8.728,41.376
8.748,41.376
8.769,41.376
8.79,41.376
8.811,41.376
8.831,41.376
8.852,41.375
8.873,41.375
9.156,41.373
9.177,41.373
9.198,41.373
9.219,41.373
9.239,41.372
9.26,41.372
9.281,41.372
9.302,41.372
9.322,41.372
9.343,41.372
9.364,41.372
9.385,41.371
9.405,41.371
9.426,41.371
9.447,41.371
9.468,41.371
9.488,41.371
9.509,41.37
9.53,41.37
9.551,41.37
9.571,41.37
9.592,41.37
9.613,41.37
9.634,41.369
9.654,41.369
9.675,41.369
9.696,41.369
9.717,41.369
9.737,41.369
9.758,41.369
9.779,41.368
9.8,41.368
9.82,41.368
9.841,41.368
9.862,41.368
9.883,41.368
9.903,41.367
9.924,41.367
9.945,41.367
9.966,41.367
9.986,41.367
10.007,41.367
10.028,41.366
10.049,41.366
10.069,41.366
10.09,41.366
10.111,41.366
10.132,41.366
10.152,41.365
10.173,41.365
10.194,41.365
10.215,41.365
10.235,41.365
10.256,41.365
10.277,41.365
10.298,41.364
10.318,41.364
10.339,41.364
7.261,41.371
7.282,41.371
7.303,41.371
7.324,41.37
8.23,41.363
8.25,41.363
8.271,41.363
8.292,41.363
8.313,41.363
8.333,41.363
8.354,41.362
8.375,41.362
8.396,41.362
8.416,41.362
8.437,41.362
8.458,41.362
8.479,41.362
8.499,41.361
8.52,41.361
8.541,41.361
8.562,41.361
8.582,41.361
8.603,41.361
8.624,41.36
8.645,41.36
8.665,41.36
8.686,41.36
8.707,41.36
8.728,41.36
8.748,41.359
8.769,41.359
8.79,41.359
8.811,41.359
8.831,41.359
8.852,41.359
8.873,41.358
8.894,41.358
9.163,41.356
9.184,41.356
9.205,41.356
9.226,41.356
9.246,41.356
9.267,41.355
9.288,41.355
9.309,41.355
9.329,41.355
9.35,41.355
9.371,41.355
9.392,41.355
9.412,41.354
9.433,41.354
9.454,41.354
9.475,41.354
9.495,41.354
9.516,41.354
9.537,41.353
9.558,41.353
9.578,41.353
9.599,41.353
9.62,41.353
9.641,41.353
9.661,41.352
9.682,41.352
9.703,41.352
9.724,41.352
9.744,41.352
9.765,41.352
9.786,41.351
9.806,41.351
9.827,41.351
9.848,41.351
9.869,41.351
9.889,41.351
9.91,41.351
9.931,41.35
9.952,41.35
9.972,41.35
9.993,41.35
10.014,41.35
10.035,41.35
10.055,41.349
10.076,41.349
10.097,41.349
10.118,41.349
10.138,41.349
10.159,41.349
10.18,41.348
10.201,41.348
10.221,41.348
10.242,41.348
10.263,41.348
10.284,41.348
10.304,41.348
10.325,41.347
10.346,41.347
7.261,41.354
7.282,41.354
7.303,41.354
7.324,41.354
8.236,41.347
8.257,41.346
8.278,41.346
8.299,41.346
8.319,41.346
8.34,41.346
8.361,41.346
8.382,41.345
8.402,41.345
8.423,41.345
8.444,41.345
8.465,41.345
8.485,41.345
8.506,41.345
8.527,41.344
8.548,41.344
8.568,41.344
8.589,41.344
8.61,41.344
8.631,41.344
8.651,41.343
8.672,41.343
8.693,41.343
8.714,41.343
8.734,41.343
8.755,41.343
8.776,41.342
8.797,41.342
8.817,41.342
8.838,41.342
8.859,41.342
8.88,41.342
8.9,41.341
9.149,41.34
9.17,41.339
9.191,41.339
9.212,41.339
9.232,41.339
9.253,41.339
9.274,41.339
9.295,41.338
9.315,41.338
9.336,41.338
9.357,41.338
9.378,41.338
9.398,41.338
9.419,41.338
9.44,41.337
9.461,41.337
9.481,41.337
9.502,41.337
9.523,41.337
9.544,41.337
9.564,41.336
9.585,41.336
9.606,41.336
9.627,41.336
9.647,41.336
9.668,41.336
9.689,41.335
9.71,41.335
9.73,41.335
9.751,41.335
9.772,41.335
9.793,41.335
9.813,41.334
9.834,41.334
9.855,41.334
9.876,41.334
9.896,41.334
9.917,41.334
9.938,41.334
9.959,41.333
9.979,41.333
10.0,41.333
10.021,41.333
10.042,41.333
10.062,41.333
10.083,41.332
10.104,41.332
10.125,41.332
10.145,41.332
10.166,41.332
10.187,41.332
10.208,41.331
10.228,41.331
10.249,41.331
10.27,41.331
10.291,41.331
10.311,41.331
10.332,41.331
7.261,41.337
7.282,41.337
7.303,41.337
7.324,41.337
8.236,41.33
8.257,41.33
8.278,41.329
8.299,41.329
8.319,41.329
8.34,41.329
8.361,41.329
8.382,41.329
8.402,41.329
8.423,41.328
8.444,41.328
8.465,41.328
8.485,41.328
8.506,41.328
8.527,41.328
8.548,41.327
8.568,41.327
8.589,41.327
8.61,41.327
8.631,41.327
8.651,41.327
8.672,41.326
8.693,41.326
8.714,41.326
8.734,41.326
8.755,41.326
8.776,41.326
8.797,41.325
8.817,41.325
8.838,41.325
8.859,41.325
8.88,41.325
8.9,41.325
9.136,41.323
9.156,41.323
9.177,41.323
9.198,41.322
9.219,41.322
9.239,41.322
9.26,41.322
9.281,41.322
9.302,41.322
9.322,41.321
9.343,41.321
9.364,41.321
9.385,41.321
9.405,41.321
9.426,41.321
9.447,41.321
9.468,41.32
9.488,41.32
9.509,41.32
9.53,41.32
9.551,41.32
9.571,41.32
9.592,41.319
9.613,41.319
9.634,41.319
9.654,41.319
9.675,41.319
9.696,41.319
9.717,41.318
9.737,41.318
9.758,41.318
9.779,41.318
9.8,41.318
9.82,41.318
9.841,41.317
9.862,41.317
9.883,41.317
9.903,41.317
9.924,41.317
9.945,41.317
9.966,41.317
9.986,41.316
10.007,41.316
10.028,41.316
10.049,41.316
10.069,41.316
10.09,41.316
10.111,41.315
10.132,41.315
10.152,41.315
10.173,41.315
10.194,41.315
10.215,41.315
10.235,41.314
10.256,41.314
10.277,41.314
10.298,41.314
10.318,41.314
7.247,41.321
7.268,41.32
7.289,41.32
7.31,41.32
8.23,41.313
8.25,41.313
8.271,41.313
8.292,41.313
8.313,41.312
8.333,41.312
8.354,41.312
8.375,41.312
8.396,41.312
8.416,41.312
8.437,41.311
8.458,41.311
8.479,41.311
8.499,41.311
8.52,41.311
8.541,41.311
8.562,41.31
8.582,41.31
8.603,41.31
8.624,41.31
8.645,41.31
8.665,41.31
8.686,41.31
8.707,41.309
8.728,41.309
8.748,41.309
8.769,41.309
8.79,41.309
8.81,41.309
8.831,41.308
8.852,41.308
8.873,41.308
8.893,41.308
9.108,41.306
9.129,41.306
9.149,41.306
9.17,41.306
9.191,41.306
9.212,41.306
9.232,41.305
9.253,41.305
9.274,41.305
9.295,41.305
9.315,41.305
9.336,41.305
9.357,41.304
9.378,41.304
9.398,41.304
9.419,41.304
9.44,41.304
9.461,41.304
9.481,41.303
9.502,41.303
9.523,41.303
9.544,41.303
9.564,41.303
9.585,41.303
9.606,41.303
9.627,41.302
9.647,41.302
9.668,41.302
9.689,41.302
9.71,41.302
9.73,41.302
9.751,41.301
9.772,41.301
9.793,41.301
9.813,41.301
9.834,41.301
9.855,41.301
9.876,41.3
9.896,41.3
9.917,41.3
9.938,41.3
9.959,41.3
9.979,41.3
10.0,41.299
10.021,41.299
10.042,41.299
10.062,41.299
10.083,41.299
10.104,41.299
10.125,41.299
10.145,41.298
10.166,41.298
10.187,41.298
10.208,41.298
10.228,41.298
10.249,41.298
10.27,41.297
10.291,41.297
7.24,41.304
7.261,41.304
7.282,41.304
7.303,41.303
8.223,41.296
8.243,41.296
8.264,41.296
8.285,41.296
8.306,41.296
8.326,41.296
8.347,41.295
8.368,41.295
8.389,41.295
8.409,41.295
8.43,41.295
8.451,41.295
8.472,41.294
8.492,41.294
8.513,41.294
8.534,41.294
8.555,41.294
8.575,41.294
8.596,41.293
8.617,41.293
8.638,41.293
8.658,41.293
8.679,41.293
8.7,41.293
8.721,41.292
8.741,41.292
8.762,41.292
8.783,41.292
8.804,41.292
8.824,41.292
8.845,41.292
8.866,41.291
8.887,41.291
8.907,41.291
9.101,41.29
9.122,41.289
9.142,41.289
9.163,41.289
9.184,41.289
9.205,41.289
9.225,41.289
9.246,41.288
9.267,41.288
9.288,41.288
9.308,41.288
9.329,41.288
9.35,41.288
9.371,41.288
9.391,41.287
9.412,41.287
9.433,41.287
9.454,41.287
9.474,41.287
9.495,41.287
9.516,41.286
9.537,41.286
9.557,41.286
9.578,41.286
9.599,41.286
9.62,41.286
9.64,41.285
9.661,41.285
9.682,41.285
9.703,41.285
9.723,41.285
9.744,41.285
9.765,41.284
9.786,41.284
9.806,41.284
9.827,41.284
9.848,41.284
9.869,41.284
9.889,41.284
9.91,41.283
9.931,41.283
9.952,41.283
9.972,41.283
9.993,41.283
10.014,41.283
10.035,41.282
10.055,41.282
10.076,41.282
10.097,41.282
10.118,41.282
10.138,41.282
10.159,41.281
10.18,41.281
10.201,41.281
10.221,41.281
10.242,41.281
10.263,41.281
7.234,41.287
7.254,41.287
7.275,41.287
7.296,41.287
8.223,41.28
8.243,41.279
8.264,41.279
8.285,41.279
8.306,41.279
8.326,41.279
8.347,41.279
8.368,41.278
8.389,41.278
8.409,41.278
8.43,41.278
8.451,41.278
8.472,41.278
8.492,41.277
8.513,41.277
8.534,41.277
8.555,41.277
8.575,41.277
8.596,41.277
8.617,41.276
8.638,41.276
8.658,41.276
8.679,41.276
8.7,41.276
8.721,41.276
8.741,41.276
8.762,41.275
8.783,41.275
8.804,41.275
8.824,41.275
8.845,41.275
8.866,41.275
8.887,41.274
8.907,41.274
9.08,41.273
9.101,41.273
9.122,41.273
9.142,41.272
9.163,41.272
9.184,41.272
9.205,41.272
9.225,41.272
9.246,41.272
9.267,41.272
9.288,41.271
9.308,41.271
9.329,41.271
9.35,41.271
9.371,41.271
9.391,41.271
9.412,41.27
9.433,41.27
9.454,41.27
9.474,41.27
9.495,41.27
9.516,41.27
9.537,41.269
9.557,41.269
9.578,41.269
9.599,41.269
9.62,41.269
9.64,41.269
9.661,41.268
9.682,41.268
9.703,41.268
9.723,41.268
9.744,41.268
9.765,41.268
9.786,41.268
9.806,41.267
9.827,41.267
9.848,41.267
9.869,41.267
9.889,41.267
9.91,41.267
9.931,41.266
9.952,41.266
9.972,41.266
9.993,41.266
10.014,41.266
10.035,41.266
10.055,41.265
10.076,41.265
10.097,41.265
10.118,41.265
10.138,41.265
10.159,41.265
10.18,41.265
10.201,41.264
10.221,41.264
10.242,41.264
7.24,41.27
7.261,41.27
7.282,41.27
7.303,41.27
8.229,41.263
8.25,41.263
8.271,41.262
8.292,41.262
8.312,41.262
8.333,41.262
8.354,41.262
8.375,41.262
8.395,41.261
8.416,41.261
8.437,41.261
8.458,41.261
8.478,41.261
8.499,41.261
8.52,41.26
8.541,41.26
8.561,41.26
8.582,41.26
8.603,41.26
8.624,41.26
8.644,41.259
8.665,41.259
8.686,41.259
8.707,41.259
8.727,41.259
8.748,41.259
8.769,41.259
8.79,41.258
8.81,41.258
8.831,41.258
8.852,41.258
8.873,41.258
8.893,41.258
8.914,41.257
9.08,41.256
9.101,41.256
9.122,41.256
9.142,41.256
9.163,41.256
9.184,41.255
9.205,41.255
9.225,41.255
9.246,41.255
9.267,41.255
9.288,41.255
9.308,41.254
9.329,41.254
9.35,41.254
9.371,41.254
9.391,41.254
9.412,41.254
9.433,41.253
9.454,41.253
9.474,41.253
9.495,41.253
9.516,41.253
9.537,41.253
9.557,41.253
9.578,41.252
9.599,41.252
9.62,41.252
9.64,41.252
9.661,41.252
9.682,41.252
9.703,41.251
9.723,41.251
9.744,41.251
9.765,41.251
9.786,41.251
9.806,41.251
9.827,41.25
9.848,41.25
9.869,41.25
9.889,41.25
9.91,41.25
9.931,41.25
9.952,41.249
9.972,41.249
9.993,41.249
10.014,41.249
10.035,41.249
10.055,41.249
10.076,41.249
10.097,41.248
10.118,41.248
10.138,41.248
10.159,41.248
10.18,41.248
10.201,41.248
10.221,41.247
7.247,41.253
7.268,41.253
7.289,41.253
7.31,41.253
8.236,41.246
8.257,41.246
8.278,41.246
8.299,41.245
8.319,41.245
8.34,41.245
8.361,41.245
8.382,41.245
8.402,41.245
8.423,41.244
8.444,41.244
8.465,41.244
8.485,41.244
8.506,41.244
8.527,41.244
8.548,41.243
8.568,41.243
8.589,41.243
8.61,41.243
8.631,41.243
8.651,41.243
8.672,41.242
8.693,41.242
8.714,41.242
8.734,41.242
8.755,41.242
8.776,41.242
8.797,41.242
8.817,41.241
8.838,41.241
8.859,41.241
8.88,41.241
8.9,41.241
8.921,41.241
8.942,41.24
9.046,41.24
9.066,41.239
9.087,41.239
9.108,41.239
9.129,41.239
9.149,41.239
9.17,41.239
9.191,41.239
9.212,41.238
9.232,41.238
9.253,41.238
9.274,41.238
9.295,41.238
9.315,41.238
9.336,41.237
9.357,41.237
9.378,41.237
9.398,41.237
9.419,41.237
9.44,41.237
9.461,41.236
9.481,41.236
9.502,41.236
9.523,41.236
9.544,41.236
9.564,41.236
9.585,41.236
9.606,41.235
9.627,41.235
9.647,41.235
9.668,41.235
9.689,41.235
9.71,41.235
9.73,41.234
9.751,41.234
9.772,41.234
9.793,41.234
9.813,41.234
9.834,41.234
9.855,41.233
9.876,41.233
9.896,41.233
9.917,41.233
9.938,41.233
9.958,41.233
9.979,41.232
10.0,41.232
10.021,41.232
10.041,41.232
10.062,41.232
10.083,41.232
10.104,41.232
10.124,41.231
10.145,41.231
10.166,41.231
10.187,41.231
7.247,41.237
7.268,41.236
7.289,41.236
8.223,41.229
8.243,41.229
8.264,41.229
8.285,41.229
8.306,41.229
8.326,41.228
8.347,41.228
8.368,41.228
8.388,41.228
8.409,41.228
8.43,41.228
8.451,41.227
8.471,41.227
8.492,41.227
8.513,41.227
8.534,41.227
8.554,41.227
8.575,41.226
8.596,41.226
8.617,41.226
8.637,41.226
8.658,41.226
8.679,41.226
8.7,41.225
8.72,41.225
8.741,41.225
8.762,41.225
8.783,41.225
8.803,41.225
8.824,41.225
8.845,41.224
8.866,41.224
8.886,41.224
8.907,41.224
8.928,41.224
8.949,41.224
8.969,41.223
8.99,41.223
9.011,41.223
9.032,41.223
9.052,41.223
9.073,41.223
9.094,41.222
9.115,41.222
9.135,41.222
9.156,41.222
9.177,41.222
9.198,41.222
9.218,41.222
9.239,41.221
9.26,41.221
9.281,41.221
9.301,41.221
9.322,41.221
9.343,41.221
9.364,41.22
9.384,41.22
9.405,41.22
9.426,41.22
9.447,41.22
9.467,41.22
9.488,41.219
9.509,41.219
9.53,41.219
9.55,41.219
9.571,41.219
9.592,41.219
9.613,41.218
9.633,41.218
9.654,41.218
9.675,41.218
9.696,41.218
9.716,41.218
9.737,41.218
9.758,41.217
9.779,41.217
9.799,41.217
9.82,41.217
9.841,41.217
9.862,41.217
9.882,41.216
9.903,41.216
9.924,41.216
9.945,41.216
9.965,41.216
9.986,41.216
10.007,41.215
10.028,41.215
10.048,41.215
10.069,41.215
10.09,41.215
10.111,41.215
10.131,41.215
10.152,41.214
10.173,41.214
7.254,41.22
7.275,41.22
7.296,41.219
8.229,41.212
8.25,41.212
8.271,41.212
8.292,41.212
8.312,41.212
8.333,41.212
8.354,41.211
8.375,41.211
8.395,41.211
8.416,41.211
8.437,41.211
8.458,41.211
8.478,41.21
8.499,41.21
8.52,41.21
8.541,41.21
8.561,41.21
8.582,41.21
8.603,41.209
8.624,41.209
8.644,41.209
8.665,41.209
8.686,41.209
8.707,41.209
8.727,41.208
8.748,41.208
8.769,41.208
8.79,41.208
8.81,41.208
8.831,41.208
8.852,41.208
8.873,41.207
8.893,41.207
8.914,41.207
8.935,41.207
8.956,41.207
8.976,41.207
8.997,41.206
9.018,41.206
9.039,41.206
9.059,41.206
9.08,41.206
9.101,41.206
9.122,41.205
9.142,41.205
9.163,41.205
9.184,41.205
9.205,41.205
9.225,41.205
9.246,41.205
9.267,41.204
9.288,41.204
9.308,41.204
9.329,41.204
9.35,41.204
9.371,41.204
9.391,41.203
9.412,41.203
9.433,41.203
9.454,41.203
9.474,41.203
9.495,41.203
9.516,41.202
9.537,41.202
9.557,41.202
9.578,41.202
9.599,41.202
9.62,41.202
9.64,41.201
9.661,41.201
9.682,41.201
9.703,41.201
9.723,41.201
9.744,41.201
9.765,41.201
9.786,41.2
9.806,41.2
9.827,41.2
9.848,41.2
9.869,41.2
9.889,41.2
9.91,41.199
9.931,41.199
9.952,41.199
9.972,41.199
9.993,41.199
10.014,41.199
10.035,41.198
10.055,41.198
10.076,41.198
10.097,41.198
10.118,41.198
10.138,41.198
10.159,41.198
7.254,41.203
7.275,41.203
7.296,41.203
8.229,41.196
8.25,41.195
8.271,41.195
8.292,41.195
8.312,41.195
8.333,41.195
8.354,41.195
8.375,41.194
8.395,41.194
8.416,41.194
8.437,41.194
8.458,41.194
8.478,41.194
8.499,41.193
8.52,41.193
8.541,41.193
8.561,41.193
8.582,41.193
8.603,41.193
8.624,41.192
8.644,41.192
8.665,41.192
8.686,41.192
8.707,41.192
8.727,41.192
8.748,41.192
8.769,41.191
8.79,41.191
8.81,41.191
8.831,41.191
8.852,41.191
8.873,41.191
8.893,41.19
8.914,41.19
8.935,41.19
8.956,41.19
8.976,41.19
8.997,41.19
9.018,41.189
9.039,41.189
9.059,41.189
9.08,41.189
9.101,41.189
9.122,41.189
9.142,41.189
9.163,41.188
9.184,41.188
9.205,41.188
9.225,41.188
9.246,41.188
9.267,41.188
9.288,41.187
9.308,41.187
9.329,41.187
9.35,41.187
9.371,41.187
9.391,41.187
9.412,41.186
9.433,41.186
9.454,41.186
9.474,41.186
9.495,41.186
9.516,41.186
9.537,41.186
9.557,41.185
9.578,41.185
9.599,41.185
9.62,41.185
9.64,41.185
9.661,41.185
9.682,41.184
9.703,41.184
9.723,41.184
9.744,41.184
9.765,41.184
9.786,41.184
9.806,41.183
9.827,41.183
9.848,41.183
9.869,41.183
9.889,41.183
9.91,41.183
9.931,41.182
9.952,41.182
9.972,41.182
9.993,41.182
10.014,41.182
10.035,41.182
10.055,41.182
10.076,41.181
10.097,41.181
10.118,41.181
10.138,41.181
10.159,41.181
7.268,41.186
7.289,41.186
7.31,41.186
8.236,41.179
8.257,41.179
8.278,41.178
8.299,41.178
8.319,41.178
8.34,41.178
8.361,41.178
8.382,41.178
8.402,41.177
8.423,41.177
8.444,41.177
8.465,41.177
8.485,41.177
8.506,41.177
8.527,41.176
8.548,41.176
8.568,41.176
8.589,41.176
8.61,41.176
8.631,41.176
8.651,41.175
8.672,41.175
8.693,41.175
8.713,41.175
8.734,41.175
8.755,41.175
8.776,41.175
8.796,41.174
8.817,41.174
8.838,41.174
8.859,41.174
8.879,41.174
8.9,41.174
8.921,41.173
8.942,41.173
8.962,41.173
8.983,41.173
9.004,41.173
9.025,41.173
9.045,41.172
9.066,41.172
9.087,41.172
9.108,41.172
9.128,41.172
9.149,41.172
9.17,41.172
9.191,41.171
9.211,41.171
9.232,41.171
9.253,41.171
9.274,41.171
9.294,41.171
9.315,41.17
9.336,41.17
9.357,41.17
9.377,41.17
9.398,41.17
9.419,41.17
9.44,41.169
9.46,41.169
9.481,41.169
9.502,41.169
9.523,41.169
9.543,41.169
9.564,41.168
9.585,41.168
9.606,41.168
9.626,41.168
9.647,41.168
9.668,41.168
9.689,41.168
9.709,41.167
9.73,41.167
9.751,41.167
9.772,41.167
9.792,41.167
9.813,41.167
9.834,41.166
9.855,41.166
9.875,41.166
9.896,41.166
9.917,41.166
9.938,41.166
9.958,41.165
9.979,41.165
10.0,41.165
10.021,41.165
10.041,41.165
10.062,41.165
10.083,41.165
10.104,41.164
10.124,41.164
10.145,41.164
7.268,41.169
7.289,41.169
7.309,41.169
8.236,41.162
8.257,41.162
8.278,41.162
8.299,41.161
8.319,41.161
8.34,41.161
8.361,41.161
8.381,41.161
8.402,41.161
8.423,41.16
8.444,41.16
8.464,41.16
8.485,41.16
8.506,41.16
8.527,41.16
8.547,41.159
8.568,41.159
8.589,41.159
8.61,41.159
8.63,41.159
8.651,41.159
8.672,41.159
8.693,41.158
8.713,41.158
8.734,41.158
8.755,41.158
8.776,41.158
8.796,41.158
8.817,41.157
8.838,41.157
8.859,41.157
8.879,41.157
8.9,41.157
8.921,41.157
8.942,41.156
8.962,41.156
8.983,41.156
9.004,41.156
9.025,41.156
9.045,41.156
9.066,41.156
9.087,41.155
9.108,41.155
9.128,41.155
9.149,41.155
9.17,41.155
9.191,41.155
9.211,41.154
9.232,41.154
9.253,41.154
9.274,41.154
9.294,41.154
9.315,41.154
9.336,41.153
9.357,41.153
9.377,41.153
9.398,41.153
9.419,41.153
9.44,41.153
9.46,41.153
9.481,41.152
9.502,41.152
9.523,41.152
9.543,41.152
9.564,41.152
9.585,41.152
9.606,41.151
9.626,41.151
9.647,41.151
9.668,41.151
9.689,41.151
9.709,41.151
9.73,41.15
9.751,41.15
9.772,41.15
9.792,41.15
9.813,41.15
9.834,41.15
9.855,41.149
9.875,41.149
9.896,41.149
9.917,41.149
9.938,41.149
9.958,41.149
9.979,41.149
10.0,41.148
10.021,41.148
10.041,41.148
10.062,41.148
10.083,41.148
10.104,41.148
10.124,41.147
7.268,41.152
7.289,41.152
7.309,41.152
7.33,41.152
8.243,41.145
8.264,41.145
8.285,41.145
8.305,41.145
8.326,41.144
8.347,41.144
8.368,41.144
8.388,41.144
8.409,41.144
8.43,41.144
8.451,41.143
8.471,41.143
8.492,41.143
8.513,41.143
8.534,41.143
8.554,41.143
8.575,41.142
8.596,41.142
8.617,41.142
8.637,41.142
8.658,41.142
8.679,41.142
8.7,41.142
8.72,41.141
8.741,41.141
8.762,41.141
8.783,41.141
8.803,41.141
8.824,41.141
8.845,41.14
8.866,41.14
8.886,41.14
8.907,41.14
8.928,41.14
8.949,41.14
8.969,41.139
8.99,41.139
9.011,41.139
9.032,41.139
9.052,41.139
9.073,41.139
9.094,41.139
9.115,41.138
9.135,41.138
9.156,41.138
9.177,41.138
9.198,41.138
9.218,41.138
9.239,41.137
9.26,41.137
9.281,41.137
9.301,41.137
9.322,41.137
9.343,41.137
9.364,41.136
9.384,41.136
9.405,41.136
9.426,41.136
9.447,41.136
9.467,41.136
9.488,41.135
9.509,41.135
9.53,41.135
9.55,41.135
9.571,41.135
9.592,41.135
9.613,41.135
9.633,41.134
9.654,41.134
9.675,41.134
9.696,41.134
9.716,41.134
9.737,41.134
9.758,41.133
9.779,41.133
9.799,41.133
9.82,41.133
9.841,41.133
9.862,41.133
9.882,41.132
9.903,41.132
9.924,41.132
9.945,41.132
9.965,41.132
9.986,41.132
10.007,41.132
10.028,41.131
10.048,41.131
10.069,41.131
10.09,41.131
10.111,41.131
7.268,41.136
7.289,41.136
7.309,41.135
7.33,41.135
8.236,41.128
8.257,41.128
8.278,41.128
8.298,41.128
8.319,41.128
8.34,41.127
8.361,41.127
8.381,41.127
8.402,41.127
8.423,41.127
8.444,41.127
8.464,41.127
8.485,41.126
8.506,41.126
8.527,41.126
8.547,41.126
8.568,41.126
8.589,41.126
8.61,41.125
8.63,41.125
8.651,41.125
8.672,41.125
8.693,41.125
8.713,41.125
8.734,41.124
8.755,41.124
8.776,41.124
8.796,41.124
8.817,41.124
8.838,41.124
8.859,41.124
8.879,41.123
8.9,41.123
8.921,41.123
8.942,41.123
8.962,41.123
8.983,41.123
9.004,41.122
9.025,41.122
9.045,41.122
9.066,41.122
9.087,41.122
9.108,41.122
9.128,41.121
9.149,41.121
9.17,41.121
9.191,41.121
9.211,41.121
9.232,41.121
9.253,41.121
9.274,41.12
9.294,41.12
9.315,41.12
9.336,41.12
9.357,41.12
9.377,41.12
9.398,41.119
9.419,41.119
9.44,41.119
9.46,41.119
9.481,41.119
9.502,41.119
9.523,41.118
9.543,41.118
9.564,41.118
9.585,41.118
9.606,41.118
9.626,41.118
9.647,41.117
9.668,41.117
9.689,41.117
9.709,41.117
9.73,41.117
9.751,41.117
9.772,41.117
9.792,41.116
9.813,41.116
9.834,41.116
9.855,41.116
9.875,41.116
9.896,41.116
9.917,41.115
9.938,41.115
9.958,41.115
9.979,41.115
10.0,41.115
10.021,41.115
10.041,41.114
10.062,41.114
10.083,41.114
10.104,41.114
10.124,41.114
10.2,41.113
7.275,41.119
7.296,41.119
7.316,41.119
7.337,41.118
8.229,41.112
8.25,41.111
8.271,41.111
8.292,41.111
8.312,41.111
8.333,41.111
8.354,41.111
8.375,41.11
8.395,41.11
8.416,41.11
8.437,41.11
8.458,41.11
8.478,41.11
8.499,41.109
8.52,41.109
8.541,41.109
8.561,41.109
8.582,41.109
8.603,41.109
8.623,41.109
8.644,41.108
8.665,41.108
8.686,41.108
8.706,41.108
8.727,41.108
8.748,41.108
8.769,41.107
8.789,41.107
8.81,41.107
8.831,41.107
8.852,41.107
8.872,41.107
8.893,41.106
8.914,41.106
8.935,41.106
8.955,41.106
8.976,41.106
8.997,41.106
9.018,41.106
9.038,41.105
9.059,41.105
9.08,41.105
9.101,41.105
9.121,41.105
9.142,41.105
9.163,41.104
9.184,41.104
9.204,41.104
9.225,41.104
9.246,41.104
9.267,41.104
9.287,41.103
9.308,41.103
9.329,41.103
9.35,41.103
9.37,41.103
9.391,41.103
9.412,41.103
9.433,41.102
9.453,41.102
9.474,41.102
9.495,41.102
9.516,41.102
9.536,41.102
9.557,41.101
9.578,41.101
9.599,41.101
9.619,41.101
9.64,41.101
9.661,41.101
9.682,41.1
9.702,41.1
9.723,41.1
9.744,41.1
9.765,41.1
9.785,41.1
9.806,41.099
9.827,41.099
9.848,41.099
9.868,41.099
9.889,41.099
9.91,41.099
9.931,41.099
9.951,41.098
9.972,41.098
9.993,41.098
10.014,41.098
10.034,41.098
10.055,41.098
10.076,41.097
10.097,41.097
10.117,41.097
1.97,41.143
7.282,41.102
7.302,41.102
7.323,41.102
7.344,41.102
8.236,41.095
8.257,41.095
8.278,41.094
8.298,41.094
8.319,41.094
8.34,41.094
8.361,41.094
8.381,41.094
8.402,41.093
8.423,41.093
8.444,41.093
8.464,41.093
8.485,41.093
8.506,41.093
8.527,41.092
8.547,41.092
8.568,41.092
8.589,41.092
8.61,41.092
8.63,41.092
8.651,41.092
8.672,41.091
8.693,41.091
8.713,41.091
8.734,41.091
8.755,41.091
8.776,41.091
8.796,41.09
8.817,41.09
8.838,41.09
8.859,41.09
8.879,41.09
8.9,41.09
8.921,41.089
8.942,41.089
8.962,41.089
8.983,41.089
9.004,41.089
9.025,41.089
9.045,41.089
9.066,41.088
9.087,41.088
9.108,41.088
9.128,41.088
9.149,41.088
9.17,41.088
9.191,41.087
9.211,41.087
9.232,41.087
9.253,41.087
9.274,41.087
9.294,41.087
9.315,41.086
9.336,41.086
9.357,41.086
9.377,41.086
9.398,41.086
9.419,41.086
9.44,41.085
9.46,41.085
9.481,41.085
9.502,41.085
9.523,41.085
9.543,41.085
9.564,41.085
9.585,41.084
9.606,41.084
9.626,41.084
9.647,41.084
9.668,41.084
9.689,41.084
9.709,41.083
9.73,41.083
9.751,41.083
9.772,41.083
9.792,41.083
9.813,41.083
9.834,41.082
9.855,41.082
9.875,41.082
9.896,41.082
9.917,41.082
9.938,41.082
9.958,41.082
9.979,41.081
10.0,41.081
10.021,41.081
10.041,41.081
10.062,41.081
10.083,41.081
10.104,41.08
10.124,41.08
7.282,41.085
7.302,41.085
7.323,41.085
7.344,41.085
8.202,41.078
8.222,41.078
8.243,41.078
8.264,41.078
8.285,41.078
8.305,41.077
8.326,41.077
8.347,41.077
8.368,41.077
8.388,41.077
8.409,41.077
8.43,41.076
8.451,41.076
8.471,41.076
8.492,41.076
8.513,41.076
8.534,41.076
8.554,41.075
8.575,41.075
8.596,41.075
8.617,41.075
8.637,41.075
8.658,41.075
8.679,41.075
8.7,41.074
8.72,41.074
8.741,41.074
8.762,41.074
8.783,41.074
8.803,41.074
8.824,41.073
8.845,41.073
8.866,41.073
8.886,41.073
8.907,41.073
8.928,41.073
8.949,41.072
8.969,41.072
8.99,41.072
9.011,41.072
9.032,41.072
9.052,41.072
9.073,41.072
9.094,41.071
9.115,41.071
9.135,41.071
9.156,41.071
9.177,41.071
9.197,41.071
9.218,41.07
9.239,41.07
9.26,41.07
9.28,41.07
9.301,41.07
9.322,41.07
9.343,41.069
9.363,41.069
9.384,41.069
9.405,41.069
9.426,41.069
9.446,41.069
9.467,41.068
9.488,41.068
9.509,41.068
9.529,41.068
9.55,41.068
9.571,41.068
9.592,41.068
9.612,41.067
9.633,41.067
9.654,41.067
9.675,41.067
9.695,41.067
9.716,41.067
9.737,41.066
9.758,41.066
9.778,41.066
9.799,41.066
9.82,41.066
9.841,41.066
9.861,41.065
9.882,41.065
9.903,41.065
9.924,41.065
9.944,41.065
9.965,41.065
9.986,41.065
10.007,41.064
10.027,41.064
10.048,41.064
10.069,41.064
10.09,41.064
10.11,41.064
10.131,41.063
7.289,41.068
7.309,41.068
7.33,41.068
8.181,41.062
8.202,41.061
8.222,41.061
8.243,41.061
8.264,41.061
8.285,41.061
8.305,41.061
8.326,41.06
8.347,41.06
8.368,41.06
8.388,41.06
8.409,41.06
8.43,41.06
8.451,41.059
8.471,41.059
8.492,41.059
8.513,41.059
8.534,41.059
8.554,41.059
8.575,41.059
8.596,41.058
8.617,41.058
8.637,41.058
8.658,41.058
8.679,41.058
8.7,41.058
8.72,41.057
8.741,41.057
8.762,41.057
8.783,41.057
8.803,41.057
8.824,41.057
8.845,41.056
8.865,41.056
8.886,41.056
8.907,41.056
8.928,41.056
8.948,41.056
8.969,41.056
8.99,41.055
9.011,41.055
9.031,41.055
9.052,41.055
9.073,41.055
9.094,41.055
9.114,41.054
9.135,41.054
9.156,41.054
9.177,41.054
9.197,41.054
9.218,41.054
9.239,41.053
9.26,41.053
9.28,41.053
9.301,41.053
9.322,41.053
9.343,41.053
9.363,41.053
9.384,41.052
9.405,41.052
9.426,41.052
9.446,41.052
9.467,41.052
9.488,41.052
9.509,41.051
9.529,41.051
9.55,41.051
9.571,41.051
9.592,41.051
9.612,41.051
9.633,41.05
9.654,41.05
9.675,41.05
9.695,41.05
9.716,41.05
9.737,41.05
9.758,41.049
9.778,41.049
9.799,41.049
9.82,41.049
9.841,41.049
9.861,41.049
9.882,41.049
9.903,41.048
9.924,41.048
9.944,41.048
9.965,41.048
9.986,41.048
10.007,41.048
10.027,41.047
10.048,41.047
10.069,41.047
10.09,41.047
10.11,41.047
7.268,41.052
7.289,41.052
7.309,41.051
7.33,41.051
8.153,41.045
8.174,41.045
8.195,41.045
8.215,41.044
8.236,41.044
8.257,41.044
8.278,41.044
8.298,41.044
8.319,41.044
8.34,41.044
8.361,41.043
8.381,41.043
8.402,41.043
8.423,41.043
8.444,41.043
8.464,41.043
8.485,41.042
8.506,41.042
8.527,41.042
8.547,41.042
8.568,41.042
8.589,41.042
8.61,41.041
8.63,41.041
8.651,41.041
8.672,41.041
8.693,41.041
8.713,41.041
8.734,41.041
8.755,41.04
8.776,41.04
8.796,41.04
8.817,41.04
8.838,41.04
8.859,41.04
8.879,41.039
8.9,41.039
8.921,41.039
8.942,41.039
8.962,41.039
8.983,41.039
9.004,41.038
9.025,41.038
9.045,41.038
9.066,41.038
9.087,41.038
9.108,41.038
9.128,41.038
9.149,41.037
9.17,41.037
9.191,41.037
9.211,41.037
9.232,41.037
9.253,41.037
9.274,41.036
9.294,41.036
9.315,41.036
9.336,41.036
9.357,41.036
9.377,41.036
9.398,41.035
9.419,41.035
9.44,41.035
9.46,41.035
9.481,41.035
9.502,41.035
9.523,41.034
9.543,41.034
9.564,41.034
9.585,41.034
9.606,41.034
9.626,41.034
9.647,41.034
9.668,41.033
9.689,41.033
9.709,41.033
9.73,41.033
9.751,41.033
9.771,41.033
9.792,41.032
9.813,41.032
9.834,41.032
9.854,41.032
9.875,41.032
9.896,41.032
9.917,41.031
9.937,41.031
9.958,41.031
9.979,41.031
10.0,41.031
10.02,41.031
10.041,41.031
10.062,41.03
10.083,41.03
10.103,41.03
7.282,41.035
7.302,41.035
7.323,41.035
7.344,41.034
8.132,41.028
8.153,41.028
8.174,41.028
8.195,41.028
8.215,41.028
8.236,41.028
8.257,41.027
8.278,41.027
8.298,41.027
8.319,41.027
8.34,41.027
8.361,41.027
8.381,41.026
8.402,41.026
8.423,41.026
8.444,41.026
8.464,41.026
8.485,41.026
8.506,41.025
8.527,41.025
8.547,41.025
8.568,41.025
8.589,41.025
8.61,41.025
8.63,41.025
8.651,41.024
8.672,41.024
8.693,41.024
8.713,41.024
8.734,41.024
8.755,41.024
8.776,41.023
8.796,41.023
8.817,41.023
8.838,41.023
8.859,41.023
8.879,41.023
8.9,41.022
8.921,41.022
8.942,41.022
8.962,41.022
8.983,41.022
9.004,41.022
9.025,41.022
9.045,41.021
9.066,41.021
9.087,41.021
9.108,41.021
9.128,41.021
9.149,41.021
9.17,41.02
9.191,41.02
9.211,41.02
9.232,41.02
9.253,41.02
9.274,41.02
9.294,41.019
9.315,41.019
9.336,41.019
9.357,41.019
9.377,41.019
9.398,41.019
9.419,41.018
9.439,41.018
9.46,41.018
9.481,41.018
9.502,41.018
9.522,41.018
9.543,41.018
9.564,41.017
9.585,41.017
9.605,41.017
9.626,41.017
9.647,41.017
9.668,41.017
9.688,41.016
9.709,41.016
9.73,41.016
9.751,41.016
9.771,41.016
9.792,41.016
9.813,41.015
9.834,41.015
9.854,41.015
9.875,41.015
9.896,41.015
9.917,41.015
9.937,41.015
9.958,41.014
9.979,41.014
10.0,41.014
10.02,41.014
10.041,41.014
10.062,41.014
10.083,41.013
1.479,41.062
7.282,41.018
7.302,41.018
7.323,41.018
7.344,41.018
8.125,41.012
8.146,41.011
8.167,41.011
8.188,41.011
8.208,41.011
8.229,41.011
8.25,41.011
8.271,41.01
8.291,41.01
8.312,41.01
8.333,41.01
8.354,41.01
8.374,41.01
8.395,41.01
8.416,41.009
8.437,41.009
8.457,41.009
8.478,41.009
8.499,41.009
8.52,41.009
8.54,41.008
8.561,41.008
8.582,41.008
8.603,41.008
8.623,41.008
8.644,41.008
8.665,41.007
8.686,41.007
8.706,41.007
8.727,41.007
8.748,41.007
8.769,41.007
8.789,41.007
8.81,41.006
8.831,41.006
8.852,41.006
8.872,41.006
8.893,41.006
8.914,41.006
8.935,41.005
8.955,41.005
8.976,41.005
8.997,41.005
9.018,41.005
9.038,41.005
9.059,41.004
9.08,41.004
9.101,41.004
9.121,41.004
9.142,41.004
9.163,41.004
9.184,41.004
9.204,41.003
9.225,41.003
9.246,41.003
9.267,41.003
9.287,41.003
9.308,41.003
9.329,41.002
9.35,41.002
9.37,41.002
9.391,41.002
9.412,41.002
9.433,41.002
9.453,41.001
9.474,41.001
9.495,41.001
9.516,41.001
9.536,41.001
9.557,41.001
9.578,41.0
9.599,41.0
9.619,41.0
9.64,41.0
9.661,41.0
9.682,41.0
9.702,41.0
9.723,40.999
9.744,40.999
9.765,40.999
9.785,40.999
9.806,40.999
9.827,40.999
9.848,40.998
9.868,40.998
9.889,40.998
9.91,40.998
9.931,40.998
9.951,40.998
9.972,40.997
9.993,40.997
10.014,40.997
10.034,40.997
10.055,40.997
10.076,40.997
1.479,41.046
7.282,41.001
7.302,41.001
7.323,41.001
7.344,41.001
8.125,40.995
8.146,40.995
8.167,40.994
8.188,40.994
8.208,40.994
8.229,40.994
8.25,40.994
8.271,40.994
8.291,40.994
8.312,40.993
8.333,40.993
8.354,40.993
8.374,40.993
8.395,40.993
8.416,40.993
8.437,40.992
8.457,40.992
8.478,40.992
8.499,40.992
8.52,40.992
8.54,40.992
8.561,40.991
8.582,40.991
8.603,40.991
8.623,40.991
8.644,40.991
8.665,40.991
8.686,40.991
8.706,40.99
8.727,40.99
8.748,40.99
8.769,40.99
8.789,40.99
8.81,40.99
8.831,40.989
8.852,40.989
8.872,40.989
8.893,40.989
8.914,40.989
8.935,40.989
8.955,40.988
8.976,40.988
8.997,40.988
9.018,40.988
9.038,40.988
9.059,40.988
9.08,40.988
9.101,40.987
9.121,40.987
9.142,40.987
9.163,40.987
9.184,40.987
9.204,40.987
9.225,40.986
9.246,40.986
9.267,40.986
9.287,40.986
9.308,40.986
9.329,40.986
9.35,40.985
9.37,40.985
9.391,40.985
9.412,40.985
9.433,40.985
9.453,40.985
9.474,40.984
9.495,40.984
9.516,40.984
9.536,40.984
9.557,40.984
9.578,40.984
9.599,40.984
9.619,40.983
9.64,40.983
9.661,40.983
9.682,40.983
9.702,40.983
9.723,40.983
9.744,40.982
9.765,40.982
9.785,40.982
9.806,40.982
9.827,40.982
9.848,40.982
9.868,40.981
9.889,40.981
9.91,40.981
9.931,40.981
9.951,40.981
9.972,40.981
9.993,40.981
10.014,40.98
10.034,40.98
10.055,40.98
10.076,40.98
1.507,41.029
7.282,40.984
7.302,40.984
7.323,40.984
7.344,40.984
8.125,40.978
8.146,40.978
8.167,40.978
8.188,40.978
8.208,40.977
8.229,40.977
8.25,40.977
8.271,40.977
8.291,40.977
8.312,40.977
8.333,40.976
8.354,40.976
8.374,40.976
8.395,40.976
8.416,40.976
8.437,40.976
8.457,40.975
8.478,40.975
8.499,40.975
8.52,40.975
8.54,40.975
8.561,40.975
8.582,40.975
8.603,40.974
8.623,40.974
8.644,40.974
8.665,40.974
8.686,40.974
8.706,40.974
8.727,40.973
8.748,40.973
8.769,40.973
8.789,40.973
8.81,40.973
8.831,40.973
8.852,40.972
8.872,40.972
8.893,40.972
8.914,40.972
8.935,40.972
8.955,40.972
8.976,40.972
8.997,40.971
9.018,40.971
9.038,40.971
9.059,40.971
9.08,40.971
9.101,40.971
9.121,40.97
9.142,40.97
9.163,40.97
9.184,40.97
9.204,40.97
9.225,40.97
9.246,40.969
9.267,40.969
9.287,40.969
9.308,40.969
9.329,40.969
9.35,40.969
9.37,40.968
9.391,40.968
9.412,40.968
9.433,40.968
9.453,40.968
9.474,40.968
9.495,40.968
9.516,40.967
9.536,40.967
9.557,40.967
9.578,40.967
9.599,40.967
9.619,40.967
9.64,40.966
9.661,40.966
9.682,40.966
9.702,40.966
9.723,40.966
9.744,40.966
9.764,40.965
9.785,40.965
9.806,40.965
9.827,40.965
9.847,40.965
9.868,40.965
9.889,40.965
9.91,40.964
9.93,40.964
9.951,40.964
9.972,40.964
9.993,40.964
10.013,40.964
10.034,40.963
10.055,40.963
1.465,41.012
1.5,41.012
7.275,40.968
7.295,40.968
7.316,40.967
7.337,40.967
8.153,40.961
8.174,40.961
8.194,40.961
8.215,40.961
8.236,40.96
8.257,40.96
8.277,40.96
8.298,40.96
8.319,40.96
8.34,40.96
8.36,40.959
8.381,40.959
8.402,40.959
8.423,40.959
8.443,40.959
8.464,40.959
8.485,40.958
8.506,40.958
8.526,40.958
8.547,40.958
8.568,40.958
8.589,40.958
8.609,40.958
8.63,40.957
8.651,40.957
8.672,40.957
8.692,40.957
8.713,40.957
8.734,40.957
8.755,40.956
8.775,40.956
8.796,40.956
8.817,40.956
8.838,40.956
8.858,40.956
8.879,40.955
8.9,40.955
8.921,40.955
8.941,40.955
8.962,40.955
8.983,40.955
9.004,40.955
9.024,40.954
9.045,40.954
9.066,40.954
9.087,40.954
9.107,40.954
9.128,40.954
9.149,40.953
9.17,40.953
9.19,40.953
9.211,40.953
9.232,40.953
9.253,40.953
9.273,40.952
9.294,40.952
9.315,40.952
9.336,40.952
9.356,40.952
9.377,40.952
9.398,40.951
9.419,40.951
9.439,40.951
9.46,40.951
9.481,40.951
9.502,40.951
9.522,40.951
9.543,40.95
9.564,40.95
9.585,40.95
9.605,40.95
9.626,40.95
9.647,40.95
9.668,40.949
9.688,40.949
9.709,40.949
9.73,40.949
9.751,40.949
9.771,40.949
9.792,40.948
9.813,40.948
9.834,40.948
9.854,40.948
9.875,40.948
9.896,40.948
9.917,40.948
9.937,40.947
9.958,40.947
9.979,40.947
10.0,40.947
10.02,40.947
10.041,40.947
1.493,40.995
7.268,40.951
7.288,40.951
7.309,40.951
7.33,40.951
8.291,40.943
8.312,40.943
8.333,40.943
8.354,40.943
8.374,40.943
8.395,40.942
8.416,40.942
8.437,40.942
8.457,40.942
8.478,40.942
8.499,40.942
8.52,40.941
8.54,40.941
8.561,40.941
8.582,40.941
8.603,40.941
8.623,40.941
8.644,40.94
8.665,40.94
8.686,40.94
8.706,40.94
8.727,40.94
8.748,40.94
8.769,40.94
8.789,40.939
8.81,40.939
8.831,40.939
8.852,40.939
8.872,40.939
8.893,40.939
8.914,40.938
8.935,40.938
8.955,40.938
8.976,40.938
8.997,40.938
9.018,40.938
9.038,40.937
9.059,40.937
9.08,40.937
9.1,40.937
9.121,40.937
9.142,40.937
9.163,40.937
9.183,40.936
9.204,40.936
9.225,40.936
9.246,40.936
9.266,40.936
9.287,40.936
9.308,40.935
9.329,40.935
9.349,40.935
9.37,40.935
9.391,40.935
9.412,40.935
9.432,40.934
9.453,40.934
9.474,40.934
9.495,40.934
9.515,40.934
9.536,40.934
9.557,40.933
9.578,40.933
9.598,40.933
9.619,40.933
9.64,40.933
9.661,40.933
9.681,40.933
9.702,40.932
9.723,40.932
9.744,40.932
9.764,40.932
9.785,40.932
9.806,40.932
9.827,40.931
9.847,40.931
9.868,40.931
9.889,40.931
9.91,40.931
9.93,40.931
9.951,40.93
9.972,40.93
9.993,40.93
10.013,40.93
10.034,40.93
7.261,40.934
7.282,40.934
7.302,40.934
7.323,40.934
8.326,40.926
8.347,40.926
8.367,40.926
8.388,40.926
8.409,40.925
8.43,40.925
8.45,40.925
8.471,40.925
8.492,40.925
8.513,40.925
8.533,40.925
8.554,40.924
8.575,40.924
8.596,40.924
8.616,40.924
8.637,40.924
8.658,40.924
8.679,40.923
8.699,40.923
8.72,40.923
8.741,40.923
8.762,40.923
8.782,40.923
8.803,40.922
8.824,40.922
8.845,40.922
8.865,40.922
8.886,40.922
8.907,40.922
8.928,40.922
8.948,40.921
8.969,40.921
8.99,40.921
9.011,40.921
9.031,40.921
9.052,40.921
9.073,40.92
9.094,40.92
9.114,40.92
9.135,40.92
9.156,40.92
9.177,40.92
9.197,40.919
9.218,40.919
9.239,40.919
9.26,40.919
9.28,40.919
9.301,40.919
9.322,40.918
9.343,40.918
9.363,40.918
9.384,40.918
9.405,40.918
9.426,40.918
9.446,40.918
9.467,40.917
9.488,40.917
9.509,40.917
9.529,40.917
9.55,40.917
9.571,40.917
9.592,40.916
9.612,40.916
9.633,40.916
9.654,40.916
9.675,40.916
9.695,40.916
9.716,40.915
9.737,40.915
9.758,40.915
9.778,40.915
9.799,40.915
9.82,40.915
9.841,40.915
9.861,40.914
9.882,40.914
9.903,40.914
9.924,40.914
9.944,40.914
9.965,40.914
9.986,40.913
10.006,40.913
7.247,40.918
7.268,40.917
7.288,40.917
7.309,40.917
8.34,40.909
8.36,40.909
8.381,40.909
8.402,40.909
8.423,40.909
8.443,40.908
8.464,40.908
8.485,40.908
8.506,40.908
8.526,40.908
8.547,40.908
8.568,40.907
8.589,40.907
8.609,40.907
8.63,40.907
8.651,40.907
8.672,40.907
8.692,40.907
8.713,40.906
8.734,40.906
8.755,40.906
8.775,40.906
8.796,40.906
8.817,40.906
8.838,40.905
8.858,40.905
8.879,40.905
8.9,40.905
8.921,40.905
8.941,40.905
8.962,40.904
8.983,40.904
9.004,40.904
9.024,40.904
9.045,40.904
9.066,40.904
9.087,40.904
9.107,40.903
9.128,40.903
9.149,40.903
9.17,40.903
9.19,40.903
9.211,40.903
9.232,40.902
9.253,40.902
9.273,40.902
9.294,40.902
9.315,40.902
9.336,40.902
9.356,40.901
9.377,40.901
9.398,40.901
9.419,40.901
9.439,40.901
9.46,40.901
9.481,40.9
9.502,40.9
9.522,40.9
9.543,40.9
9.564,40.9
9.585,40.9
9.605,40.9
9.626,40.899
9.647,40.899
9.668,40.899
9.688,40.899
9.709,40.899
9.73,40.899
9.751,40.898
9.771,40.898
9.792,40.898
9.813,40.898
9.834,40.898
9.854,40.898
9.875,40.897
9.896,40.897
9.917,40.897
9.937,40.897
9.958,40.897
9.979,40.897
10.0,40.897
7.24,40.901
7.261,40.901
7.281,40.901
7.302,40.9
8.353,40.892
8.374,40.892
8.395,40.892
8.416,40.892
8.436,40.892
8.457,40.892
8.478,40.891
8.499,40.891
8.519,40.891
8.54,40.891
8.561,40.891
8.582,40.891
8.602,40.89
8.623,40.89
8.644,40.89
8.665,40.89
8.685,40.89
8.706,40.89
8.727,40.889
8.748,40.889
8.768,40.889
8.789,40.889
8.81,40.889
8.831,40.889
8.851,40.889
8.872,40.888
8.893,40.888
8.914,40.888
8.934,40.888
8.955,40.888
8.976,40.888
8.997,40.887
9.017,40.887
9.038,40.887
9.059,40.887
9.08,40.887
9.1,40.887
9.121,40.886
9.142,40.886
9.163,40.886
9.183,40.886
9.204,40.886
9.225,40.886
9.246,40.885
9.266,40.885
9.287,40.885
9.308,40.885
9.329,40.885
9.349,40.885
9.37,40.885
9.391,40.884
9.412,40.884
9.432,40.884
9.453,40.884
9.474,40.884
9.495,40.884
9.515,40.883
9.536,40.883
9.557,40.883
9.578,40.883
9.598,40.883
9.619,40.883
9.64,40.882
9.661,40.882
9.681,40.882
9.702,40.882
9.723,40.882
9.744,40.882
9.764,40.882
9.785,40.881
9.806,40.881
9.827,40.881
9.847,40.881
9.868,40.881
9.889,40.881
9.91,40.88
9.93,40.88
9.951,40.88
9.972,40.88
9.993,40.88
7.24,40.884
7.261,40.884
7.281,40.884
7.302,40.884
8.416,40.875
8.436,40.875
8.457,40.875
8.478,40.875
8.499,40.874
8.519,40.874
8.54,40.874
8.561,40.874
8.582,40.874
8.602,40.874
8.623,40.873
8.644,40.873
8.665,40.873
8.685,40.873
8.706,40.873
8.727,40.873
8.748,40.873
8.768,40.872
8.789,40.872
8.81,40.872
8.831,40.872
8.851,40.872
8.872,40.872
8.893,40.871
8.914,40.871
8.934,40.871
8.955,40.871
8.976,40.871
8.997,40.871
9.017,40.87
9.038,40.87
9.059,40.87
9.08,40.87
9.1,40.87
9.121,40.87
9.142,40.869
9.163,40.869
9.183,40.869
9.204,40.869
9.225,40.869
9.246,40.869
9.266,40.869
9.287,40.868
9.308,40.868
9.329,40.868
9.349,40.868
9.37,40.868
9.391,40.868
9.412,40.867
9.432,40.867
9.453,40.867
9.474,40.867
9.495,40.867
9.515,40.867
9.536,40.866
9.557,40.866
9.578,40.866
9.598,40.866
9.619,40.866
9.64,40.866
9.661,40.866
9.681,40.865
9.702,40.865
9.723,40.865
9.744,40.865
9.764,40.865
9.785,40.865
9.806,40.864
9.827,40.864
9.847,40.864
9.868,40.864
9.889,40.864
9.91,40.864
9.93,40.863
9.951,40.863
7.24,40.867
7.261,40.867
7.281,40.867
7.302,40.867
8.443,40.858
8.464,40.858
8.485,40.858
8.506,40.858
8.526,40.857
8.547,40.857
8.568,40.857
8.589,40.857
8.609,40.857
8.63,40.857
8.651,40.856
8.672,40.856
8.692,40.856
8.713,40.856
8.734,40.856
8.755,40.856
8.775,40.856
8.796,40.855
8.817,40.855
8.838,40.855
8.858,40.855
8.879,40.855
8.9,40.855
8.921,40.854
8.941,40.854
8.962,40.854
8.983,40.854
9.004,40.854
9.024,40.854
9.045,40.853
9.066,40.853
9.087,40.853
9.107,40.853
9.128,40.853
9.149,40.853
9.17,40.852
9.19,40.852
9.211,40.852
9.232,40.852
9.253,40.852
9.273,40.852
9.294,40.852
9.315,40.851
9.336,40.851
9.356,40.851
9.377,40.851
9.398,40.851
9.419,40.851
9.439,40.85
9.46,40.85
9.481,40.85
9.502,40.85
9.522,40.85
9.543,40.85
9.564,40.849
9.585,40.849
9.605,40.849
9.626,40.849
9.647,40.849
9.668,40.849
9.688,40.849
9.709,40.848
9.73,40.848
9.751,40.848
9.771,40.848
9.792,40.848
9.813,40.848
9.834,40.847
9.854,40.847
9.875,40.847
9.896,40.847
7.226,40.851
7.247,40.85
7.268,40.85
7.288,40.85
8.443,40.841
8.464,40.841
8.485,40.841
8.506,40.841
8.526,40.841
8.547,40.84
8.568,40.84
8.589,40.84
8.609,40.84
8.63,40.84
8.651,40.84
8.672,40.84
8.692,40.839
8.713,40.839
8.734,40.839
8.755,40.839
8.775,40.839
8.796,40.839
8.817,40.838
8.838,40.838
8.858,40.838
8.879,40.838
8.9,40.838
8.921,40.838
8.941,40.837
8.962,40.837
8.983,40.837
9.004,40.837
9.024,40.837
9.045,40.837
9.066,40.837
9.087,40.836
9.107,40.836
9.128,40.836
9.149,40.836
9.17,40.836
9.19,40.836
9.211,40.835
9.232,40.835
9.253,40.835
9.273,40.835
9.294,40.835
9.315,40.835
9.336,40.834
9.356,40.834
9.377,40.834
9.398,40.834
9.419,40.834
9.439,40.834
9.46,40.833
9.481,40.833
9.502,40.833
9.522,40.833
9.543,40.833
9.564,40.833
9.585,40.833
9.605,40.832
9.626,40.832
9.647,40.832
9.667,40.832
9.688,40.832
9.709,40.832
9.73,40.831
9.75,40.831
9.771,40.831
9.792,40.831
9.813,40.831
9.833,40.831
9.854,40.83
7.226,40.834
7.247,40.834
7.268,40.833
7.288,40.833
8.464,40.824
8.485,40.824
8.506,40.824
8.526,40.824
8.547,40.824
8.568,40.824
8.589,40.823
8.609,40.823
8.63,40.823
8.651,40.823
8.672,40.823
8.692,40.823
8.713,40.822
8.734,40.822
8.755,40.822
8.775,40.822
8.796,40.822
8.817,40.822
8.838,40.821
8.858,40.821
8.879,40.821
8.9,40.821
8.921,40.821
8.941,40.821
8.962,40.821
8.983,40.82
9.004,40.82
9.024,40.82
9.045,40.82
9.066,40.82
9.087,40.82
9.107,40.819
9.128,40.819
9.149,40.819
9.17,40.819
9.19,40.819
9.211,40.819
9.232,40.818
9.253,40.818
9.273,40.818
9.294,40.818
9.315,40.818
9.335,40.818
9.356,40.817
9.377,40.817
9.398,40.817
9.418,40.817
9.439,40.817
9.46,40.817
9.481,40.817
9.501,40.816
9.522,40.816
9.543,40.816
9.564,40.816
9.584,40.816
9.605,40.816
9.626,40.815
9.647,40.815
9.667,40.815
9.688,40.815
9.709,40.815
9.73,40.815
9.75,40.814
9.771,40.814
9.792,40.814
9.813,40.814
7.198,40.817
7.219,40.817
7.24,40.817
7.261,40.817
7.281,40.817
8.478,40.807
8.499,40.807
8.519,40.807
8.54,40.807
8.561,40.807
8.582,40.807
8.602,40.806
8.623,40.806
8.644,40.806
8.665,40.806
8.685,40.806
8.706,40.806
8.727,40.806
8.748,40.805
8.768,40.805
8.789,40.805
8.81,40.805
8.831,40.805
8.851,40.805
8.872,40.804
8.893,40.804
8.914,40.804
8.934,40.804
8.955,40.804
8.976,40.804
8.997,40.803
9.017,40.803
9.038,40.803
9.059,40.803
9.08,40.803
9.1,40.803
9.121,40.802
9.142,40.802
9.163,40.802
9.183,40.802
9.204,40.802
9.225,40.802
9.246,40.802
9.266,40.801
9.287,40.801
9.308,40.801
9.329,40.801
9.349,40.801
9.37,40.801
9.391,40.8
9.412,40.8
9.432,40.8
9.453,40.8
9.474,40.8
9.495,40.8
9.515,40.799
9.536,40.799
9.557,40.799
9.578,40.799
9.598,40.799
9.619,40.799
9.64,40.799
9.661,40.798
9.681,40.798
9.702,40.798
9.723,40.798
9.744,40.798
9.764,40.798
9.785,40.797
7.191,40.8
7.212,40.8
7.233,40.8
7.254,40.8
7.274,40.8
8.506,40.79
8.526,40.79
8.547,40.79
8.568,40.79
8.589,40.79
8.609,40.79
8.63,40.789
8.651,40.789
8.671,40.789
8.692,40.789
8.713,40.789
8.734,40.789
8.754,40.789
8.775,40.788
8.796,40.788
8.817,40.788
8.837,40.788
8.858,40.788
8.879,40.788
8.9,40.787
8.92,40.787
8.941,40.787
8.962,40.787
8.983,40.787
9.003,40.787
9.024,40.786
9.045,40.786
9.066,40.786
9.086,40.786
9.107,40.786
9.128,40.786
9.149,40.785
9.169,40.785
9.19,40.785
9.211,40.785
9.232,40.785
9.252,40.785
9.273,40.785
9.294,40.784
9.315,40.784
9.335,40.784
9.356,40.784
9.377,40.784
9.398,40.784
9.418,40.783
9.439,40.783
9.46,40.783
9.481,40.783
9.501,40.783
9.522,40.783
9.543,40.782
9.564,40.782
9.584,40.782
9.605,40.782
9.626,40.782
9.647,40.782
9.667,40.782
9.688,40.781
9.709,40.781
9.73,40.781
9.75,40.781
4.1,40.807
4.121,40.807
4.141,40.807
4.162,40.807
4.183,40.807
4.204,40.807
4.224,40.806
4.245,40.806
7.191,40.784
7.212,40.784
7.233,40.783
7.254,40.783
8.519,40.774
8.54,40.773
8.561,40.773
8.582,40.773
8.602,40.773
8.623,40.773
8.644,40.773
8.665,40.772
8.685,40.772
8.706,40.772
8.727,40.772
8.748,40.772
8.768,40.772
8.789,40.771
8.81,40.771
8.831,40.771
8.851,40.771
8.872,40.771
8.893,40.771
8.914,40.771
8.934,40.77
8.955,40.77
8.976,40.77
8.997,40.77
9.017,40.77
9.038,40.77
9.059,40.769
9.08,40.769
9.1,40.769
9.121,40.769
9.142,40.769
9.163,40.769
9.183,40.768
9.204,40.768
9.225,40.768
9.246,40.768
9.266,40.768
9.287,40.768
9.308,40.767
9.329,40.767
9.349,40.767
9.37,40.767
9.391,40.767
9.412,40.767
9.432,40.767
9.453,40.766
9.474,40.766
9.495,40.766
9.515,40.766
9.536,40.766
9.557,40.766
9.577,40.765
9.598,40.765
9.619,40.765
9.64,40.765
9.66,40.765
9.681,40.765
4.045,40.791
4.065,40.791
4.086,40.791
4.107,40.791
4.128,40.79
4.148,40.79
4.169,40.79
4.19,40.79
4.211,40.79
4.231,40.79
4.252,40.789
7.178,40.767
7.198,40.767
7.219,40.767
7.24,40.767
8.519,40.757
8.54,40.757
8.561,40.756
8.582,40.756
8.602,40.756
8.623,40.756
8.644,40.756
8.665,40.756
8.685,40.755
8.706,40.755
8.727,40.755
8.748,40.755
8.768,40.755
8.789,40.755
8.81,40.755
8.831,40.754
8.851,40.754
8.872,40.754
8.893,40.754
8.914,40.754
8.934,40.754
8.955,40.753
8.976,40.753
8.997,40.753
9.017,40.753
9.038,40.753
9.059,40.753
9.08,40.752
9.1,40.752
9.121,40.752
9.142,40.752
9.163,40.752
9.183,40.752
9.204,40.751
9.225,40.751
9.245,40.751
9.266,40.751
9.287,40.751
9.308,40.751
9.328,40.751
9.349,40.75
9.37,40.75
9.391,40.75
9.411,40.75
9.432,40.75
9.453,40.75
9.474,40.749
9.494,40.749
9.515,40.749
9.536,40.749
9.557,40.749
9.577,40.749
9.598,40.748
9.619,40.748
9.64,40.748
9.66,40.748
9.681,40.748
4.044,40.774
4.065,40.774
4.086,40.774
4.107,40.774
4.127,40.774
4.148,40.773
4.169,40.773
4.19,40.773
4.21,40.773
4.231,40.773
4.252,40.773
4.273,40.772
7.178,40.75
7.198,40.75
7.219,40.75
7.24,40.75
8.533,40.74
8.554,40.74
8.575,40.74
8.595,40.739
8.616,40.739
8.637,40.739
8.658,40.739
8.678,40.739
8.699,40.739
8.72,40.738
8.741,40.738
8.761,40.738
8.782,40.738
8.803,40.738
8.824,40.738
8.844,40.737
8.865,40.737
8.886,40.737
8.907,40.737
8.927,40.737
8.948,40.737
8.969,40.736
8.99,40.736
9.01,40.736
9.031,40.736
9.052,40.736
9.073,40.736
9.093,40.736
9.114,40.735
9.135,40.735
9.156,40.735
9.176,40.735
9.197,40.735
9.218,40.735
9.239,40.734
9.259,40.734
9.28,40.734
9.301,40.734
9.322,40.734
9.342,40.734
9.363,40.733
9.384,40.733
9.405,40.733
9.425,40.733
9.446,40.733
9.467,40.733
9.488,40.733
9.508,40.732
9.529,40.732
9.55,40.732
9.571,40.732
9.591,40.732
9.612,40.732
9.633,40.731
9.654,40.731
9.674,40.731
4.024,40.758
4.044,40.757
4.065,40.757
4.086,40.757
4.107,40.757
4.127,40.757
4.148,40.757
4.169,40.756
4.19,40.756
4.21,40.756
4.231,40.756
4.252,40.756
4.273,40.756
7.157,40.734
7.178,40.733
7.198,40.733
7.219,40.733
7.24,40.733
8.547,40.723
8.568,40.723
8.588,40.723
8.609,40.722
8.63,40.722
8.651,40.722
8.671,40.722
8.692,40.722
8.713,40.722
8.734,40.722
8.754,40.721
8.775,40.721
8.796,40.721
8.817,40.721
8.837,40.721
8.858,40.721
8.879,40.72
8.9,40.72
8.92,40.72
8.941,40.72
8.962,40.72
8.983,40.72
9.003,40.719
9.024,40.719
9.045,40.719
9.066,40.719
9.086,40.719
9.107,40.719
9.128,40.718
9.149,40.718
9.169,40.718
9.19,40.718
9.211,40.718
9.232,40.718
9.252,40.718
9.273,40.717
9.294,40.717
9.315,40.717
9.335,40.717
9.356,40.717
9.377,40.717
9.398,40.716
9.418,40.716
9.439,40.716
9.46,40.716
9.481,40.716
9.501,40.716
9.522,40.715
9.543,40.715
9.564,40.715
9.584,40.715
9.605,40.715
9.626,40.715
9.647,40.715
9.667,40.714
4.01,40.741
4.031,40.741
4.051,40.741
4.072,40.74
4.093,40.74
4.114,40.74
4.134,40.74
4.155,40.74
4.176,40.74
4.197,40.739
4.217,40.739
4.238,40.739
4.259,40.739
4.28,40.739
7.15,40.717
7.171,40.717
7.191,40.717
7.212,40.716
7.233,40.716
8.554,40.706
8.575,40.706
8.595,40.706
8.616,40.706
8.637,40.705
8.658,40.705
8.678,40.705
8.699,40.705
8.72,40.705
8.741,40.705
8.761,40.705
8.782,40.704
8.803,40.704
8.824,40.704
8.844,40.704
8.865,40.704
8.886,40.704
8.907,40.703
8.927,40.703
8.948,40.703
8.969,40.703
8.99,40.703
9.01,40.703
9.031,40.702
9.052,40.702
9.073,40.702
9.093,40.702
9.114,40.702
9.135,40.702
9.156,40.701
9.176,40.701
9.197,40.701
9.218,40.701
9.239,40.701
9.259,40.701
9.28,40.701
9.301,40.7
9.322,40.7
9.342,40.7
9.363,40.7
9.384,40.7
9.405,40.7
9.425,40.699
9.446,40.699
9.467,40.699
9.487,40.699
9.508,40.699
9.529,40.699
9.55,40.698
9.57,40.698
9.591,40.698
9.612,40.698
9.633,40.698
9.653,40.698
4.017,40.724
4.038,40.724
4.058,40.724
4.079,40.724
4.1,40.723
4.121,40.723
4.141,40.723
4.162,40.723
4.183,40.723
4.204,40.723
4.224,40.722
4.245,40.722
4.266,40.722
4.286,40.722
4.307,40.722
7.157,40.7
7.177,40.7
7.198,40.7
8.554,40.689
8.575,40.689
8.595,40.689
8.616,40.689
8.637,40.689
8.658,40.689
8.678,40.688
8.699,40.688
8.72,40.688
8.741,40.688
8.761,40.688
8.782,40.688
8.803,40.687
8.824,40.687
8.844,40.687
8.865,40.687
8.886,40.687
8.907,40.687
8.927,40.686
8.948,40.686
8.969,40.686
8.99,40.686
9.01,40.686
9.031,40.686
9.052,40.685
9.073,40.685
9.093,40.685
9.114,40.685
9.135,40.685
9.155,40.685
9.176,40.685
9.197,40.684
9.218,40.684
9.238,40.684
9.259,40.684
9.28,40.684
9.301,40.684
9.321,40.683
9.342,40.683
9.363,40.683
9.384,40.683
9.404,40.683
9.425,40.683
9.446,40.682
9.467,40.682
9.487,40.682
9.508,40.682
9.529,40.682
9.55,40.682
9.57,40.682
9.591,40.681
9.612,40.681
9.633,40.681
9.653,40.681
4.058,40.707
4.079,40.707
4.1,40.707
4.12,40.706
4.141,40.706
4.162,40.706
4.183,40.706
4.203,40.706
4.224,40.706
4.245,40.705
4.266,40.705
4.286,40.705
4.307,40.705
4.328,40.705
4.349,40.705
4.369,40.705
7.136,40.683
7.157,40.683
7.177,40.683
8.554,40.673
8.575,40.672
8.595,40.672
8.616,40.672
8.637,40.672
8.658,40.672
8.678,40.672
8.699,40.671
8.72,40.671
8.741,40.671
8.761,40.671
8.782,40.671
8.803,40.671
8.824,40.67
8.844,40.67
8.865,40.67
8.886,40.67
8.906,40.67
8.927,40.67
8.948,40.669
8.969,40.669
8.989,40.669
9.01,40.669
9.031,40.669
9.052,40.669
9.072,40.669
9.093,40.668
9.114,40.668
9.135,40.668
9.155,40.668
9.176,40.668
9.197,40.668
9.218,40.667
9.238,40.667
9.259,40.667
9.28,40.667
9.301,40.667
9.321,40.667
9.342,40.666
9.363,40.666
9.384,40.666
9.404,40.666
9.425,40.666
9.446,40.666
9.467,40.666
9.487,40.665
9.508,40.665
9.529,40.665
9.55,40.665
9.57,40.665
9.591,40.665
9.612,40.664
9.633,40.664
4.072,40.69
4.093,40.69
4.114,40.69
4.134,40.69
4.155,40.689
4.176,40.689
4.197,40.689
4.217,40.689
4.238,40.689
4.259,40.689
4.28,40.688
4.3,40.688
4.321,40.688
4.342,40.688
4.363,40.688
4.383,40.688
4.404,40.687
4.425,40.687
4.446,40.687
4.466,40.687
7.122,40.667
7.143,40.667
7.164,40.666
8.554,40.656
8.574,40.656
8.595,40.655
8.616,40.655
8.637,40.655
8.657,40.655
8.678,40.655
8.699,40.655
8.72,40.654
8.74,40.654
8.761,40.654
8.782,40.654
8.803,40.654
8.823,40.654
8.844,40.653
8.865,40.653
8.886,40.653
8.906,40.653
8.927,40.653
8.948,40.653
8.969,40.653
8.989,40.652
9.01,40.652
9.031,40.652
9.052,40.652
9.072,40.652
9.093,40.652
9.114,40.651
9.135,40.651
9.155,40.651
9.176,40.651
9.197,40.651
9.218,40.651
9.238,40.65
9.259,40.65
9.28,40.65
9.301,40.65
9.321,40.65
9.391,40.649
9.411,40.649
9.432,40.649
9.453,40.649
9.474,40.649
9.494,40.649
9.515,40.648
9.536,40.648
9.557,40.648
9.577,40.648
9.598,40.648
9.619,40.648
4.134,40.673
4.155,40.673
4.176,40.672
4.197,40.672
4.217,40.672
4.238,40.672
4.259,40.672
4.28,40.672
4.3,40.671
4.321,40.671
4.342,40.671
4.363,40.671
4.383,40.671
4.404,40.671
4.425,40.671
4.446,40.67
4.466,40.67
4.487,40.67
4.508,40.67
4.528,40.67
4.549,40.67
4.57,40.669
4.591,40.669
4.611,40.669
7.115,40.65
7.136,40.65
7.157,40.65
8.574,40.639
8.595,40.639
8.616,40.638
8.637,40.638
8.657,40.638
8.678,40.638
8.699,40.638
8.72,40.638
8.74,40.638
8.761,40.637
8.782,40.637
8.803,40.637
8.823,40.637
8.844,40.637
8.865,40.637
8.886,40.636
8.906,40.636
8.927,40.636
8.948,40.636
8.969,40.636
8.989,40.636
9.01,40.635
9.031,40.635
9.052,40.635
9.072,40.635
9.093,40.635
9.114,40.635
9.135,40.634
9.155,40.634
9.176,40.634
9.197,40.634
9.218,40.634
9.238,40.634
9.259,40.634
9.28,40.633
9.301,40.633
9.411,40.632
9.432,40.632
9.453,40.632
9.474,40.632
9.494,40.632
9.515,40.632
9.536,40.631
4.196,40.655
4.217,40.655
4.238,40.655
4.259,40.655
4.279,40.655
4.3,40.655
4.321,40.655
4.342,40.654
4.362,40.654
4.383,40.654
4.404,40.654
4.425,40.654
4.445,40.654
4.466,40.653
4.487,40.653
4.508,40.653
4.528,40.653
4.549,40.653
4.57,40.653
4.591,40.652
4.611,40.652
4.632,40.652
4.653,40.652
7.108,40.633
7.129,40.633
7.15,40.633
8.581,40.622
8.602,40.622
8.623,40.622
8.644,40.621
8.664,40.621
8.685,40.621
8.706,40.621
8.727,40.621
8.747,40.621
8.768,40.621
8.789,40.62
8.81,40.62
8.83,40.62
8.851,40.62
8.872,40.62
8.893,40.62
8.913,40.619
8.934,40.619
8.955,40.619
8.976,40.619
8.996,40.619
9.017,40.619
9.038,40.618
9.059,40.618
9.079,40.618
9.1,40.618
9.121,40.618
9.142,40.618
9.162,40.617
9.183,40.617
9.204,40.617
9.225,40.617
9.245,40.617
9.266,40.617
9.287,40.617
9.308,40.616
9.467,40.615
9.487,40.615
4.224,40.638
4.245,40.638
4.266,40.638
4.286,40.638
4.307,40.638
4.328,40.638
4.349,40.638
4.369,40.637
4.39,40.637
4.411,40.637
4.432,40.637
4.452,40.637
4.473,40.637
4.494,40.636
4.515,40.636
4.535,40.636
4.556,40.636
4.577,40.636
4.598,40.636
4.618,40.635
4.639,40.635
4.66,40.635
7.101,40.616
7.122,40.616
7.143,40.616
8.588,40.605
8.609,40.605
8.63,40.605
8.651,40.605
8.671,40.604
8.692,40.604
8.713,40.604
8.734,40.604
8.754,40.604
8.775,40.604
8.796,40.603
8.816,40.603
8.837,40.603
8.858,40.603
8.879,40.603
8.899,40.603
8.92,40.603
8.941,40.602
8.962,40.602
8.982,40.602
9.003,40.602
9.024,40.602
9.045,40.602
9.065,40.601
9.086,40.601
9.107,40.601
9.128,40.601
9.148,40.601
9.169,40.601
9.19,40.6
9.211,40.6
9.231,40.6
9.252,40.6
9.273,40.6
9.294,40.6
4.252,40.621
4.273,40.621
4.293,40.621
4.314,40.621
4.335,40.621
4.356,40.621
4.376,40.621
4.397,40.62
4.418,40.62
4.439,40.62
4.459,40.62
4.48,40.62
4.501,40.62
4.522,40.619
4.542,40.619
4.563,40.619
4.584,40.619
4.605,40.619
4.625,40.619
4.646,40.618
4.667,40.618
7.094,40.6
7.115,40.6
7.136,40.599
8.602,40.588
8.623,40.588
8.644,40.588
8.664,40.588
8.685,40.588
8.706,40.587
8.727,40.587
8.747,40.587
8.768,40.587
8.789,40.587
8.81,40.587
8.83,40.586
8.851,40.586
8.872,40.586
8.893,40.586
8.913,40.586
8.934,40.586
8.955,40.585
8.976,40.585
8.996,40.585
9.017,40.585
9.038,40.585
9.059,40.585
9.079,40.585
9.1,40.584
9.121,40.584
9.142,40.584
9.162,40.584
9.183,40.584
9.204,40.584
9.225,40.583
9.245,40.583
9.266,40.583
9.287,40.583
3.761,40.608
4.279,40.604
4.3,40.604
4.321,40.604
4.342,40.604
4.362,40.604
4.383,40.604
4.404,40.604
4.425,40.603
4.445,40.603
4.466,40.603
4.487,40.603
4.508,40.603
4.528,40.603
4.549,40.602
4.625,40.602
4.646,40.602
4.667,40.602
7.094,40.583
7.115,40.583
7.136,40.583
8.63,40.571
8.65,40.571
8.671,40.571
8.692,40.571
8.713,40.571
8.733,40.57
8.754,40.57
8.775,40.57
8.796,40.57
8.816,40.57
8.837,40.57
8.858,40.569
8.879,40.569
8.899,40.569
8.92,40.569
8.941,40.569
8.962,40.569
8.982,40.568
9.003,40.568
9.024,40.568
9.045,40.568
9.065,40.568
9.086,40.568
9.107,40.568
9.128,40.567
9.148,40.567
9.169,40.567
9.19,40.567
9.211,40.567
9.231,40.567
9.252,40.566
9.273,40.566
3.754,40.592
4.286,40.588
4.307,40.587
4.328,40.587
4.349,40.587
4.369,40.587
4.39,40.587
4.411,40.587
4.432,40.587
4.452,40.586
4.473,40.586
4.494,40.586
4.515,40.586
4.535,40.586
4.632,40.585
4.653,40.585
4.674,40.585
7.094,40.566
7.115,40.566
7.136,40.566
8.637,40.554
8.657,40.554
8.678,40.554
8.699,40.554
8.72,40.554
8.74,40.554
8.761,40.553
8.782,40.553
8.803,40.553
8.823,40.553
8.844,40.553
8.865,40.553
8.886,40.552
8.906,40.552
8.927,40.552
8.948,40.552
8.969,40.552
8.989,40.552
9.01,40.551
9.031,40.551
9.052,40.551
9.072,40.551
9.093,40.551
9.114,40.551
9.135,40.551
9.155,40.55
9.176,40.55
9.197,40.55
9.218,40.55
9.238,40.55
9.259,40.55
3.74,40.575
3.761,40.575
4.307,40.571
4.328,40.571
4.349,40.57
4.369,40.57
4.39,40.57
4.411,40.57
4.432,40.57
4.452,40.57
4.473,40.569
4.494,40.569
4.625,40.568
4.646,40.568
4.667,40.568
4.687,40.568
7.074,40.55
7.094,40.549
7.115,40.549
8.63,40.538
8.65,40.537
8.671,40.537
8.692,40.537
8.713,40.537
8.733,40.537
8.754,40.537
8.775,40.536
8.796,40.536
8.816,40.536
8.837,40.536
8.858,40.536
8.879,40.536
8.899,40.536
8.92,40.535
8.941,40.535
8.962,40.535
8.982,40.535
9.003,40.535
9.024,40.535
9.045,40.534
9.065,40.534
9.086,40.534
9.107,40.534
9.128,40.534
9.148,40.534
9.169,40.533
9.19,40.533
9.211,40.533
9.231,40.533
9.252,40.533
4.314,40.554
4.632,40.551
4.653,40.551
4.674,40.551
4.694,40.551
7.067,40.533
7.087,40.533
7.108,40.532
8.664,40.521
8.685,40.52
8.706,40.52
8.726,40.52
8.747,40.52
8.768,40.52
8.789,40.52
8.809,40.519
8.83,40.519
8.851,40.519
8.872,40.519
8.892,40.519
8.913,40.519
8.934,40.518
8.955,40.518
8.975,40.518
8.996,40.518
9.017,40.518
9.038,40.518
9.058,40.518
9.079,40.517
9.1,40.517
9.121,40.517
9.141,40.517
9.162,40.517
9.183,40.517
9.204,40.516
9.224,40.516
4.639,40.535
4.66,40.534
4.68,40.534
7.025,40.516
7.046,40.516
7.067,40.516
8.699,40.503
8.72,40.503
8.74,40.503
8.761,40.503
8.782,40.503
8.803,40.503
8.823,40.503
8.844,40.502
8.865,40.502
8.886,40.502
8.906,40.502
8.927,40.502
8.948,40.502
8.969,40.501
8.989,40.501
9.01,40.501
9.031,40.501
9.052,40.501
9.072,40.501
9.093,40.5
9.114,40.5
9.135,40.5
9.155,40.5
9.176,40.5
9.197,40.5
9.218,40.5
3.657,40.525
3.678,40.525
4.653,40.518
4.674,40.518
4.694,40.517
7.025,40.5
7.046,40.499
7.067,40.499
8.706,40.487
8.726,40.486
8.747,40.486
8.768,40.486
8.789,40.486
8.809,40.486
8.83,40.486
8.851,40.486
8.872,40.485
8.892,40.485
8.913,40.485
8.934,40.485
8.955,40.485
8.975,40.485
8.996,40.484
9.017,40.484
9.038,40.484
9.058,40.484
9.079,40.484
9.1,40.484
9.121,40.483
9.141,40.483
9.162,40.483
9.183,40.483
3.629,40.509
3.65,40.509
3.671,40.508
4.66,40.501
4.68,40.501
4.701,40.501
7.025,40.483
7.046,40.483
7.067,40.482
8.719,40.47
8.74,40.47
8.761,40.469
8.782,40.469
8.802,40.469
8.823,40.469
8.844,40.469
8.865,40.469
8.885,40.468
8.906,40.468
8.927,40.468
8.948,40.468
8.968,40.468
8.989,40.468
9.01,40.468
9.031,40.467
9.051,40.467
9.072,40.467
9.093,40.467
9.114,40.467
9.134,40.467
9.155,40.466
9.176,40.466
3.622,40.492
3.643,40.492
3.664,40.492
4.667,40.484
4.687,40.484
7.004,40.466
7.025,40.466
7.046,40.466
7.067,40.466
8.74,40.453
8.761,40.453
8.782,40.452
8.802,40.452
8.823,40.452
8.844,40.452
8.865,40.452
8.885,40.452
8.906,40.452
8.927,40.451
8.948,40.451
8.968,40.451
8.989,40.451
9.01,40.451
9.031,40.451
9.051,40.45
9.072,40.45
9.093,40.45
9.114,40.45
9.134,40.45
9.155,40.45
9.176,40.449
3.629,40.475
3.65,40.475
4.667,40.467
4.687,40.467
4.708,40.467
7.011,40.449
7.032,40.449
7.053,40.449
7.073,40.449
8.761,40.436
8.782,40.436
8.802,40.436
8.823,40.435
8.844,40.435
8.865,40.435
8.885,40.435
8.906,40.435
8.927,40.435
8.948,40.434
8.968,40.434
8.989,40.434
9.01,40.434
9.031,40.434
9.051,40.434
9.072,40.433
9.093,40.433
9.114,40.433
9.134,40.433
9.155,40.433
3.622,40.458
3.643,40.458
4.687,40.45
4.708,40.45
6.983,40.433
7.004,40.433
7.025,40.432
7.046,40.432
8.816,40.419
8.837,40.418
8.858,40.418
8.879,40.418
8.899,40.418
8.92,40.418
8.941,40.418
8.961,40.418
8.982,40.417
9.003,40.417
9.024,40.417
9.044,40.417
9.065,40.417
9.086,40.417
9.107,40.416
9.127,40.416
3.608,40.442
3.629,40.442
4.715,40.433
4.736,40.433
5.337,40.428
5.358,40.428
5.379,40.428
6.645,40.418
6.977,40.416
6.997,40.416
7.018,40.416
7.039,40.415
8.837,40.402
8.858,40.402
8.878,40.401
8.899,40.401
8.92,40.401
8.941,40.401
8.961,40.401
8.982,40.401
9.003,40.4
9.024,40.4
9.044,40.4
9.065,40.4
9.086,40.4
3.574,40.425
3.594,40.425
3.615,40.425
4.729,40.416
4.749,40.416
4.77,40.416
5.324,40.412
5.344,40.412
5.365,40.411
5.386,40.411
5.407,40.411
5.427,40.411
5.559,40.41
5.579,40.41
6.61,40.402
6.631,40.402
6.651,40.402
6.672,40.401
6.693,40.401
6.714,40.401
6.949,40.399
6.97,40.399
6.99,40.399
7.011,40.399
7.032,40.399
8.851,40.385
8.872,40.385
8.892,40.384
8.913,40.384
8.934,40.384
8.955,40.384
8.975,40.384
8.996,40.384
9.017,40.384
9.038,40.383
9.058,40.383
3.574,40.408
4.743,40.399
4.763,40.399
5.303,40.395
5.324,40.395
5.344,40.395
5.365,40.395
5.386,40.395
5.407,40.394
5.427,40.394
5.448,40.394
5.469,40.394
5.49,40.394
5.51,40.394
5.531,40.393
5.552,40.393
5.572,40.393
5.593,40.393
5.614,40.393
6.568,40.385
6.589,40.385
6.61,40.385
6.631,40.385
6.651,40.385
6.672,40.385
6.693,40.385
6.714,40.384
6.921,40.383
6.942,40.383
6.963,40.382
6.983,40.382
7.004,40.382
7.025,40.382
8.865,40.368
8.885,40.368
8.906,40.368
8.927,40.367
8.948,40.367
8.968,40.367
8.989,40.367
9.01,40.367
9.031,40.367
9.051,40.366
4.77,40.382
5.296,40.378
5.317,40.378
5.337,40.378
5.358,40.378
5.379,40.378
5.4,40.378
5.42,40.377
5.441,40.377
5.462,40.377
5.483,40.377
5.503,40.377
5.524,40.377
5.545,40.377
5.566,40.376
5.586,40.376
5.607,40.376
5.628,40.376
6.437,40.37
6.458,40.37
6.478,40.369
6.499,40.369
6.52,40.369
6.541,40.369
6.561,40.369
6.582,40.369
6.603,40.368
6.624,40.368
6.644,40.368
6.665,40.368
6.686,40.368
6.707,40.368
6.727,40.367
6.748,40.367
6.866,40.366
6.887,40.366
6.907,40.366
6.928,40.366
6.949,40.366
6.97,40.366
6.99,40.365
7.011,40.365
8.885,40.351
8.906,40.351
8.927,40.351
8.948,40.35
8.968,40.35
8.989,40.35
9.01,40.35
4.777,40.366
4.798,40.365
5.303,40.362
5.323,40.361
5.344,40.361
5.365,40.361
5.386,40.361
5.406,40.361
5.427,40.361
5.448,40.36
5.469,40.36
5.489,40.36
5.51,40.36
5.531,40.36
5.552,40.36
5.572,40.36
5.593,40.359
5.614,40.359
5.635,40.359
5.655,40.359
5.676,40.359
5.697,40.359
6.146,40.355
6.167,40.355
6.188,40.355
6.209,40.355
6.229,40.354
6.25,40.354
6.271,40.354
6.292,40.354
6.312,40.354
6.333,40.354
6.354,40.354
6.375,40.353
6.395,40.353
6.416,40.353
6.437,40.353
6.458,40.353
6.478,40.353
6.499,40.352
6.52,40.352
6.541,40.352
6.561,40.352
6.582,40.352
6.603,40.352
6.624,40.351
6.644,40.351
6.665,40.351
6.686,40.351
6.707,40.351
6.727,40.351
6.748,40.351
6.769,40.35
6.79,40.35
6.81,40.35
6.831,40.35
6.852,40.35
6.873,40.35
6.893,40.349
6.914,40.349
6.935,40.349
6.956,40.349
6.976,40.349
6.997,40.349
8.892,40.334
8.913,40.334
8.934,40.334
8.954,40.334
8.975,40.333
3.546,40.358
4.791,40.349
4.812,40.349
5.282,40.345
5.303,40.345
5.323,40.345
5.503,40.343
5.524,40.343
5.545,40.343
5.566,40.343
5.586,40.343
5.607,40.342
5.628,40.342
5.649,40.342
5.669,40.342
5.69,40.342
5.711,40.342
5.732,40.342
5.752,40.341
6.146,40.338
6.167,40.338
6.188,40.338
6.209,40.338
6.229,40.338
6.25,40.338
6.271,40.337
6.292,40.337
6.312,40.337
6.333,40.337
6.354,40.337
6.375,40.337
6.395,40.336
6.416,40.336
6.437,40.336
6.458,40.336
6.478,40.336
6.499,40.336
6.52,40.335
6.541,40.335
6.561,40.335
6.582,40.335
6.707,40.334
6.727,40.334
6.748,40.334
6.769,40.334
6.79,40.333
6.81,40.333
6.831,40.333
6.852,40.333
6.873,40.333
6.893,40.333
6.914,40.332
6.935,40.332
6.956,40.332
8.885,40.317
8.906,40.317
8.927,40.317
8.948,40.317
3.539,40.342
4.791,40.332
4.812,40.332
4.832,40.332
5.282,40.328
5.303,40.328
5.517,40.326
5.538,40.326
5.559,40.326
5.579,40.326
5.6,40.326
5.621,40.326
5.642,40.325
5.662,40.325
5.683,40.325
5.704,40.325
5.725,40.325
5.745,40.325
5.766,40.324
6.119,40.322
6.14,40.322
6.16,40.321
6.181,40.321
6.202,40.321
6.243,40.321
6.264,40.321
6.285,40.32
6.306,40.32
6.506,40.319
6.527,40.319
3.532,40.325
4.791,40.315
4.812,40.315
4.832,40.315
4.853,40.315
5.268,40.311
5.289,40.311
5.538,40.309
5.559,40.309
5.579,40.309
5.6,40.309
5.621,40.309
5.642,40.309
5.662,40.308
5.683,40.308
5.704,40.308
5.725,40.308
5.745,40.308
5.766,40.308
5.787,40.308
6.112,40.305
6.133,40.305
6.153,40.305
6.174,40.305
4.805,40.298
4.825,40.298
4.846,40.298
4.867,40.298
4.888,40.298
5.261,40.295
5.282,40.295
5.538,40.293
5.559,40.292
5.579,40.292
5.6,40.292
5.621,40.292
5.642,40.292
5.662,40.292
5.683,40.292
5.704,40.291
5.725,40.291
5.745,40.291
5.766,40.291
5.787,40.291
5.808,40.291
6.098,40.288
6.119,40.288
6.139,40.288
3.532,40.291
4.874,40.281
4.895,40.281
4.915,40.281
5.261,40.278
5.282,40.278
5.586,40.275
5.607,40.275
5.628,40.275
5.648,40.275
5.669,40.275
5.69,40.275
5.711,40.275
5.731,40.274
5.752,40.274
5.773,40.274
5.794,40.274
5.814,40.274
6.091,40.272
6.112,40.271
6.133,40.271
3.546,40.274
4.901,40.264
4.922,40.264
4.943,40.264
5.254,40.261
5.275,40.261
5.296,40.261
5.641,40.258
5.662,40.258
5.683,40.258
5.704,40.258
5.724,40.258
5.745,40.257
5.766,40.257
5.787,40.257
5.807,40.257
5.828,40.257
6.05,40.255
6.07,40.255
6.091,40.255
6.112,40.255
3.532,40.258
4.908,40.247
4.929,40.247
4.95,40.247
4.971,40.247
5.254,40.244
5.275,40.244
5.296,40.244
5.801,40.24
5.821,40.24
5.842,40.24
6.022,40.239
6.043,40.238
6.063,40.238
6.084,40.238
6.105,40.238
3.532,40.241
4.922,40.23
4.943,40.23
4.964,40.23
4.984,40.23
5.261,40.228
5.282,40.227
5.814,40.223
5.835,40.223
5.856,40.223
6.008,40.222
6.029,40.222
6.049,40.222
6.07,40.221
3.511,40.224
3.532,40.224
3.553,40.224
4.971,40.213
4.991,40.213
5.012,40.213
5.261,40.211
5.282,40.211
5.842,40.206
5.863,40.206
5.897,40.206
5.973,40.205
5.994,40.205
6.015,40.205
6.036,40.205
6.056,40.205
1.381,40.224
3.49,40.208
3.511,40.207
3.532,40.207
3.553,40.207
3.573,40.207
4.984,40.196
5.005,40.196
5.026,40.196
5.047,40.196
5.24,40.194
5.261,40.194
5.282,40.194
5.856,40.189
5.877,40.189
5.897,40.189
5.918,40.189
5.939,40.189
5.96,40.189
5.98,40.188
6.001,40.188
6.022,40.188
6.043,40.188
1.374,40.207
1.395,40.207
3.477,40.191
3.497,40.191
3.518,40.191
3.539,40.19
3.56,40.19
3.58,40.19
4.991,40.179
5.012,40.179
5.033,40.179
5.053,40.179
5.074,40.179
5.24,40.177
5.261,40.177
5.282,40.177
5.863,40.173
5.883,40.172
5.904,40.172
5.925,40.172
5.946,40.172
5.966,40.172
5.987,40.172
6.008,40.171
6.029,40.171
1.339,40.19
1.36,40.19
1.381,40.19
1.402,40.19
1.422,40.19
3.47,40.174
3.49,40.174
3.511,40.174
3.532,40.174
3.553,40.173
3.573,40.173
4.984,40.163
5.005,40.162
5.026,40.162
5.047,40.162
5.067,40.162
5.088,40.162
5.226,40.161
5.247,40.161
5.268,40.16
5.856,40.156
5.877,40.156
5.897,40.156
5.918,40.155
5.939,40.155
5.959,40.155
5.98,40.155
6.001,40.155
6.022,40.155
1.319,40.174
1.339,40.174
1.36,40.173
1.381,40.173
1.402,40.173
1.422,40.173
1.443,40.173
3.456,40.157
3.477,40.157
3.497,40.157
3.518,40.157
3.539,40.157
3.56,40.157
3.58,40.156
5.005,40.146
5.026,40.145
5.047,40.145
5.067,40.145
5.088,40.145
5.109,40.145
5.219,40.144
5.24,40.144
5.261,40.144
5.876,40.139
5.897,40.139
5.918,40.139
5.939,40.138
5.959,40.138
5.98,40.138
6.001,40.138
1.27,40.157
1.291,40.157
1.312,40.157
1.333,40.157
1.353,40.157
1.374,40.157
1.395,40.156
1.416,40.156
1.436,40.156
1.457,40.156
1.478,40.156
3.414,40.141
3.435,40.141
3.456,40.141
3.477,40.14
3.497,40.14
3.518,40.14
3.539,40.14
3.56,40.14
3.58,40.14
5.04,40.129
5.06,40.128
5.081,40.128
5.102,40.128
5.123,40.128
5.143,40.128
5.164,40.128
5.185,40.127
5.206,40.127
5.226,40.127
5.247,40.127
1.236,40.141
1.256,40.141
1.277,40.141
1.298,40.14
1.319,40.14
1.339,40.14
1.36,40.14
1.381,40.14
1.402,40.14
1.422,40.139
1.443,40.139
1.464,40.139
1.485,40.139
1.505,40.139
1.526,40.139
3.407,40.124
3.428,40.124
3.449,40.124
3.47,40.124
3.49,40.124
3.511,40.123
3.532,40.123
3.553,40.123
3.573,40.123
3.594,40.123
5.06,40.112
5.081,40.111
5.102,40.111
5.123,40.111
5.143,40.111
5.164,40.111
5.185,40.111
5.206,40.11
5.226,40.11
5.247,40.11
1.208,40.124
1.229,40.124
1.249,40.124
1.27,40.124
1.291,40.124
1.312,40.123
1.332,40.123
1.353,40.123
1.374,40.123
1.395,40.123
1.415,40.123
1.436,40.123
1.457,40.122
1.478,40.122
1.498,40.122
1.519,40.122
1.54,40.122
3.373,40.108
3.394,40.108
3.414,40.107
3.435,40.107
3.456,40.107
3.476,40.107
3.497,40.107
3.518,40.107
3.539,40.106
3.559,40.106
3.58,40.106
3.601,40.106
5.178,40.094
5.199,40.094
5.219,40.094
5.24,40.093
1.194,40.108
1.215,40.107
1.236,40.107
1.256,40.107
1.277,40.107
1.298,40.107
1.319,40.107
1.339,40.106
1.36,40.106
1.381,40.106
1.402,40.106
1.422,40.106
1.443,40.106
1.464,40.106
1.485,40.105
1.505,40.105
1.526,40.105
1.547,40.105
3.352,40.091
3.373,40.091
3.393,40.091
3.414,40.091
3.435,40.09
3.456,40.09
3.476,40.09
3.497,40.09
3.518,40.09
3.539,40.09
3.559,40.089
3.58,40.089
3.601,40.089
3.622,40.089
5.219,40.077
1.187,40.091
1.208,40.091
1.229,40.091
1.249,40.09
1.27,40.09
1.291,40.09
1.312,40.09
1.332,40.09
1.353,40.09
1.374,40.089
1.395,40.089
1.415,40.089
1.436,40.089
1.457,40.089
1.478,40.089
1.498,40.088
1.519,40.088
1.54,40.088
1.561,40.088
3.331,40.074
3.352,40.074
3.373,40.074
3.393,40.074
3.414,40.074
3.435,40.074
3.456,40.073
3.476,40.073
3.497,40.073
3.518,40.073
3.539,40.073
3.559,40.073
3.58,40.073
3.601,40.072
3.622,40.072
1.173,40.074
1.194,40.074
1.215,40.074
1.236,40.074
1.256,40.074
1.277,40.073
1.298,40.073
1.319,40.073
1.339,40.073
1.36,40.073
1.381,40.073
1.402,40.072
1.422,40.072
1.443,40.072
1.464,40.072
1.485,40.072
1.505,40.072
1.526,40.071
1.547,40.071
3.297,40.058
3.317,40.058
3.338,40.058
3.359,40.057
3.38,40.057
3.4,40.057
3.421,40.057
3.442,40.057
3.463,40.057
3.483,40.056
3.504,40.056
3.525,40.056
3.546,40.056
3.566,40.056
3.587,40.056
3.608,40.056
1.153,40.058
1.173,40.057
1.194,40.057
1.215,40.057
1.236,40.057
1.256,40.057
1.277,40.057
1.298,40.056
1.319,40.056
1.339,40.056
1.36,40.056
1.381,40.056
1.402,40.056
1.422,40.055
1.443,40.055
1.464,40.055
1.485,40.055
1.505,40.055
1.526,40.055
1.547,40.055
1.568,40.054
3.248,40.041
3.269,40.041
3.29,40.041
3.31,40.041
3.331,40.041
3.352,40.041
3.373,40.041
3.393,40.04
3.414,40.04
3.435,40.04
3.456,40.04
3.476,40.04
3.497,40.04
3.518,40.039
3.539,40.039
3.559,40.039
3.58,40.039
3.601,40.039
1.146,40.041
1.166,40.041
1.187,40.04
1.208,40.04
1.229,40.04
1.249,40.04
1.27,40.04
1.291,40.04
1.312,40.04
1.332,40.039
1.353,40.039
1.374,40.039
1.395,40.039
1.415,40.039
1.436,40.039
1.457,40.038
1.478,40.038
1.498,40.038
1.519,40.038
1.54,40.038
1.561,40.038
1.581,40.037
1.602,40.037
1.623,40.037
3.234,40.025
3.255,40.025
3.276,40.024
3.297,40.024
3.317,40.024
3.338,40.024
3.359,40.024
3.38,40.024
3.4,40.024
3.421,40.023
3.442,40.023
3.463,40.023
3.483,40.023
3.504,40.023
3.525,40.023
3.546,40.022
3.566,40.022
3.587,40.022
1.125,40.024
1.146,40.024
1.166,40.024
1.187,40.024
1.208,40.024
1.229,40.023
1.249,40.023
1.27,40.023
1.291,40.023
1.312,40.023
1.332,40.023
1.353,40.022
1.374,40.022
1.395,40.022
1.415,40.022
1.436,40.022
1.457,40.022
1.478,40.021
1.498,40.021
1.519,40.021
1.54,40.021
1.561,40.021
1.581,40.021
1.602,40.021
1.623,40.02
1.644,40.02
3.207,40.008
3.227,40.008
3.248,40.008
3.269,40.008
3.29,40.008
3.31,40.007
3.331,40.007
3.352,40.007
3.373,40.007
3.393,40.007
3.414,40.007
3.435,40.006
3.456,40.006
3.476,40.006
3.497,40.006
3.518,40.006
3.539,40.006
3.559,40.006
3.58,40.005
1.118,40.007
1.139,40.007
1.159,40.007
1.18,40.007
1.201,40.007
1.222,40.007
1.242,40.006
1.263,40.006
1.284,40.006
1.305,40.006
1.325,40.006
1.346,40.006
1.367,40.006
1.388,40.005
1.408,40.005
1.429,40.005
1.45,40.005
1.471,40.005
1.491,40.005
1.512,40.004
1.533,40.004
1.554,40.004
1.574,40.004
1.595,40.004
1.616,40.004
1.637,40.003
3.186,39.992
3.207,39.991
3.227,39.991
3.248,39.991
3.269,39.991
3.29,39.991
3.31,39.991
3.331,39.99
3.352,39.99
3.373,39.99
3.393,39.99
3.414,39.99
3.435,39.99
3.456,39.99
3.476,39.989
3.497,39.989
3.518,39.989
3.539,39.989
3.559,39.989
3.58,39.989
1.118,39.991
1.139,39.99
1.159,39.99
1.18,39.99
1.201,39.99
1.222,39.99
1.242,39.99
1.263,39.99
1.284,39.989
1.305,39.989
1.325,39.989
1.346,39.989
1.367,39.989
1.388,39.989
1.408,39.988
1.429,39.988
1.45,39.988
1.471,39.988
1.491,39.988
1.512,39.988
1.533,39.987
1.554,39.987
1.574,39.987
1.595,39.987
1.616,39.987
1.637,39.987
3.172,39.975
3.193,39.975
3.214,39.975
3.234,39.974
3.255,39.974
3.276,39.974
3.296,39.974
3.317,39.974
3.338,39.974
3.359,39.973
3.379,39.973
3.4,39.973
3.421,39.973
3.442,39.973
3.462,39.973
3.483,39.973
3.504,39.972
3.525,39.972
3.545,39.972
3.566,39.972
3.587,39.972
1.125,39.974
1.146,39.974
1.166,39.973
1.187,39.973
1.208,39.973
1.229,39.973
1.249,39.973
1.27,39.973
1.291,39.973
1.312,39.972
1.332,39.972
1.353,39.972
1.374,39.972
1.395,39.972
1.415,39.972
1.436,39.971
1.457,39.971
1.478,39.971
1.498,39.971
1.519,39.971
1.54,39.971
1.561,39.97
1.581,39.97
1.602,39.97
1.623,39.97
1.644,39.97
3.165,39.958
3.186,39.958
3.207,39.958
3.227,39.958
3.248,39.958
3.269,39.957
3.29,39.957
3.31,39.957
3.331,39.957
3.352,39.957
3.373,39.957
3.393,39.956
3.414,39.956
3.435,39.956
3.456,39.956
3.476,39.956
3.497,39.956
3.518,39.955
3.539,39.955
3.559,39.955
3.58,39.955
1.118,39.957
1.139,39.957
1.159,39.957
1.18,39.957
1.201,39.956
1.222,39.956
1.242,39.956
1.263,39.956
1.284,39.956
1.305,39.956
1.325,39.955
1.346,39.955
1.367,39.955
1.388,39.955
1.408,39.955
1.429,39.955
1.45,39.955
1.471,39.954
1.491,39.954
1.512,39.954
1.533,39.954
1.554,39.954
1.574,39.954
1.595,39.953
1.616,39.953
1.637,39.953
3.13,39.942
3.151,39.941
3.172,39.941
3.193,39.941
3.213,39.941
3.234,39.941
3.255,39.941
3.276,39.941
3.296,39.94
3.317,39.94
3.338,39.94
3.359,39.94
3.379,39.94
3.4,39.94
3.421,39.939
3.442,39.939
3.462,39.939
3.483,39.939
3.504,39.939
3.525,39.939
3.545,39.938
3.566,39.938
1.104,39.94
1.125,39.94
1.145,39.94
1.166,39.94
1.187,39.94
1.208,39.94
1.228,39.939
1.249,39.939
1.27,39.939
1.291,39.939
1.311,39.939
1.332,39.939
1.353,39.938
1.374,39.938
1.394,39.938
1.415,39.938
1.436,39.938
1.457,39.938
1.477,39.938
1.498,39.937
1.519,39.937
1.54,39.937
1.56,39.937
1.581,39.937
1.602,39.937
1.623,39.936
1.643,39.936
3.117,39.925
3.137,39.925
3.158,39.925
3.179,39.924
3.2,39.924
3.22,39.924
3.241,39.924
3.262,39.924
3.283,39.924
3.303,39.924
3.324,39.923
3.345,39.923
3.366,39.923
3.386,39.923
3.407,39.923
3.428,39.923
3.449,39.922
3.469,39.922
3.49,39.922
3.511,39.922
3.532,39.922
3.552,39.922
1.097,39.924
1.118,39.923
1.139,39.923
1.159,39.923
1.18,39.923
1.201,39.923
1.222,39.923
1.242,39.923
1.263,39.922
1.284,39.922
1.305,39.922
1.325,39.922
1.346,39.922
1.367,39.922
1.388,39.921
1.408,39.921
1.429,39.921
1.45,39.921
1.471,39.921
1.491,39.921
1.512,39.92
1.533,39.92
1.554,39.92
1.574,39.92
1.595,39.92
1.616,39.92
1.637,39.92
3.103,39.908
3.124,39.908
3.144,39.908
3.165,39.908
3.186,39.908
3.207,39.907
3.227,39.907
3.248,39.907
3.269,39.907
3.289,39.907
3.31,39.907
3.331,39.907
3.352,39.906
3.372,39.906
3.393,39.906
3.414,39.906
3.435,39.906
3.455,39.906
3.476,39.905
3.497,39.905
3.518,39.905
3.538,39.905
1.09,39.907
1.111,39.907
1.132,39.907
1.152,39.906
1.173,39.906
1.194,39.906
1.215,39.906
1.235,39.906
1.256,39.906
1.277,39.905
1.298,39.905
1.318,39.905
1.339,39.905
1.36,39.905
1.381,39.905
1.401,39.905
1.422,39.904
1.443,39.904
1.464,39.904
1.484,39.904
1.505,39.904
1.526,39.904
1.547,39.903
1.567,39.903
1.588,39.903
1.609,39.903
1.63,39.903
3.082,39.892
3.103,39.891
3.123,39.891
3.144,39.891
3.165,39.891
3.186,39.891
3.206,39.891
3.227,39.891
3.248,39.89
3.269,39.89
3.289,39.89
3.31,39.89
3.331,39.89
3.352,39.89
3.372,39.889
3.393,39.889
3.414,39.889
3.435,39.889
3.455,39.889
3.476,39.889
3.497,39.888
3.518,39.888
3.538,39.888
1.097,39.89
1.118,39.89
1.139,39.89
1.159,39.89
1.18,39.889
1.201,39.889
1.222,39.889
1.242,39.889
1.263,39.889
1.284,39.889
1.305,39.888
1.325,39.888
1.346,39.888
1.367,39.888
1.387,39.888
1.408,39.888
1.429,39.888
1.45,39.887
1.47,39.887
1.491,39.887
1.512,39.887
1.533,39.887
1.553,39.887
1.574,39.886
1.595,39.886
1.616,39.886
1.636,39.886
3.075,39.875
3.096,39.875
3.117,39.875
3.137,39.874
3.158,39.874
3.179,39.874
3.2,39.874
3.22,39.874
3.241,39.874
3.262,39.873
3.283,39.873
3.303,39.873
3.324,39.873
3.345,39.873
3.366,39.873
3.386,39.873
3.407,39.872
3.428,39.872
3.449,39.872
3.469,39.872
3.49,39.872
3.511,39.872
3.532,39.871
1.097,39.873
1.118,39.873
1.138,39.873
1.159,39.873
1.18,39.873
1.201,39.872
1.221,39.872
1.242,39.872
1.263,39.872
1.284,39.872
1.304,39.872
1.325,39.872
1.346,39.871
1.367,39.871
1.387,39.871
1.408,39.871
1.429,39.871
1.45,39.871
1.47,39.87
1.491,39.87
1.512,39.87
1.533,39.87
1.553,39.87
1.574,39.87
1.595,39.869
1.616,39.869
1.636,39.869
3.068,39.858
3.089,39.858
3.11,39.858
3.13,39.858
3.151,39.858
3.172,39.857
3.193,39.857
3.213,39.857
3.234,39.857
3.255,39.857
3.276,39.857
3.296,39.856
3.317,39.856
3.338,39.856
3.359,39.856
3.379,39.856
3.4,39.856
3.421,39.855
3.442,39.855
3.462,39.855
3.483,39.855
3.504,39.855
3.525,39.855
1.09,39.857
1.111,39.856
1.132,39.856
1.152,39.856
1.173,39.856
1.194,39.856
1.215,39.856
1.235,39.855
1.256,39.855
1.277,39.855
1.298,39.855
1.318,39.855
1.339,39.855
1.36,39.854
1.381,39.854
1.401,39.854
1.422,39.854
1.443,39.854
1.464,39.854
1.484,39.854
1.505,39.853
1.526,39.853
1.547,39.853
1.567,39.853
1.588,39.853
1.609,39.853
1.63,39.852
3.006,39.842
3.027,39.842
3.047,39.842
3.068,39.841
3.089,39.841
3.11,39.841
3.13,39.841
3.151,39.841
3.172,39.841
3.193,39.84
3.213,39.84
3.234,39.84
3.255,39.84
3.276,39.84
3.296,39.84
3.317,39.839
3.338,39.839
3.359,39.839
3.379,39.839
3.4,39.839
3.421,39.839
3.442,39.839
3.462,39.838
3.483,39.838
3.504,39.838
3.525,39.838
1.09,39.84
1.111,39.84
1.132,39.839
1.152,39.839
1.173,39.839
1.194,39.839
1.215,39.839
1.235,39.839
1.256,39.838
1.277,39.838
1.298,39.838
1.318,39.838
1.339,39.838
1.36,39.838
1.381,39.838
1.401,39.837
1.422,39.837
1.443,39.837
1.464,39.837
1.484,39.837
1.505,39.837
1.526,39.836
1.547,39.836
1.567,39.836
1.588,39.836
1.609,39.836
1.629,39.836
2.971,39.825
2.992,39.825
3.013,39.825
3.033,39.825
3.054,39.825
3.075,39.825
3.096,39.824
3.116,39.824
3.137,39.824
3.158,39.824
3.179,39.824
3.199,39.824
3.22,39.823
3.241,39.823
3.262,39.823
3.282,39.823
3.303,39.823
3.324,39.823
3.345,39.822
3.365,39.822
3.386,39.822
3.407,39.822
3.428,39.822
3.448,39.822
3.469,39.822
3.49,39.821
3.511,39.821
1.09,39.823
1.111,39.823
1.132,39.823
1.152,39.822
1.173,39.822
1.194,39.822
1.215,39.822
1.235,39.822
1.256,39.822
1.277,39.822
1.297,39.821
1.318,39.821
1.339,39.821
1.36,39.821
1.38,39.821
1.401,39.821
1.422,39.82
1.443,39.82
1.463,39.82
1.484,39.82
1.505,39.82
1.526,39.82
1.546,39.819
1.567,39.819
1.588,39.819
1.609,39.819
1.629,39.819
2.902,39.809
2.923,39.809
2.944,39.809
2.964,39.809
2.985,39.808
3.006,39.808
3.027,39.808
3.047,39.808
3.068,39.808
3.089,39.808
3.11,39.807
3.13,39.807
3.151,39.807
3.172,39.807
3.193,39.807
3.213,39.807
3.234,39.807
3.255,39.806
3.276,39.806
3.296,39.806
3.317,39.806
3.338,39.806
3.359,39.806
3.379,39.805
3.4,39.805
3.421,39.805
3.442,39.805
3.462,39.805
3.483,39.805
3.504,39.804
1.083,39.806
1.104,39.806
1.125,39.806
1.145,39.806
1.166,39.806
1.187,39.805
1.208,39.805
1.228,39.805
1.249,39.805
1.27,39.805
1.291,39.805
1.311,39.804
1.332,39.804
1.353,39.804
1.374,39.804
1.394,39.804
1.415,39.804
1.436,39.804
1.457,39.803
1.477,39.803
1.498,39.803
1.519,39.803
1.54,39.803
1.56,39.803
1.581,39.802
1.602,39.802
1.623,39.802
1.643,39.802
2.874,39.793
2.895,39.792
2.916,39.792
2.937,39.792
2.957,39.792
2.978,39.792
2.999,39.792
3.02,39.791
3.04,39.791
3.061,39.791
3.082,39.791
3.103,39.791
3.123,39.791
3.144,39.79
3.165,39.79
3.186,39.79
3.206,39.79
3.227,39.79
3.248,39.79
3.269,39.789
3.289,39.789
3.31,39.789
3.331,39.789
3.352,39.789
3.372,39.789
3.393,39.789
3.414,39.788
3.435,39.788
3.455,39.788
3.476,39.788
3.497,39.788
1.076,39.789
1.097,39.789
1.118,39.789
1.138,39.789
1.159,39.789
1.18,39.789
1.201,39.789
1.221,39.788
1.242,39.788
1.263,39.788
1.284,39.788
1.304,39.788
1.325,39.788
1.346,39.787
1.367,39.787
1.387,39.787
1.408,39.787
1.429,39.787
1.45,39.787
1.47,39.786
1.491,39.786
1.512,39.786
1.533,39.786
1.553,39.786
1.574,39.786
1.636,39.785
2.75,39.777
2.771,39.777
2.791,39.776
2.812,39.776
2.833,39.776
2.854,39.776
2.874,39.776
2.895,39.776
2.916,39.775
2.937,39.775
2.957,39.775
2.978,39.775
2.999,39.775
3.02,39.775
3.04,39.774
3.061,39.774
3.082,39.774
3.103,39.774
3.123,39.774
3.144,39.774
3.165,39.773
3.186,39.773
3.206,39.773
3.227,39.773
3.248,39.773
3.269,39.773
3.289,39.773
3.31,39.772
3.331,39.772
3.352,39.772
3.372,39.772
3.393,39.772
3.414,39.772
3.435,39.771
3.455,39.771
3.476,39.771
3.497,39.771
1.076,39.773
1.097,39.773
1.118,39.772
1.138,39.772
1.159,39.772
1.18,39.772
1.201,39.772
1.221,39.772
1.242,39.771
1.263,39.771
1.284,39.771
1.304,39.771
1.325,39.771
1.346,39.771
1.367,39.77
1.387,39.77
1.408,39.77
1.429,39.77
1.45,39.77
1.47,39.77
1.491,39.77
1.512,39.769
1.533,39.769
1.553,39.769
1.574,39.769
2.722,39.76
2.743,39.76
2.764,39.76
2.784,39.76
2.805,39.759
2.826,39.759
2.847,39.759
2.867,39.759
2.888,39.759
2.909,39.759
2.93,39.758
2.95,39.758
2.971,39.758
2.992,39.758
3.013,39.758
3.033,39.758
3.054,39.758
3.075,39.757
3.096,39.757
3.116,39.757
3.137,39.757
3.158,39.757
3.179,39.757
3.199,39.756
3.22,39.756
3.241,39.756
3.262,39.756
3.282,39.756
3.303,39.756
3.324,39.755
3.345,39.755
3.365,39.755
3.386,39.755
3.407,39.755
3.428,39.755
3.448,39.755
3.469,39.754
3.49,39.754
1.076,39.756
1.097,39.756
1.118,39.756
1.138,39.755
1.159,39.755
1.18,39.755
1.201,39.755
1.221,39.755
1.242,39.755
1.263,39.754
1.284,39.754
1.304,39.754
1.325,39.754
1.346,39.754
1.367,39.754
1.387,39.754
1.408,39.753
1.429,39.753
1.45,39.753
1.47,39.753
1.491,39.753
1.512,39.753
1.533,39.752
1.553,39.752
1.574,39.752
2.701,39.743
2.722,39.743
2.743,39.743
2.764,39.743
2.784,39.743
2.805,39.743
2.826,39.742
2.847,39.742
2.867,39.742
2.888,39.742
2.909,39.742
2.93,39.742
2.95,39.742
2.971,39.741
2.992,39.741
3.013,39.741
3.033,39.741
3.054,39.741
3.075,39.741
3.096,39.74
3.116,39.74
3.137,39.74
3.158,39.74
3.179,39.74
3.199,39.74
3.22,39.739
3.241,39.739
3.262,39.739
3.282,39.739
3.303,39.739
3.324,39.739
3.345,39.739
3.365,39.738
3.386,39.738
3.407,39.738
3.428,39.738
3.448,39.738
3.469,39.738
1.069,39.739
1.09,39.739
1.111,39.739
1.131,39.739
1.152,39.739
1.173,39.738
1.194,39.738
1.214,39.738
1.235,39.738
1.256,39.738
1.277,39.738
1.297,39.737
1.318,39.737
1.339,39.737
1.36,39.737
1.38,39.737
1.401,39.737
1.422,39.736
1.443,39.736
1.463,39.736
1.484,39.736
1.505,39.736
1.526,39.736
1.546,39.736
1.567,39.735
2.694,39.727
2.715,39.727
2.736,39.726
2.757,39.726
2.777,39.726
2.798,39.726
2.819,39.726
2.84,39.726
2.86,39.725
2.881,39.725
2.902,39.725
2.923,39.725
2.943,39.725
2.964,39.725
2.985,39.724
3.006,39.724
3.026,39.724
3.047,39.724
3.068,39.724
3.089,39.724
3.109,39.724
3.13,39.723
3.151,39.723
3.172,39.723
3.192,39.723
3.213,39.723
3.234,39.723
3.255,39.722
3.275,39.722
3.296,39.722
3.317,39.722
3.338,39.722
3.358,39.722
3.379,39.721
3.4,39.721
3.421,39.721
3.441,39.721
3.462,39.721
1.041,39.723
1.062,39.722
1.083,39.722
1.104,39.722
1.124,39.722
1.145,39.722
1.166,39.722
1.187,39.721
1.207,39.721
1.228,39.721
1.249,39.721
1.27,39.721
1.29,39.721
1.311,39.721
1.332,39.72
1.353,39.72
1.373,39.72
1.394,39.72
1.415,39.72
1.436,39.72
1.456,39.719
1.477,39.719
1.498,39.719
1.519,39.719
1.539,39.719
1.56,39.719
2.667,39.71
2.688,39.71
2.708,39.71
2.729,39.71
2.75,39.71
2.771,39.709
2.791,39.709
2.812,39.709
2.833,39.709
2.854,39.709
2.874,39.709
2.895,39.708
2.916,39.708
2.937,39.708
2.957,39.708
2.978,39.708
2.999,39.708
3.02,39.707
3.04,39.707
3.061,39.707
3.082,39.707
3.102,39.707
3.123,39.707
3.144,39.706
3.165,39.706
3.185,39.706
3.206,39.706
3.227,39.706
3.248,39.706
3.268,39.706
3.289,39.705
3.31,39.705
3.331,39.705
3.351,39.705
3.372,39.705
3.393,39.705
3.414,39.704
3.434,39.704
1.028,39.706
1.048,39.706
1.069,39.706
1.09,39.705
1.111,39.705
1.131,39.705
1.152,39.705
1.173,39.705
1.194,39.705
1.214,39.704
1.235,39.704
1.256,39.704
1.277,39.704
1.297,39.704
1.318,39.704
1.339,39.704
1.36,39.703
1.38,39.703
1.401,39.703
1.422,39.703
1.443,39.703
1.463,39.703
1.484,39.702
1.505,39.702
1.526,39.702
1.546,39.702
2.653,39.693
2.674,39.693
2.694,39.693
2.715,39.693
2.736,39.693
2.757,39.693
2.777,39.692
2.798,39.692
2.819,39.692
2.84,39.692
2.86,39.692
2.881,39.692
2.902,39.692
2.923,39.691
2.943,39.691
2.964,39.691
2.985,39.691
3.006,39.691
3.026,39.691
3.047,39.69
3.068,39.69
3.089,39.69
3.109,39.69
3.13,39.69
3.151,39.69
3.172,39.689
3.192,39.689
3.213,39.689
3.234,39.689
3.255,39.689
3.275,39.689
3.296,39.689
3.317,39.688
3.338,39.688
3.358,39.688
3.379,39.688
3.4,39.688
3.421,39.688
1.021,39.689
1.041,39.689
1.062,39.689
1.083,39.689
1.104,39.689
1.124,39.688
1.145,39.688
1.166,39.688
1.187,39.688
1.207,39.688
1.228,39.688
1.249,39.687
1.27,39.687
1.29,39.687
1.311,39.687
1.332,39.687
1.353,39.687
1.373,39.686
1.394,39.686
1.415,39.686
1.436,39.686
1.456,39.686
1.477,39.686
1.498,39.686
1.519,39.685
1.539,39.685
1.56,39.685
2.66,39.677
2.681,39.676
2.701,39.676
2.722,39.676
2.743,39.676
2.764,39.676
2.784,39.676
2.805,39.675
2.826,39.675
2.847,39.675
2.867,39.675
2.888,39.675
2.909,39.675
2.93,39.675
2.95,39.674
2.971,39.674
2.992,39.674
3.013,39.674
3.033,39.674
3.054,39.674
3.075,39.673
3.096,39.673
3.116,39.673
3.137,39.673
3.158,39.673
3.179,39.673
3.199,39.672
3.22,39.672
3.241,39.672
3.262,39.672
3.282,39.672
3.303,39.672
3.324,39.672
3.345,39.671
3.365,39.671
3.386,39.671
3.407,39.671
3.428,39.671
1.041,39.672
1.062,39.672
1.083,39.672
1.104,39.672
1.124,39.672
1.145,39.671
1.166,39.671
1.187,39.671
1.207,39.671
1.228,39.671
1.249,39.671
1.27,39.67
1.29,39.67
1.311,39.67
1.332,39.67
1.353,39.67
1.373,39.67
1.394,39.67
1.415,39.669
1.436,39.669
1.456,39.669
1.477,39.669
1.498,39.669
1.519,39.669
1.539,39.668
1.56,39.668
2.653,39.66
2.674,39.66
2.694,39.66
2.715,39.659
2.736,39.659
2.757,39.659
2.777,39.659
2.798,39.659
2.819,39.659
2.84,39.658
2.86,39.658
2.881,39.658
2.902,39.658
2.923,39.658
2.943,39.658
2.964,39.657
2.985,39.657
3.006,39.657
3.026,39.657
3.047,39.657
3.068,39.657
3.089,39.657
3.109,39.656
3.13,39.656
3.151,39.656
3.172,39.656
3.192,39.656
3.213,39.656
3.234,39.655
3.255,39.655
3.275,39.655
3.296,39.655
3.317,39.655
3.338,39.655
3.358,39.654
3.379,39.654
3.4,39.654
1.048,39.655
1.069,39.655
1.09,39.655
1.111,39.655
1.131,39.655
1.152,39.655
1.173,39.654
1.194,39.654
1.214,39.654
1.235,39.654
1.256,39.654
1.277,39.654
1.297,39.653
1.318,39.653
1.339,39.653
1.36,39.653
1.38,39.653
1.401,39.653
1.422,39.653
1.443,39.652
1.463,39.652
1.484,39.652
1.505,39.652
1.526,39.652
1.546,39.652
2.639,39.643
2.66,39.643
2.681,39.643
2.701,39.643
2.722,39.643
2.743,39.642
2.764,39.642
2.784,39.642
2.805,39.642
2.826,39.642
2.847,39.642
2.867,39.641
2.888,39.641
2.909,39.641
2.93,39.641
2.95,39.641
2.971,39.641
2.992,39.64
3.012,39.64
3.033,39.64
3.054,39.64
3.075,39.64
3.095,39.64
3.116,39.64
3.137,39.639
3.158,39.639
3.178,39.639
3.199,39.639
3.22,39.639
3.241,39.639
3.261,39.638
3.282,39.638
3.303,39.638
3.324,39.638
3.344,39.638
3.365,39.638
1.041,39.639
1.062,39.638
1.083,39.638
1.104,39.638
1.124,39.638
1.145,39.638
1.166,39.638
1.187,39.638
1.207,39.637
1.228,39.637
1.249,39.637
1.27,39.637
1.29,39.637
1.311,39.637
1.332,39.636
1.353,39.636
1.373,39.636
1.394,39.636
1.415,39.636
1.436,39.636
1.456,39.635
1.477,39.635
1.498,39.635
1.519,39.635
1.539,39.635
2.625,39.627
2.646,39.626
2.667,39.626
2.687,39.626
2.708,39.626
2.729,39.626
2.75,39.626
2.77,39.625
2.791,39.625
2.812,39.625
2.833,39.625
2.853,39.625
2.874,39.625
2.895,39.624
2.916,39.624
2.936,39.624
2.957,39.624
2.978,39.624
2.999,39.624
3.019,39.623
3.04,39.623
3.061,39.623
3.082,39.623
3.102,39.623
3.123,39.623
3.144,39.623
3.165,39.622
3.185,39.622
3.206,39.622
3.227,39.622
3.248,39.622
3.268,39.622
3.289,39.621
3.31,39.621
0.806,39.624
1.062,39.622
1.083,39.622
1.104,39.621
1.124,39.621
1.145,39.621
1.166,39.621
1.187,39.621
1.207,39.621
1.228,39.62
1.249,39.62
1.27,39.62
1.29,39.62
1.311,39.62
1.332,39.62
1.353,39.619
1.373,39.619
1.394,39.619
1.415,39.619
1.436,39.619
1.456,39.619
1.477,39.618
1.498,39.618
1.519,39.618
1.539,39.618
2.611,39.61
2.632,39.61
2.653,39.609
2.674,39.609
2.694,39.609
2.715,39.609
2.736,39.609
2.757,39.609
2.777,39.609
2.798,39.608
2.819,39.608
2.84,39.608
2.86,39.608
2.881,39.608
2.902,39.608
2.923,39.607
2.943,39.607
2.964,39.607
2.985,39.607
3.006,39.607
3.026,39.607
3.047,39.606
3.068,39.606
3.089,39.606
3.109,39.606
3.13,39.606
3.151,39.606
3.172,39.606
3.192,39.605
3.213,39.605
3.234,39.605
3.255,39.605
3.275,39.605
0.785,39.607
1.062,39.605
1.083,39.605
1.104,39.605
1.124,39.604
1.145,39.604
1.166,39.604
1.187,39.604
1.207,39.604
1.228,39.604
1.249,39.603
1.27,39.603
1.29,39.603
1.311,39.603
1.332,39.603
1.353,39.603
1.373,39.603
1.394,39.602
1.415,39.602
1.436,39.602
1.456,39.602
1.477,39.602
1.498,39.602
1.519,39.601
1.539,39.601
2.57,39.593
2.591,39.593
2.611,39.593
2.632,39.593
2.653,39.593
2.674,39.593
2.694,39.592
2.715,39.592
2.736,39.592
2.757,39.592
2.777,39.592
2.798,39.592
2.819,39.591
2.84,39.591
2.86,39.591
2.881,39.591
2.902,39.591
2.923,39.591
2.943,39.59
2.964,39.59
2.985,39.59
3.006,39.59
3.026,39.59
3.047,39.59
3.068,39.59
3.089,39.589
3.109,39.589
3.13,39.589
3.151,39.589
3.172,39.589
3.192,39.589
3.213,39.588
3.234,39.588
3.255,39.588
3.275,39.588
0.772,39.59
1.076,39.588
1.097,39.588
1.117,39.588
1.138,39.588
1.159,39.587
1.18,39.587
1.2,39.587
1.221,39.587
1.242,39.587
1.263,39.587
1.283,39.586
1.304,39.586
1.325,39.586
1.346,39.586
1.366,39.586
1.387,39.586
1.408,39.585
1.429,39.585
1.449,39.585
1.47,39.585
1.491,39.585
1.512,39.585
1.532,39.584
1.553,39.584
2.549,39.577
2.57,39.577
2.591,39.576
2.611,39.576
2.632,39.576
2.653,39.576
2.674,39.576
2.694,39.576
2.715,39.575
2.736,39.575
2.757,39.575
2.777,39.575
2.798,39.575
2.819,39.575
2.84,39.574
2.86,39.574
2.881,39.574
2.902,39.574
2.923,39.574
2.943,39.574
2.964,39.574
2.985,39.573
3.005,39.573
3.026,39.573
3.047,39.573
3.068,39.573
3.088,39.573
3.109,39.572
3.13,39.572
3.151,39.572
3.171,39.572
3.192,39.572
3.213,39.572
3.234,39.571
3.254,39.571
3.51,39.569
1.069,39.571
1.09,39.571
1.11,39.571
1.131,39.571
1.152,39.571
1.173,39.57
1.193,39.57
1.214,39.57
1.235,39.57
1.256,39.57
1.276,39.57
1.297,39.57
1.318,39.569
1.339,39.569
1.359,39.569
1.38,39.569
1.401,39.569
1.422,39.569
1.442,39.568
1.463,39.568
1.484,39.568
1.505,39.568
1.525,39.568
1.546,39.568
2.514,39.56
2.535,39.56
2.556,39.56
2.577,39.56
2.597,39.56
2.618,39.559
2.639,39.559
2.66,39.559
2.68,39.559
2.701,39.559
2.722,39.559
2.743,39.558
2.763,39.558
2.784,39.558
2.805,39.558
2.826,39.558
2.846,39.558
2.867,39.557
2.888,39.557
2.909,39.557
2.929,39.557
2.95,39.557
2.971,39.557
2.992,39.557
3.012,39.556
3.033,39.556
3.054,39.556
3.075,39.556
3.095,39.556
3.116,39.556
3.137,39.555
3.158,39.555
3.178,39.555
3.199,39.555
3.22,39.555
3.241,39.555
3.261,39.554
1.076,39.554
1.097,39.554
1.117,39.554
1.138,39.554
1.159,39.554
1.18,39.554
1.2,39.553
1.221,39.553
1.242,39.553
1.263,39.553
1.283,39.553
1.304,39.553
1.325,39.553
1.346,39.552
1.366,39.552
1.387,39.552
1.408,39.552
1.429,39.552
1.449,39.552
1.47,39.551
1.491,39.551
1.512,39.551
1.532,39.551
1.553,39.551
2.452,39.544
2.473,39.544
2.494,39.544
2.514,39.543
2.535,39.543
2.556,39.543
2.577,39.543
2.597,39.543
2.618,39.543
2.639,39.542
2.66,39.542
2.68,39.542
2.701,39.542
2.722,39.542
2.743,39.542
2.763,39.541
2.784,39.541
2.805,39.541
2.826,39.541
2.846,39.541
2.867,39.541
2.888,39.541
2.909,39.54
2.929,39.54
2.95,39.54
2.971,39.54
2.992,39.54
3.012,39.54
3.033,39.539
3.054,39.539
3.075,39.539
3.095,39.539
3.116,39.539
3.137,39.539
3.158,39.538
3.178,39.538
3.199,39.538
3.22,39.538
3.241,39.538
3.261,39.538
3.282,39.538
3.303,39.537
3.324,39.537
3.344,39.537
0.716,39.54
1.09,39.538
1.11,39.537
1.131,39.537
1.152,39.537
1.173,39.537
1.193,39.537
1.214,39.537
1.235,39.536
1.256,39.536
1.276,39.536
1.297,39.536
1.318,39.536
1.339,39.536
1.359,39.535
1.38,39.535
1.401,39.535
1.422,39.535
1.442,39.535
1.463,39.535
1.484,39.534
1.505,39.534
1.525,39.534
1.546,39.534
2.418,39.527
2.438,39.527
2.459,39.527
2.48,39.527
2.501,39.527
2.521,39.527
2.542,39.526
2.563,39.526
2.584,39.526
2.604,39.526
2.625,39.526
2.646,39.526
2.667,39.525
2.687,39.525
2.708,39.525
2.729,39.525
2.75,39.525
2.77,39.525
2.791,39.524
2.812,39.524
2.833,39.524
2.888,39.524
2.909,39.524
2.929,39.523
2.95,39.523
2.971,39.523
2.992,39.523
3.012,39.523
3.033,39.523
3.054,39.522
3.075,39.522
3.095,39.522
3.116,39.522
3.137,39.522
3.158,39.522
3.178,39.522
3.199,39.521
3.22,39.521
3.241,39.521
3.261,39.521
3.282,39.521
3.303,39.521
3.324,39.52
3.344,39.52
1.097,39.521
1.117,39.521
1.138,39.52
1.159,39.52
1.18,39.52
1.2,39.52
1.221,39.52
1.242,39.52
1.263,39.519
1.283,39.519
1.304,39.519
1.325,39.519
1.346,39.519
1.366,39.519
1.387,39.518
1.408,39.518
1.429,39.518
1.449,39.518
1.47,39.518
1.491,39.518
1.512,39.517
1.532,39.517
1.553,39.517
2.39,39.511
2.411,39.511
2.431,39.51
2.452,39.51
2.473,39.51
2.494,39.51
2.514,39.51
2.535,39.51
2.556,39.509
2.577,39.509
2.597,39.509
2.618,39.509
2.639,39.509
2.66,39.509
2.68,39.509
2.701,39.508
2.722,39.508
2.743,39.508
2.763,39.508
2.784,39.508
2.805,39.508
2.922,39.507
2.943,39.507
2.964,39.506
2.985,39.506
3.005,39.506
3.026,39.506
3.047,39.506
3.068,39.506
3.088,39.505
3.109,39.505
3.13,39.505
3.151,39.505
3.171,39.505
3.192,39.505
3.213,39.504
3.234,39.504
1.103,39.504
1.124,39.504
1.145,39.504
1.166,39.503
1.186,39.503
1.207,39.503
1.228,39.503
1.249,39.503
1.269,39.503
1.29,39.502
1.311,39.502
1.332,39.502
1.352,39.502
1.373,39.502
1.394,39.502
1.415,39.501
1.435,39.501
1.456,39.501
1.477,39.501
1.498,39.501
1.518,39.501
1.539,39.5
1.56,39.5
2.362,39.494
2.383,39.494
2.404,39.494
2.424,39.494
2.445,39.494
2.466,39.493
2.487,39.493
2.507,39.493
2.528,39.493
2.549,39.493
2.57,39.493
2.59,39.492
2.611,39.492
2.632,39.492
2.653,39.492
2.673,39.492
2.694,39.492
2.715,39.491
2.736,39.491
2.756,39.491
2.777,39.491
2.798,39.491
2.957,39.49
2.978,39.489
2.998,39.489
3.019,39.489
3.04,39.489
3.061,39.489
3.081,39.489
3.102,39.489
3.123,39.488
3.144,39.488
3.164,39.488
3.185,39.488
3.206,39.488
1.096,39.487
1.117,39.487
1.138,39.487
1.159,39.487
1.179,39.486
1.2,39.486
1.221,39.486
1.242,39.486
1.262,39.486
1.283,39.486
1.304,39.485
1.325,39.485
1.345,39.485
1.366,39.485
1.387,39.485
1.408,39.485
1.428,39.485
1.449,39.484
1.47,39.484
1.491,39.484
1.511,39.484
1.532,39.484
1.553,39.484
1.574,39.483
1.594,39.483
2.355,39.477
2.376,39.477
2.397,39.477
2.417,39.477
2.438,39.477
2.459,39.477
2.48,39.476
2.5,39.476
2.521,39.476
2.542,39.476
2.563,39.476
2.583,39.476
2.604,39.476
2.625,39.475
2.646,39.475
2.666,39.475
2.687,39.475
2.708,39.475
2.729,39.475
2.749,39.474
2.77,39.474
2.978,39.473
2.998,39.473
3.019,39.472
3.04,39.472
3.061,39.472
3.081,39.472
3.102,39.472
3.123,39.472
3.144,39.471
3.164,39.471
3.185,39.471
3.206,39.471
1.11,39.47
1.131,39.47
1.152,39.47
1.173,39.47
1.193,39.47
1.214,39.469
1.235,39.469
1.256,39.469
1.276,39.469
1.297,39.469
1.318,39.469
1.339,39.468
1.359,39.468
1.38,39.468
1.401,39.468
1.422,39.468
1.442,39.468
1.463,39.467
1.484,39.467
1.505,39.467
1.525,39.467
1.546,39.467
1.567,39.467
1.588,39.467
1.608,39.466
2.341,39.461
2.362,39.461
2.383,39.46
2.404,39.46
2.424,39.46
2.445,39.46
2.466,39.46
2.487,39.46
2.507,39.459
2.528,39.459
2.549,39.459
2.57,39.459
2.59,39.459
2.611,39.459
2.632,39.459
2.653,39.458
2.673,39.458
2.694,39.458
2.715,39.458
2.736,39.458
2.756,39.458
2.978,39.456
2.998,39.456
3.019,39.456
3.04,39.455
3.061,39.455
3.081,39.455
3.102,39.455
3.123,39.455
3.144,39.455
3.164,39.454
3.185,39.454
3.206,39.454
1.103,39.453
1.124,39.453
1.145,39.453
1.166,39.453
1.186,39.453
1.207,39.453
1.228,39.452
1.249,39.452
1.269,39.452
1.29,39.452
1.311,39.452
1.332,39.452
1.352,39.452
1.373,39.451
1.394,39.451
1.415,39.451
1.435,39.451
1.456,39.451
1.477,39.451
1.498,39.45
1.518,39.45
1.539,39.45
1.56,39.45
1.581,39.45
1.601,39.45
1.622,39.449
2.328,39.444
2.348,39.444
2.369,39.444
2.39,39.444
2.411,39.443
2.431,39.443
2.452,39.443
2.473,39.443
2.494,39.443
2.514,39.443
2.535,39.442
2.556,39.442
2.577,39.442
2.597,39.442
2.618,39.442
2.639,39.442
2.66,39.442
2.68,39.441
2.701,39.441
2.722,39.441
2.985,39.439
3.005,39.439
3.026,39.439
3.047,39.439
3.068,39.438
3.088,39.438
3.109,39.438
3.13,39.438
3.151,39.438
3.171,39.438
3.192,39.437
3.213,39.437
1.096,39.437
1.117,39.437
1.138,39.436
1.159,39.436
1.179,39.436
1.2,39.436
1.221,39.436
1.242,39.436
1.262,39.435
1.283,39.435
1.304,39.435
1.325,39.435
1.345,39.435
1.366,39.435
1.387,39.434
1.408,39.434
1.428,39.434
1.449,39.434
1.47,39.434
1.491,39.434
1.511,39.434
1.532,39.433
1.553,39.433
1.574,39.433
1.594,39.433
1.615,39.433
1.636,39.433
1.657,39.432
2.328,39.427
2.348,39.427
2.369,39.427
2.39,39.427
2.411,39.427
2.431,39.426
2.452,39.426
2.473,39.426
2.494,39.426
2.514,39.426
2.535,39.426
2.556,39.426
2.576,39.425
2.597,39.425
2.618,39.425
2.639,39.425
2.659,39.425
2.68,39.425
2.701,39.424
2.722,39.424
3.005,39.422
3.026,39.422
3.047,39.422
3.068,39.422
3.088,39.421
3.109,39.421
3.13,39.421
3.151,39.421
3.171,39.421
3.192,39.421
3.213,39.421
1.089,39.42
1.11,39.42
1.131,39.42
1.152,39.42
1.172,39.419
1.193,39.419
1.214,39.419
1.235,39.419
1.255,39.419
1.276,39.419
1.297,39.418
1.318,39.418
1.338,39.418
1.359,39.418
1.38,39.418
1.401,39.418
1.421,39.417
1.442,39.417
1.463,39.417
1.484,39.417
1.504,39.417
1.525,39.417
1.546,39.416
1.567,39.416
1.587,39.416
1.608,39.416
1.629,39.416
1.65,39.416
2.307,39.411
2.327,39.411
2.348,39.41
2.369,39.41
2.39,39.41
2.41,39.41
2.431,39.41
2.452,39.41
2.473,39.409
2.493,39.409
2.514,39.409
2.535,39.409
2.556,39.409
2.576,39.409
2.597,39.408
2.618,39.408
2.639,39.408
2.659,39.408
2.68,39.408
2.998,39.405
3.019,39.405
3.04,39.405
3.061,39.405
3.081,39.405
3.102,39.405
3.123,39.404
3.144,39.404
3.164,39.404
3.185,39.404
3.206,39.404
1.083,39.403
1.103,39.403
1.124,39.403
1.145,39.403
1.166,39.403
1.186,39.402
1.207,39.402
1.228,39.402
1.249,39.402
1.269,39.402
1.29,39.402
1.311,39.401
1.332,39.401
1.352,39.401
1.373,39.401
1.394,39.401
1.415,39.401
1.435,39.401
1.456,39.4
1.477,39.4
1.498,39.4
1.518,39.4
1.539,39.4
1.56,39.4
1.581,39.399
1.601,39.399
1.622,39.399
1.643,39.399
1.664,39.399
2.314,39.394
2.334,39.394
2.355,39.393
2.376,39.393
2.397,39.393
2.417,39.393
2.438,39.393
2.459,39.393
2.48,39.393
2.5,39.392
2.521,39.392
2.542,39.392
2.563,39.392
2.583,39.392
2.604,39.392
2.625,39.391
2.646,39.391
2.666,39.391
3.033,39.388
3.054,39.388
3.074,39.388
3.095,39.388
3.116,39.388
3.137,39.388
3.157,39.387
3.178,39.387
1.062,39.387
1.083,39.386
1.103,39.386
1.124,39.386
1.145,39.386
1.166,39.386
1.186,39.386
1.207,39.385
1.228,39.385
1.249,39.385
1.269,39.385
1.29,39.385
1.311,39.385
1.332,39.385
1.352,39.384
1.373,39.384
1.394,39.384
1.415,39.384
1.435,39.384
1.456,39.384
1.477,39.383
1.498,39.383
1.518,39.383
1.539,39.383
1.56,39.383
1.58,39.383
1.601,39.382
1.622,39.382
1.643,39.382
1.663,39.382
1.684,39.382
2.314,39.377
2.334,39.377
2.355,39.377
2.376,39.377
2.397,39.376
2.417,39.376
2.438,39.376
2.459,39.376
2.48,39.376
2.5,39.376
2.521,39.375
2.542,39.375
2.563,39.375
2.583,39.375
2.604,39.375
2.625,39.375
2.646,39.374
3.088,39.371
3.109,39.371
3.13,39.371
1.055,39.37
1.076,39.37
1.096,39.37
1.117,39.369
1.138,39.369
1.159,39.369
1.179,39.369
1.2,39.369
1.221,39.369
1.242,39.368
1.262,39.368
1.283,39.368
1.304,39.368
1.325,39.368
1.345,39.368
1.366,39.367
1.387,39.367
1.408,39.367
1.428,39.367
1.449,39.367
1.47,39.367
1.491,39.367
1.511,39.366
1.532,39.366
1.553,39.366
1.574,39.366
1.594,39.366
1.615,39.366
1.636,39.365
1.657,39.365
1.677,39.365
1.698,39.365
2.314,39.36
2.334,39.36
2.355,39.36
2.376,39.36
2.397,39.36
2.417,39.359
2.438,39.359
2.459,39.359
2.48,39.359
2.5,39.359
2.521,39.359
2.542,39.358
2.563,39.358
2.583,39.358
2.604,39.358
2.625,39.358
2.646,39.358
1.062,39.353
1.082,39.353
1.103,39.353
1.124,39.353
1.145,39.352
1.165,39.352
1.186,39.352
1.207,39.352
1.228,39.352
1.248,39.352
1.269,39.351
1.29,39.351
1.311,39.351
1.331,39.351
1.352,39.351
1.373,39.351
1.394,39.35
1.414,39.35
1.435,39.35
1.456,39.35
1.477,39.35
1.497,39.35
1.518,39.35
1.539,39.349
1.56,39.349
1.58,39.349
1.601,39.349
1.622,39.349
1.643,39.349
1.663,39.348
1.684,39.348
1.705,39.348
2.293,39.344
2.314,39.343
2.334,39.343
2.355,39.343
2.376,39.343
2.397,39.343
2.417,39.343
2.438,39.342
2.459,39.342
2.48,39.342
2.5,39.342
2.521,39.342
2.542,39.342
2.563,39.342
2.583,39.341
2.604,39.341
2.625,39.341
1.048,39.336
1.069,39.336
1.089,39.336
1.11,39.336
1.131,39.336
1.152,39.336
1.172,39.335
1.193,39.335
1.214,39.335
1.235,39.335
1.255,39.335
1.276,39.335
1.297,39.334
1.318,39.334
1.338,39.334
1.359,39.334
1.38,39.334
1.401,39.334
1.421,39.333
1.442,39.333
1.463,39.333
1.484,39.333
1.504,39.333
1.525,39.333
1.546,39.333
1.567,39.332
1.587,39.332
1.608,39.332
1.629,39.332
1.65,39.332
1.67,39.332
1.691,39.331
1.712,39.331
1.733,39.331
2.307,39.327
2.327,39.327
2.348,39.326
2.369,39.326
2.39,39.326
2.41,39.326
2.431,39.326
2.452,39.326
2.473,39.325
2.493,39.325
2.514,39.325
2.535,39.325
2.556,39.325
2.576,39.325
2.597,39.324
1.034,39.32
1.055,39.319
1.076,39.319
1.096,39.319
1.117,39.319
1.138,39.319
1.159,39.319
1.179,39.319
1.2,39.318
1.221,39.318
1.242,39.318
1.262,39.318
1.283,39.318
1.304,39.318
1.325,39.317
1.345,39.317
1.366,39.317
1.387,39.317
1.408,39.317
1.428,39.317
1.449,39.316
1.47,39.316
1.49,39.316
1.511,39.316
1.532,39.316
1.553,39.316
1.573,39.316
1.594,39.315
1.615,39.315
1.636,39.315
1.656,39.315
1.677,39.315
1.698,39.315
1.719,39.314
1.739,39.314
1.76,39.314
2.286,39.31
2.307,39.31
2.327,39.31
2.348,39.31
2.369,39.309
2.39,39.309
2.41,39.309
2.431,39.309
2.452,39.309
2.473,39.309
2.493,39.308
2.514,39.308
2.535,39.308
2.556,39.308
2.576,39.308
2.597,39.308
1.034,39.303
1.055,39.303
1.076,39.303
1.096,39.302
1.117,39.302
1.138,39.302
1.159,39.302
1.179,39.302
1.2,39.302
1.221,39.301
1.241,39.301
1.262,39.301
1.283,39.301
1.304,39.301
1.324,39.301
1.345,39.3
1.366,39.3
1.387,39.3
1.407,39.3
1.428,39.3
1.449,39.3
1.47,39.3
1.49,39.299
1.511,39.299
1.532,39.299
1.553,39.299
1.573,39.299
1.594,39.299
1.615,39.298
1.636,39.298
1.656,39.298
1.677,39.298
1.698,39.298
1.719,39.298
1.739,39.297
1.76,39.297
1.781,39.297
2.286,39.293
2.307,39.293
2.327,39.293
2.348,39.293
2.369,39.293
2.39,39.292
2.41,39.292
2.431,39.292
2.452,39.292
2.473,39.292
2.493,39.292
2.514,39.292
2.535,39.291
2.556,39.291
2.576,39.291
2.597,39.291
1.027,39.286
1.048,39.286
1.069,39.286
1.089,39.286
1.11,39.285
1.131,39.285
1.152,39.285
1.172,39.285
1.193,39.285
1.214,39.285
1.235,39.285
1.255,39.284
1.276,39.284
1.297,39.284
1.318,39.284
1.338,39.284
1.359,39.284
1.38,39.283
1.401,39.283
1.421,39.283
1.442,39.283
1.463,39.283
1.484,39.283
1.504,39.282
1.525,39.282
1.546,39.282
1.567,39.282
1.587,39.282
1.608,39.282
1.629,39.282
1.65,39.281
1.67,39.281
1.691,39.281
1.712,39.281
1.733,39.281
1.753,39.281
1.774,39.28
1.795,39.28
2.265,39.277
2.286,39.276
2.307,39.276
2.327,39.276
2.348,39.276
2.369,39.276
2.39,39.276
2.41,39.276
2.431,39.275
2.452,39.275
2.473,39.275
2.493,39.275
2.514,39.275
2.535,39.275
2.556,39.274
2.576,39.274
2.597,39.274
1.027,39.269
1.048,39.269
1.069,39.269
1.089,39.269
1.11,39.269
1.131,39.269
1.152,39.268
1.172,39.268
1.193,39.268
1.214,39.268
1.235,39.268
1.255,39.268
1.276,39.267
1.297,39.267
1.318,39.267
1.338,39.267
1.359,39.267
1.38,39.267
1.401,39.266
1.421,39.266
1.442,39.266
1.463,39.266
1.484,39.266
1.504,39.266
1.525,39.266
1.546,39.265
1.567,39.265
1.587,39.265
1.608,39.265
1.629,39.265
1.65,39.265
1.67,39.264
1.691,39.264
1.712,39.264
1.733,39.264
1.753,39.264
1.774,39.264
1.795,39.263
1.815,39.263
2.272,39.26
2.293,39.26
2.313,39.259
2.334,39.259
2.355,39.259
2.376,39.259
2.396,39.259
2.417,39.259
2.438,39.259
2.459,39.258
2.479,39.258
2.5,39.258
2.521,39.258
2.542,39.258
2.562,39.258
2.583,39.257
1.013,39.253
1.034,39.252
1.055,39.252
1.075,39.252
1.096,39.252
1.117,39.252
1.138,39.252
1.158,39.252
1.179,39.251
1.2,39.251
1.221,39.251
1.241,39.251
1.262,39.251
1.283,39.251
1.304,39.25
1.324,39.25
1.345,39.25
1.366,39.25
1.387,39.25
1.407,39.25
1.428,39.249
1.449,39.249
1.47,39.249
1.49,39.249
1.511,39.249
1.532,39.249
1.553,39.249
1.573,39.248
1.594,39.248
1.615,39.248
1.636,39.248
1.656,39.248
1.677,39.248
1.698,39.247
1.719,39.247
1.739,39.247
1.76,39.247
1.781,39.247
1.802,39.247
1.822,39.246
2.265,39.243
2.286,39.243
2.307,39.243
2.327,39.243
2.348,39.242
2.369,39.242
2.39,39.242
2.41,39.242
2.431,39.242
2.452,39.242
2.473,39.241
2.493,39.241
2.514,39.241
2.535,39.241
2.556,39.241
2.576,39.241
1.006,39.236
1.027,39.236
1.048,39.236
1.069,39.235
1.089,39.235
1.11,39.235
1.131,39.235
1.151,39.235
1.172,39.235
1.193,39.234
1.214,39.234
1.234,39.234
1.255,39.234
1.276,39.234
1.297,39.234
1.317,39.234
1.338,39.233
1.359,39.233
1.38,39.233
1.4,39.233
1.421,39.233
1.442,39.233
1.463,39.232
1.483,39.232
1.504,39.232
1.525,39.232
1.546,39.232
1.566,39.232
1.587,39.231
1.608,39.231
1.629,39.231
1.649,39.231
1.67,39.231
1.691,39.231
1.712,39.231
1.732,39.23
1.753,39.23
1.774,39.23
1.795,39.23
1.815,39.23
1.836,39.23
2.265,39.226
2.286,39.226
2.307,39.226
2.327,39.226
2.348,39.226
2.369,39.225
2.389,39.225
2.41,39.225
2.431,39.225
2.452,39.225
2.472,39.225
2.493,39.225
2.514,39.224
2.535,39.224
2.555,39.224
0.972,39.219
0.992,39.219
1.013,39.219
1.034,39.219
1.055,39.219
1.075,39.219
1.096,39.218
1.117,39.218
1.138,39.218
1.158,39.218
1.179,39.218
1.2,39.218
1.221,39.217
1.241,39.217
1.262,39.217
1.283,39.217
1.304,39.217
1.324,39.217
1.345,39.217
1.366,39.216
1.387,39.216
1.407,39.216
1.428,39.216
1.449,39.216
1.47,39.216
1.49,39.215
1.511,39.215
1.532,39.215
1.553,39.215
1.573,39.215
1.594,39.215
1.615,39.214
1.636,39.214
1.656,39.214
1.677,39.214
1.698,39.214
1.719,39.214
1.739,39.214
1.76,39.213
1.781,39.213
1.802,39.213
1.822,39.213
1.843,39.213
2.251,39.21
2.272,39.209
2.293,39.209
2.313,39.209
2.334,39.209
2.355,39.209
2.376,39.209
2.396,39.208
2.417,39.208
2.438,39.208
2.459,39.208
2.479,39.208
2.5,39.208
2.521,39.208
2.542,39.207
2.562,39.207
0.979,39.203
0.999,39.202
1.02,39.202
1.041,39.202
1.062,39.202
1.082,39.202
1.103,39.202
1.124,39.201
1.145,39.201
1.165,39.201
1.186,39.201
1.207,39.201
1.228,39.201
1.248,39.2
1.269,39.2
1.29,39.2
1.311,39.2
1.331,39.2
1.352,39.2
1.373,39.2
1.394,39.199
1.414,39.199
1.435,39.199
1.456,39.199
1.477,39.199
1.497,39.199
1.518,39.198
1.539,39.198
1.56,39.198
1.58,39.198
1.601,39.198
1.622,39.198
1.643,39.197
1.663,39.197
1.684,39.197
1.705,39.197
1.725,39.197
1.746,39.197
1.767,39.197
1.788,39.196
1.808,39.196
1.829,39.196
1.85,39.196
2.244,39.193
2.265,39.193
2.286,39.193
2.306,39.192
2.327,39.192
2.348,39.192
2.369,39.192
2.389,39.192
2.41,39.192
2.431,39.191
2.452,39.191
2.472,39.191
2.493,39.191
2.514,39.191
2.535,39.191
2.555,39.19
0.972,39.186
0.992,39.186
1.013,39.185
1.034,39.185
1.055,39.185
1.075,39.185
1.096,39.185
1.117,39.185
1.138,39.185
1.158,39.184
1.179,39.184
1.2,39.184
1.221,39.184
1.241,39.184
1.262,39.184
1.283,39.183
1.304,39.183
1.324,39.183
1.345,39.183
1.366,39.183
1.387,39.183
1.407,39.182
1.428,39.182
1.449,39.182
1.47,39.182
1.49,39.182
1.511,39.182
1.532,39.182
1.553,39.181
1.573,39.181
1.594,39.181
1.615,39.181
1.636,39.181
1.656,39.181
1.677,39.18
1.698,39.18
1.719,39.18
1.739,39.18
1.76,39.18
1.781,39.18
1.802,39.179
1.822,39.179
1.843,39.179
1.864,39.179
2.244,39.176
2.265,39.176
2.286,39.176
2.306,39.176
2.327,39.175
2.348,39.175
2.369,39.175
2.389,39.175
2.41,39.175
2.431,39.175
2.452,39.174
2.472,39.174
2.493,39.174
2.514,39.174
2.535,39.174
0.958,39.169
0.979,39.169
0.999,39.169
1.02,39.169
1.041,39.168
1.061,39.168
1.082,39.168
1.103,39.168
1.124,39.168
1.144,39.168
1.165,39.168
1.186,39.167
1.207,39.167
1.227,39.167
1.248,39.167
1.269,39.167
1.29,39.167
1.31,39.166
1.331,39.166
1.352,39.166
1.373,39.166
1.393,39.166
1.414,39.166
1.435,39.165
1.456,39.165
1.476,39.165
1.497,39.165
1.518,39.165
1.539,39.165
1.559,39.165
1.58,39.164
1.601,39.164
1.622,39.164
1.642,39.164
1.663,39.164
1.684,39.164
1.705,39.163
1.725,39.163
1.746,39.163
1.767,39.163
1.788,39.163
1.808,39.163
1.829,39.162
1.85,39.162
1.871,39.162
2.23,39.159
2.251,39.159
2.272,39.159
2.293,39.159
2.313,39.159
2.334,39.159
2.355,39.158
2.376,39.158
2.396,39.158
2.417,39.158
2.438,39.158
2.459,39.158
2.479,39.157
2.5,39.157
2.521,39.157
0.944,39.152
0.965,39.152
0.985,39.152
1.006,39.152
1.027,39.152
1.048,39.152
1.068,39.151
1.089,39.151
1.11,39.151
1.131,39.151
1.151,39.151
1.172,39.151
1.193,39.151
1.214,39.15
1.234,39.15
1.255,39.15
1.276,39.15
1.297,39.15
1.317,39.15
1.338,39.149
1.359,39.149
1.38,39.149
1.4,39.149
1.421,39.149
1.442,39.149
1.463,39.148
1.483,39.148
1.504,39.148
1.525,39.148
1.546,39.148
1.566,39.148
1.587,39.148
1.608,39.147
1.629,39.147
1.649,39.147
1.67,39.147
1.691,39.147
1.712,39.147
1.732,39.146
1.753,39.146
1.774,39.146
1.795,39.146
1.815,39.146
1.836,39.146
1.857,39.145
1.878,39.145
2.237,39.143
2.258,39.142
2.279,39.142
2.299,39.142
2.32,39.142
2.341,39.142
2.362,39.142
2.382,39.141
2.403,39.141
2.424,39.141
2.445,39.141
2.465,39.141
2.486,39.141
2.507,39.14
0.93,39.136
0.951,39.136
0.972,39.135
0.992,39.135
1.013,39.135
1.034,39.135
1.055,39.135
1.075,39.135
1.096,39.134
1.117,39.134
1.138,39.134
1.158,39.134
1.179,39.134
1.2,39.134
1.221,39.134
1.241,39.133
1.262,39.133
1.283,39.133
1.304,39.133
1.324,39.133
1.345,39.133
1.366,39.132
1.387,39.132
1.407,39.132
1.428,39.132
1.449,39.132
1.47,39.132
1.49,39.131
1.511,39.131
1.532,39.131
1.553,39.131
1.573,39.131
1.594,39.131
1.615,39.131
1.635,39.13
1.656,39.13
1.677,39.13
1.698,39.13
1.718,39.13
1.739,39.13
1.76,39.129
1.781,39.129
1.801,39.129
1.822,39.129
1.843,39.129
1.864,39.129
1.884,39.128
2.23,39.126
2.251,39.126
2.272,39.125
2.293,39.125
2.313,39.125
2.334,39.125
2.355,39.125
2.376,39.125
2.396,39.125
2.417,39.124
2.438,39.124
2.459,39.124
2.479,39.124
2.5,39.124
0.93,39.119
0.951,39.119
0.972,39.119
0.992,39.118
1.013,39.118
1.034,39.118
1.055,39.118
1.075,39.118
1.096,39.118
1.117,39.118
1.138,39.117
1.158,39.117
1.179,39.117
1.2,39.117
1.221,39.117
1.241,39.117
1.262,39.116
1.283,39.116
1.304,39.116
1.324,39.116
1.345,39.116
1.366,39.116
1.386,39.115
1.407,39.115
1.428,39.115
1.449,39.115
1.469,39.115
1.49,39.115
1.511,39.115
1.532,39.114
1.552,39.114
1.573,39.114
1.594,39.114
1.615,39.114
1.635,39.114
1.656,39.113
1.677,39.113
1.698,39.113
1.718,39.113
1.739,39.113
1.76,39.113
1.781,39.112
1.801,39.112
1.822,39.112
1.843,39.112
1.864,39.112
1.884,39.112
2.223,39.109
2.244,39.109
2.265,39.109
2.286,39.109
2.306,39.108
2.327,39.108
2.348,39.108
2.369,39.108
2.389,39.108
2.41,39.108
2.431,39.107
2.452,39.107
2.472,39.107
2.493,39.107
0.93,39.102
0.951,39.102
0.972,39.102
0.992,39.102
1.013,39.102
1.034,39.101
1.054,39.101
1.075,39.101
1.096,39.101
1.117,39.101
1.137,39.101
1.158,39.1
1.179,39.1
1.2,39.1
1.22,39.1
1.241,39.1
1.262,39.1
1.283,39.099
1.303,39.099
1.324,39.099
1.345,39.099
1.366,39.099
1.386,39.099
1.407,39.099
1.428,39.098
1.449,39.098
1.469,39.098
1.49,39.098
1.511,39.098
1.532,39.098
1.552,39.097
1.573,39.097
1.594,39.097
1.615,39.097
1.635,39.097
1.656,39.097
1.677,39.096
1.698,39.096
1.718,39.096
1.739,39.096
1.76,39.096
1.781,39.096
1.801,39.096
1.822,39.095
1.843,39.095
1.864,39.095
1.884,39.095
1.905,39.095
2.23,39.092
2.251,39.092
2.272,39.092
2.292,39.092
2.313,39.092
2.334,39.091
2.355,39.091
2.375,39.091
2.396,39.091
2.417,39.091
2.438,39.091
2.458,39.09
2.479,39.09
0.916,39.085
0.937,39.085
0.958,39.085
0.978,39.085
0.999,39.085
1.02,39.085
1.041,39.085
1.061,39.084
1.082,39.084
1.103,39.084
1.124,39.084
1.144,39.084
1.165,39.084
1.186,39.083
1.207,39.083
1.227,39.083
1.248,39.083
1.269,39.083
1.29,39.083
1.31,39.082
1.331,39.082
1.352,39.082
1.373,39.082
1.393,39.082
1.414,39.082
1.435,39.082
1.456,39.081
1.476,39.081
1.497,39.081
1.518,39.081
1.539,39.081
1.559,39.081
1.58,39.08
1.601,39.08
1.622,39.08
1.642,39.08
1.663,39.08
1.684,39.08
1.705,39.079
1.725,39.079
1.746,39.079
1.767,39.079
1.788,39.079
1.808,39.079
1.829,39.079
1.85,39.078
1.871,39.078
1.891,39.078
1.912,39.078
2.23,39.075
2.251,39.075
2.272,39.075
2.292,39.075
2.313,39.075
2.334,39.075
2.355,39.074
2.375,39.074
2.396,39.074
2.417,39.074
2.438,39.074
2.458,39.074
2.479,39.074
0.909,39.069
0.93,39.069
0.951,39.068
0.971,39.068
0.992,39.068
1.013,39.068
1.034,39.068
1.054,39.068
1.075,39.067
1.096,39.067
1.117,39.067
1.137,39.067
1.158,39.067
1.179,39.067
1.2,39.067
1.22,39.066
1.241,39.066
1.262,39.066
1.283,39.066
1.303,39.066
1.324,39.066
1.345,39.065
1.366,39.065
1.386,39.065
1.407,39.065
1.428,39.065
1.449,39.065
1.469,39.064
1.49,39.064
1.511,39.064
1.532,39.064
1.552,39.064
1.573,39.064
1.594,39.064
1.615,39.063
1.635,39.063
1.656,39.063
1.677,39.063
1.698,39.063
1.718,39.063
1.739,39.062
1.76,39.062
1.781,39.062
1.801,39.062
1.822,39.062
1.843,39.062
1.864,39.061
1.884,39.061
1.905,39.061
2.209,39.059
2.23,39.059
2.251,39.058
2.272,39.058
2.292,39.058
2.313,39.058
2.334,39.058
2.355,39.058
2.375,39.058
2.396,39.057
2.417,39.057
2.438,39.057
2.458,39.057
2.479,39.057
0.909,39.052
0.93,39.052
0.951,39.052
0.971,39.051
0.992,39.051
1.013,39.051
1.034,39.051
1.054,39.051
1.075,39.051
1.096,39.051
1.117,39.05
1.137,39.05
1.158,39.05
1.179,39.05
1.2,39.05
1.22,39.05
1.241,39.049
1.262,39.049
1.283,39.049
1.303,39.049
1.324,39.049
1.345,39.049
1.366,39.048
1.386,39.048
1.407,39.048
1.428,39.048
1.449,39.048
1.469,39.048
1.49,39.048
1.511,39.047
1.532,39.047
1.552,39.047
1.573,39.047
1.594,39.047
1.615,39.047
1.635,39.046
1.656,39.046
1.677,39.046
1.698,39.046
1.718,39.046
1.739,39.046
1.76,39.045
1.781,39.045
1.801,39.045
1.822,39.045
1.843,39.045
1.864,39.045
1.884,39.044
1.905,39.044
1.926,39.044
2.223,39.042
2.244,39.042
2.265,39.042
2.286,39.041
2.306,39.041
2.327,39.041
2.348,39.041
2.369,39.041
2.389,39.041
2.41,39.04
2.431,39.04
2.452,39.04
2.472,39.04
0.895,39.035
0.916,39.035
0.937,39.035
0.958,39.035
0.978,39.035
0.999,39.034
1.02,39.034
1.041,39.034
1.061,39.034
1.082,39.034
1.103,39.034
1.124,39.034
1.144,39.033
1.165,39.033
1.186,39.033
1.207,39.033
1.227,39.033
1.248,39.033
1.269,39.032
1.29,39.032
1.31,39.032
1.331,39.032
1.352,39.032
1.373,39.032
1.393,39.031
1.414,39.031
1.435,39.031
1.456,39.031
1.476,39.031
1.497,39.031
1.518,39.031
1.539,39.03
1.559,39.03
1.58,39.03
1.601,39.03
1.622,39.03
1.642,39.03
1.663,39.029
1.684,39.029
1.705,39.029
1.725,39.029
1.746,39.029
1.767,39.029
1.788,39.028
1.808,39.028
1.829,39.028
1.85,39.028
1.871,39.028
1.891,39.028
1.912,39.027
1.933,39.027
2.216,39.025
2.237,39.025
2.258,39.025
2.279,39.025
2.299,39.025
2.32,39.024
2.341,39.024
2.362,39.024
2.382,39.024
2.403,39.024
2.424,39.024
2.445,39.023
2.465,39.023
0.881,39.019
0.902,39.018
0.923,39.018
0.944,39.018
0.964,39.018
0.985,39.018
1.006,39.018
1.027,39.017
1.047,39.017
1.068,39.017
1.089,39.017
1.11,39.017
1.13,39.017
1.151,39.017
1.172,39.016
1.193,39.016
1.213,39.016
1.234,39.016
1.255,39.016
1.276,39.016
1.296,39.015
1.317,39.015
1.338,39.015
1.359,39.015
1.379,39.015
1.4,39.015
1.421,39.014
1.442,39.014
1.462,39.014
1.483,39.014
1.504,39.014
1.525,39.014
1.545,39.014
1.566,39.013
1.587,39.013
1.608,39.013
1.628,39.013
1.649,39.013
1.67,39.013
1.691,39.012
1.711,39.012
1.732,39.012
1.753,39.012
1.774,39.012
1.794,39.012
1.815,39.011
1.836,39.011
1.857,39.011
1.877,39.011
1.898,39.011
1.919,39.011
1.94,39.01
2.209,39.008
2.23,39.008
2.251,39.008
2.272,39.008
2.292,39.008
2.313,39.008
2.334,39.007
2.355,39.007
2.375,39.007
2.396,39.007
2.417,39.007
2.438,39.007
0.861,39.002
0.881,39.002
0.902,39.002
0.923,39.001
0.944,39.001
0.964,39.001
0.985,39.001
1.006,39.001
1.027,39.001
1.047,39.001
1.068,39.0
1.089,39.0
1.11,39.0
1.13,39.0
1.151,39.0
1.172,39.0
1.193,38.999
1.213,38.999
1.234,38.999
1.255,38.999
1.276,38.999
1.296,38.999
1.317,38.998
1.338,38.998
1.359,38.998
1.379,38.998
1.4,38.998
1.421,38.998
1.442,38.998
1.462,38.997
1.483,38.997
1.504,38.997
1.525,38.997
1.545,38.997
1.566,38.997
1.587,38.996
1.608,38.996
1.628,38.996
1.649,38.996
1.67,38.996
1.691,38.996
1.711,38.995
1.732,38.995
1.753,38.995
1.774,38.995
1.794,38.995
1.815,38.995
1.836,38.994
1.857,38.994
1.877,38.994
1.898,38.994
1.919,38.994
1.94,38.994
2.189,38.992
2.209,38.992
2.23,38.991
2.251,38.991
2.272,38.991
2.292,38.991
2.313,38.991
2.334,38.991
2.355,38.991
2.375,38.99
2.396,38.99
2.417,38.99
2.438,38.99
0.868,38.985
0.888,38.985
0.909,38.985
0.93,38.985
0.951,38.984
0.971,38.984
0.992,38.984
1.013,38.984
1.034,38.984
1.054,38.984
1.075,38.984
1.096,38.983
1.117,38.983
1.137,38.983
1.158,38.983
1.179,38.983
1.2,38.983
1.22,38.982
1.241,38.982
1.262,38.982
1.283,38.982
1.303,38.982
1.324,38.982
1.345,38.981
1.366,38.981
1.386,38.981
1.407,38.981
1.428,38.981
1.449,38.981
1.469,38.981
1.49,38.98
1.511,38.98
1.532,38.98
1.552,38.98
1.573,38.98
1.594,38.98
1.615,38.979
1.635,38.979
1.656,38.979
1.677,38.979
1.698,38.979
1.718,38.979
1.739,38.978
1.76,38.978
1.781,38.978
1.801,38.978
1.822,38.978
1.843,38.978
1.864,38.977
1.884,38.977
1.905,38.977
1.926,38.977
1.947,38.977
2.175,38.975
2.196,38.975
2.216,38.975
2.237,38.975
2.258,38.974
2.279,38.974
2.299,38.974
2.32,38.974
2.341,38.974
2.362,38.974
2.382,38.974
2.403,38.973
2.424,38.973
0.854,38.968
0.874,38.968
0.895,38.968
0.916,38.968
0.937,38.968
0.957,38.968
0.978,38.967
0.999,38.967
1.02,38.967
1.04,38.967
1.061,38.967
1.082,38.967
1.103,38.967
1.123,38.966
1.144,38.966
1.165,38.966
1.186,38.966
1.206,38.966
1.227,38.966
1.248,38.965
1.269,38.965
1.289,38.965
1.31,38.965
1.331,38.965
1.352,38.965
1.372,38.964
1.393,38.964
1.414,38.964
1.435,38.964
1.455,38.964
1.476,38.964
1.497,38.964
1.518,38.963
1.538,38.963
1.559,38.963
1.58,38.963
1.601,38.963
1.621,38.963
1.642,38.962
1.663,38.962
1.684,38.962
1.704,38.962
1.725,38.962
1.746,38.962
1.767,38.961
1.787,38.961
1.808,38.961
1.829,38.961
1.85,38.961
1.87,38.961
1.891,38.96
1.912,38.96
1.933,38.96
1.953,38.96
2.161,38.958
2.182,38.958
2.202,38.958
2.223,38.958
2.244,38.958
2.265,38.958
2.285,38.957
2.306,38.957
2.327,38.957
2.348,38.957
2.368,38.957
2.389,38.957
2.41,38.957
0.84,38.952
0.861,38.952
0.881,38.951
0.902,38.951
0.923,38.951
0.944,38.951
0.964,38.951
0.985,38.951
1.006,38.95
1.027,38.95
1.047,38.95
1.068,38.95
1.089,38.95
1.11,38.95
1.13,38.95
1.151,38.949
1.172,38.949
1.193,38.949
1.213,38.949
1.234,38.949
1.255,38.949
1.276,38.948
1.296,38.948
1.317,38.948
1.338,38.948
1.359,38.948
1.379,38.948
1.4,38.947
1.421,38.947
1.442,38.947
1.462,38.947
1.483,38.947
1.504,38.947
1.525,38.947
1.545,38.946
1.566,38.946
1.587,38.946
1.608,38.946
1.628,38.946
1.649,38.946
1.67,38.945
1.691,38.945
1.711,38.945
1.732,38.945
1.753,38.945
1.774,38.945
1.794,38.944
1.815,38.944
1.836,38.944
1.857,38.944
1.877,38.944
1.898,38.944
1.919,38.943
1.94,38.943
1.96,38.943
2.161,38.942
2.182,38.941
2.202,38.941
2.223,38.941
2.244,38.941
2.265,38.941
2.285,38.941
2.306,38.941
2.327,38.94
2.348,38.94
2.368,38.94
2.389,38.94
2.41,38.94
0.833,38.935
0.854,38.935
0.874,38.935
0.895,38.935
0.916,38.934
0.937,38.934
0.957,38.934
0.978,38.934
0.999,38.934
1.02,38.934
1.04,38.933
1.061,38.933
1.082,38.933
1.103,38.933
1.123,38.933
1.144,38.933
1.165,38.932
1.186,38.932
1.206,38.932
1.227,38.932
1.248,38.932
1.269,38.932
1.289,38.932
1.31,38.931
1.331,38.931
1.352,38.931
1.372,38.931
1.393,38.931
1.414,38.931
1.435,38.93
1.455,38.93
1.476,38.93
1.497,38.93
1.518,38.93
1.538,38.93
1.559,38.929
1.58,38.929
1.601,38.929
1.621,38.929
1.642,38.929
1.663,38.929
1.684,38.929
1.704,38.928
1.725,38.928
1.746,38.928
1.767,38.928
1.787,38.928
1.808,38.928
1.829,38.927
1.85,38.927
1.87,38.927
1.891,38.927
1.912,38.927
1.933,38.927
1.953,38.926
2.14,38.925
2.161,38.925
2.182,38.925
2.202,38.925
2.223,38.924
2.244,38.924
2.265,38.924
2.285,38.924
2.306,38.924
2.327,38.924
2.348,38.923
2.368,38.923
2.389,38.923
0.833,38.918
0.854,38.918
0.874,38.918
0.895,38.918
0.916,38.918
0.937,38.917
0.957,38.917
0.978,38.917
0.999,38.917
1.02,38.917
1.04,38.917
1.061,38.916
1.082,38.916
1.103,38.916
1.123,38.916
1.144,38.916
1.165,38.916
1.186,38.916
1.206,38.915
1.227,38.915
1.248,38.915
1.269,38.915
1.289,38.915
1.31,38.915
1.331,38.914
1.352,38.914
1.372,38.914
1.393,38.914
1.414,38.914
1.435,38.914
1.455,38.913
1.476,38.913
1.497,38.913
1.518,38.913
1.538,38.913
1.559,38.913
1.58,38.913
1.601,38.912
1.621,38.912
1.642,38.912
1.663,38.912
1.684,38.912
1.704,38.912
1.725,38.911
1.746,38.911
1.767,38.911
1.787,38.911
1.808,38.911
1.829,38.911
1.85,38.91
1.87,38.91
1.891,38.91
1.912,38.91
1.933,38.91
1.953,38.91
1.974,38.909
2.106,38.908
2.126,38.908
2.147,38.908
2.168,38.908
2.189,38.908
2.209,38.908
2.23,38.908
2.251,38.907
2.272,38.907
2.292,38.907
2.313,38.907
2.334,38.907
2.355,38.907
0.805,38.902
0.826,38.901
0.847,38.901
0.867,38.901
0.888,38.901
0.909,38.901
0.93,38.901
0.95,38.901
0.971,38.9
0.992,38.9
1.013,38.9
1.033,38.9
1.054,38.9
1.075,38.9
1.096,38.899
1.116,38.899
1.137,38.899
1.158,38.899
1.179,38.899
1.199,38.899
1.22,38.898
1.241,38.898
1.262,38.898
1.282,38.898
1.303,38.898
1.324,38.898
1.345,38.898
1.365,38.897
1.386,38.897
1.407,38.897
1.428,38.897
1.448,38.897
1.469,38.897
1.49,38.896
1.511,38.896
1.531,38.896
1.552,38.896
1.573,38.896
1.594,38.896
1.614,38.895
1.635,38.895
1.656,38.895
1.677,38.895
1.697,38.895
1.718,38.895
1.739,38.894
1.76,38.894
1.78,38.894
1.801,38.894
1.822,38.894
1.843,38.894
1.863,38.894
1.884,38.893
1.905,38.893
1.926,38.893
1.946,38.893
1.967,38.893
1.988,38.893
2.092,38.892
2.112,38.892
2.133,38.891
2.154,38.891
2.175,38.891
2.195,38.891
2.216,38.891
2.237,38.891
2.258,38.891
2.278,38.89
2.299,38.89
2.32,38.89
2.341,38.89
2.361,38.89
0.812,38.885
0.833,38.885
0.854,38.884
0.874,38.884
0.895,38.884
0.916,38.884
0.937,38.884
0.957,38.884
0.978,38.884
0.999,38.883
1.02,38.883
1.04,38.883
1.061,38.883
1.082,38.883
1.103,38.883
1.123,38.882
1.144,38.882
1.165,38.882
1.186,38.882
1.206,38.882
1.227,38.882
1.248,38.881
1.269,38.881
1.289,38.881
1.31,38.881
1.331,38.881
1.352,38.881
1.372,38.881
1.393,38.88
1.414,38.88
1.435,38.88
1.455,38.88
1.476,38.88
1.497,38.88
1.518,38.879
1.538,38.879
1.559,38.879
1.58,38.879
1.601,38.879
1.621,38.879
1.642,38.878
1.663,38.878
1.684,38.878
1.704,38.878
1.725,38.878
1.746,38.878
1.767,38.877
1.787,38.877
1.808,38.877
1.829,38.877
1.85,38.877
1.87,38.877
1.891,38.877
1.912,38.876
1.933,38.876
1.953,38.876
1.974,38.876
1.995,38.876
2.016,38.876
2.092,38.875
2.112,38.875
2.133,38.875
2.154,38.875
2.175,38.874
2.195,38.874
2.216,38.874
2.237,38.874
2.258,38.874
2.278,38.874
2.299,38.873
2.32,38.873
0.791,38.868
0.812,38.868
0.833,38.868
0.854,38.868
0.874,38.868
0.895,38.867
0.916,38.867
0.937,38.867
0.957,38.867
0.978,38.867
0.999,38.867
1.02,38.866
1.04,38.866
1.061,38.866
1.082,38.866
1.103,38.866
1.123,38.866
1.144,38.865
1.165,38.865
1.186,38.865
1.206,38.865
1.227,38.865
1.248,38.865
1.269,38.865
1.289,38.864
1.31,38.864
1.331,38.864
1.352,38.864
1.372,38.864
1.393,38.864
1.414,38.863
1.435,38.863
1.455,38.863
1.476,38.863
1.497,38.863
1.518,38.863
1.538,38.862
1.559,38.862
1.58,38.862
1.601,38.862
1.621,38.862
1.642,38.862
1.663,38.861
1.684,38.861
1.704,38.861
1.725,38.861
1.746,38.861
1.767,38.861
1.787,38.861
1.808,38.86
1.829,38.86
1.85,38.86
1.87,38.86
1.891,38.86
1.912,38.86
1.933,38.859
1.953,38.859
1.974,38.859
1.995,38.859
2.016,38.859
2.057,38.858
2.078,38.858
2.099,38.858
2.119,38.858
2.14,38.858
2.161,38.858
2.182,38.858
2.202,38.857
2.223,38.857
2.244,38.857
2.265,38.857
2.285,38.857
2.306,38.857
0.784,38.851
0.805,38.851
0.826,38.851
0.847,38.851
0.867,38.851
0.888,38.851
0.909,38.85
0.93,38.85
0.95,38.85
0.971,38.85
0.992,38.85
1.013,38.85
1.033,38.85
1.054,38.849
1.075,38.849
1.096,38.849
1.116,38.849
1.137,38.849
1.158,38.849
1.179,38.848
1.199,38.848
1.22,38.848
1.241,38.848
1.262,38.848
1.282,38.848
1.303,38.847
1.324,38.847
1.345,38.847
1.365,38.847
1.386,38.847
1.407,38.847
1.428,38.847
1.448,38.846
1.469,38.846
1.49,38.846
1.511,38.846
1.531,38.846
1.552,38.846
1.573,38.845
1.594,38.845
1.614,38.845
1.635,38.845
1.656,38.845
1.677,38.845
1.697,38.844
1.718,38.844
1.739,38.844
1.76,38.844
1.78,38.844
1.801,38.844
1.822,38.843
1.843,38.843
1.863,38.843
1.884,38.843
1.905,38.843
1.926,38.843
1.946,38.843
1.967,38.842
1.988,38.842
2.009,38.842
2.029,38.842
2.05,38.842
2.071,38.842
2.092,38.841
2.112,38.841
2.133,38.841
2.154,38.841
2.175,38.841
2.195,38.841
2.216,38.84
2.237,38.84
2.258,38.84
2.278,38.84
2.299,38.84
0.791,38.835
0.812,38.834
0.833,38.834
0.854,38.834
0.874,38.834
0.895,38.834
0.916,38.834
0.937,38.833
0.957,38.833
0.978,38.833
0.999,38.833
1.02,38.833
1.04,38.833
1.061,38.833
1.082,38.832
1.103,38.832
1.123,38.832
1.144,38.832
1.165,38.832
1.186,38.832
1.206,38.831
1.227,38.831
1.248,38.831
1.269,38.831
1.289,38.831
1.31,38.831
1.331,38.83
1.352,38.83
1.372,38.83
1.393,38.83
1.414,38.83
1.435,38.83
1.455,38.83
1.476,38.829
1.497,38.829
1.518,38.829
1.538,38.829
1.559,38.829
1.58,38.829
1.601,38.828
1.621,38.828
1.642,38.828
1.663,38.828
1.684,38.828
1.704,38.828
1.725,38.827
1.746,38.827
1.767,38.827
1.787,38.827
1.808,38.827
1.829,38.827
1.85,38.826
1.87,38.826
1.891,38.826
1.912,38.826
1.933,38.826
1.953,38.826
1.974,38.826
1.995,38.825
2.015,38.825
2.036,38.825
2.057,38.825
2.078,38.825
2.098,38.825
2.119,38.824
2.14,38.824
2.161,38.824
2.181,38.824
2.202,38.824
2.223,38.824
2.244,38.823
2.264,38.823
0.771,38.818
0.791,38.818
0.812,38.818
0.833,38.817
0.854,38.817
0.874,38.817
0.895,38.817
0.916,38.817
0.937,38.817
0.957,38.817
0.978,38.816
0.999,38.816
1.02,38.816
1.04,38.816
1.061,38.816
1.082,38.816
1.103,38.815
1.123,38.815
1.144,38.815
1.165,38.815
1.186,38.815
1.206,38.815
1.227,38.814
1.248,38.814
1.269,38.814
1.289,38.814
1.31,38.814
1.331,38.814
1.352,38.814
1.372,38.813
1.393,38.813
1.414,38.813
1.435,38.813
1.455,38.813
1.476,38.813
1.497,38.812
1.518,38.812
1.538,38.812
1.559,38.812
1.58,38.812
1.601,38.812
1.621,38.811
1.642,38.811
1.663,38.811
1.683,38.811
1.704,38.811
1.725,38.811
1.746,38.81
1.766,38.81
1.787,38.81
1.808,38.81
1.829,38.81
1.849,38.81
1.87,38.81
1.891,38.809
1.912,38.809
1.932,38.809
1.953,38.809
1.974,38.809
1.995,38.809
2.015,38.808
2.036,38.808
2.057,38.808
2.078,38.808
2.098,38.808
2.119,38.808
2.14,38.807
2.161,38.807
2.181,38.807
2.202,38.807
2.223,38.807
2.244,38.807
0.784,38.801
0.805,38.801
0.826,38.801
0.847,38.801
0.867,38.8
0.888,38.8
0.909,38.8
0.93,38.8
0.95,38.8
0.971,38.8
0.992,38.799
1.013,38.799
1.033,38.799
1.054,38.799
1.075,38.799
1.096,38.799
1.116,38.799
1.137,38.798
1.158,38.798
1.179,38.798
1.199,38.798
1.22,38.798
1.241,38.798
1.262,38.797
1.282,38.797
1.303,38.797
1.324,38.797
1.345,38.797
1.365,38.797
1.386,38.796
1.407,38.796
1.428,38.796
1.448,38.796
1.469,38.796
1.49,38.796
1.511,38.796
1.531,38.795
1.552,38.795
1.573,38.795
1.594,38.795
1.614,38.795
1.635,38.795
1.656,38.794
1.677,38.794
1.697,38.794
1.718,38.794
1.739,38.794
1.76,38.794
1.78,38.793
1.801,38.793
1.822,38.793
1.843,38.793
1.863,38.793
1.884,38.793
1.905,38.792
1.926,38.792
1.946,38.792
1.967,38.792
1.988,38.792
2.009,38.792
2.029,38.792
2.05,38.791
2.071,38.791
2.092,38.791
2.112,38.791
2.133,38.791
2.154,38.791
2.175,38.79
2.195,38.79
2.216,38.79
0.784,38.784
0.805,38.784
0.826,38.784
0.847,38.784
0.867,38.784
0.888,38.783
0.909,38.783
0.93,38.783
0.95,38.783
0.971,38.783
0.992,38.783
1.013,38.783
1.033,38.782
1.054,38.782
1.075,38.782
1.096,38.782
1.116,38.782
1.137,38.782
1.158,38.781
1.179,38.781
1.199,38.781
1.22,38.781
1.241,38.781
1.262,38.781
1.282,38.78
1.303,38.78
1.324,38.78
1.345,38.78
1.365,38.78
1.386,38.78
1.407,38.78
1.428,38.779
1.448,38.779
1.469,38.779
1.49,38.779
1.511,38.779
1.531,38.779
1.552,38.778
1.573,38.778
1.594,38.778
1.614,38.778
1.635,38.778
1.656,38.778
1.677,38.777
1.697,38.777
1.718,38.777
1.739,38.777
1.76,38.777
1.78,38.777
1.801,38.776
1.822,38.776
1.843,38.776
1.863,38.776
1.884,38.776
1.905,38.776
1.926,38.776
1.946,38.775
1.967,38.775
1.988,38.775
2.009,38.775
2.029,38.775
2.05,38.775
2.071,38.774
2.092,38.774
2.112,38.774
2.133,38.774
2.154,38.774
2.175,38.774
2.195,38.773
0.777,38.768
0.798,38.767
0.819,38.767
0.84,38.767
0.86,38.767
0.881,38.767
0.902,38.767
0.923,38.766
0.943,38.766
0.964,38.766
0.985,38.766
1.006,38.766
1.026,38.766
1.047,38.765
1.068,38.765
1.089,38.765
1.109,38.765
1.13,38.765
1.151,38.765
1.172,38.765
1.192,38.764
1.213,38.764
1.234,38.764
1.255,38.764
1.275,38.764
1.296,38.764
1.317,38.763
1.338,38.763
1.358,38.763
1.379,38.763
1.4,38.763
1.421,38.763
1.441,38.762
1.462,38.762
1.483,38.762
1.504,38.762
1.524,38.762
1.545,38.762
1.566,38.761
1.587,38.761
1.607,38.761
1.628,38.761
1.649,38.761
1.67,38.761
1.69,38.761
1.711,38.76
1.732,38.76
1.753,38.76
1.773,38.76
1.794,38.76
1.815,38.76
1.836,38.759
1.856,38.759
1.877,38.759
1.898,38.759
1.919,38.759
1.939,38.759
1.96,38.758
1.981,38.758
2.002,38.758
2.022,38.758
2.043,38.758
2.064,38.758
2.085,38.758
2.105,38.757
2.126,38.757
2.147,38.757
2.168,38.757
0.77,38.751
0.791,38.751
0.812,38.75
0.833,38.75
0.853,38.75
0.874,38.75
0.895,38.75
0.916,38.75
0.936,38.75
0.957,38.749
0.978,38.749
0.999,38.749
1.019,38.749
1.04,38.749
1.061,38.749
1.082,38.748
1.102,38.748
1.123,38.748
1.144,38.748
1.165,38.748
1.185,38.748
1.206,38.747
1.227,38.747
1.248,38.747
1.268,38.747
1.289,38.747
1.31,38.747
1.331,38.747
1.351,38.746
1.372,38.746
1.393,38.746
1.414,38.746
1.434,38.746
1.455,38.746
1.476,38.745
1.497,38.745
1.517,38.745
1.538,38.745
1.559,38.745
1.58,38.745
1.6,38.744
1.621,38.744
1.642,38.744
1.663,38.744
1.683,38.744
1.704,38.744
1.725,38.743
1.746,38.743
1.766,38.743
1.787,38.743
1.808,38.743
1.829,38.743
1.849,38.743
1.87,38.742
1.891,38.742
1.912,38.742
1.932,38.742
1.953,38.742
1.974,38.742
1.995,38.741
2.015,38.741
2.036,38.741
2.057,38.741
2.078,38.741
2.098,38.741
2.119,38.74
2.14,38.74
0.764,38.734
0.784,38.734
0.805,38.734
0.826,38.734
0.847,38.733
0.867,38.733
0.888,38.733
0.909,38.733
0.93,38.733
0.95,38.733
0.971,38.732
0.992,38.732
1.013,38.732
1.033,38.732
1.054,38.732
1.075,38.732
1.096,38.732
1.116,38.731
1.137,38.731
1.158,38.731
1.179,38.731
1.199,38.731
1.22,38.731
1.241,38.73
1.262,38.73
1.282,38.73
1.303,38.73
1.324,38.73
1.344,38.73
1.365,38.729
1.386,38.729
1.407,38.729
1.427,38.729
1.448,38.729
1.469,38.729
1.49,38.728
1.51,38.728
1.531,38.728
1.552,38.728
1.573,38.728
1.593,38.728
1.614,38.728
1.635,38.727
1.656,38.727
1.676,38.727
1.697,38.727
1.718,38.727
1.739,38.727
1.759,38.726
1.78,38.726
1.801,38.726
1.822,38.726
1.842,38.726
1.863,38.726
1.884,38.725
1.905,38.725
1.925,38.725
1.946,38.725
1.967,38.725
1.988,38.725
2.008,38.725
2.029,38.724
2.05,38.724
2.071,38.724
2.091,38.724
2.112,38.724
2.403,38.722
0.757,38.717
0.777,38.717
0.798,38.717
0.819,38.717
0.84,38.717
0.86,38.717
0.881,38.716
0.902,38.716
0.923,38.716
0.943,38.716
0.964,38.716
0.985,38.716
1.006,38.715
1.026,38.715
1.047,38.715
1.068,38.715
1.089,38.715
1.109,38.715
1.13,38.714
1.151,38.714
1.172,38.714
1.192,38.714
1.213,38.714
1.234,38.714
1.255,38.714
1.275,38.713
1.296,38.713
1.317,38.713
1.338,38.713
1.358,38.713
1.379,38.713
1.4,38.712
1.421,38.712
1.441,38.712
1.462,38.712
1.483,38.712
1.504,38.712
1.524,38.711
1.545,38.711
1.566,38.711
1.587,38.711
1.607,38.711
1.628,38.711
1.649,38.71
1.67,38.71
1.69,38.71
1.711,38.71
1.732,38.71
1.753,38.71
1.773,38.71
1.794,38.709
1.815,38.709
1.836,38.709
1.856,38.709
1.877,38.709
1.898,38.709
1.919,38.708
1.939,38.708
1.96,38.708
1.981,38.708
2.002,38.708
2.022,38.708
2.043,38.707
2.064,38.707
0.743,38.701
0.763,38.7
0.784,38.7
0.805,38.7
0.826,38.7
0.846,38.7
0.867,38.7
0.888,38.7
0.909,38.699
0.929,38.699
0.95,38.699
0.971,38.699
0.992,38.699
1.012,38.699
1.033,38.698
1.054,38.698
1.075,38.698
1.095,38.698
1.116,38.698
1.137,38.698
1.158,38.697
1.178,38.697
1.199,38.697
1.22,38.697
1.241,38.697
1.261,38.697
1.282,38.697
1.303,38.696
1.324,38.696
1.344,38.696
1.365,38.696
1.386,38.696
1.407,38.696
1.427,38.695
1.448,38.695
1.469,38.695
1.49,38.695
1.51,38.695
1.531,38.695
1.552,38.694
1.573,38.694
1.593,38.694
1.614,38.694
1.635,38.694
1.656,38.694
1.676,38.693
1.697,38.693
1.718,38.693
1.739,38.693
1.759,38.693
1.78,38.693
1.801,38.693
1.822,38.692
1.842,38.692
1.863,38.692
1.884,38.692
1.905,38.692
1.925,38.692
1.946,38.691
1.967,38.691
1.988,38.691
2.008,38.691
2.029,38.691
0.743,38.684
0.763,38.684
0.784,38.684
0.805,38.683
0.826,38.683
0.846,38.683
0.867,38.683
0.888,38.683
0.909,38.683
0.929,38.682
0.95,38.682
0.971,38.682
0.992,38.682
1.012,38.682
1.033,38.682
1.054,38.681
1.075,38.681
1.095,38.681
1.116,38.681
1.137,38.681
1.158,38.681
1.178,38.681
1.199,38.68
1.22,38.68
1.241,38.68
1.261,38.68
1.282,38.68
1.303,38.68
1.324,38.679
1.344,38.679
1.365,38.679
1.386,38.679
1.407,38.679
1.427,38.679
1.448,38.678
1.469,38.678
1.49,38.678
1.51,38.678
1.531,38.678
1.552,38.678
1.573,38.677
1.593,38.677
1.614,38.677
1.635,38.677
1.656,38.677
1.676,38.677
1.697,38.677
1.718,38.676
1.739,38.676
1.759,38.676
1.78,38.676
1.801,38.676
1.822,38.676
1.842,38.675
1.863,38.675
1.884,38.675
1.905,38.675
1.925,38.675
1.946,38.675
1.967,38.674
1.988,38.674
2.008,38.674
0.736,38.667
0.757,38.667
0.777,38.667
0.798,38.667
0.819,38.666
0.84,38.666
0.86,38.666
0.881,38.666
0.902,38.666
0.923,38.666
0.943,38.666
0.964,38.665
0.985,38.665
1.006,38.665
1.026,38.665
1.047,38.665
1.068,38.665
1.089,38.664
1.109,38.664
1.13,38.664
1.151,38.664
1.172,38.664
1.192,38.664
1.213,38.663
1.234,38.663
1.254,38.663
1.275,38.663
1.296,38.663
1.317,38.663
1.337,38.663
1.358,38.662
1.379,38.662
1.4,38.662
1.42,38.662
1.441,38.662
1.462,38.662
1.483,38.661
1.503,38.661
1.524,38.661
1.545,38.661
1.566,38.661
1.586,38.661
1.607,38.66
1.628,38.66
1.649,38.66
1.669,38.66
1.69,38.66
1.711,38.66
1.732,38.659
1.752,38.659
1.773,38.659
1.794,38.659
1.815,38.659
1.835,38.659
1.856,38.659
1.877,38.658
1.898,38.658
1.918,38.658
1.939,38.658
1.96,38.658
1.981,38.658
0.743,38.65
0.763,38.65
0.784,38.65
0.805,38.65
0.826,38.65
0.846,38.649
0.867,38.649
0.888,38.649
0.909,38.649
0.929,38.649
0.95,38.649
0.971,38.649
0.992,38.648
1.012,38.648
1.033,38.648
1.054,38.648
1.075,38.648
1.095,38.648
1.116,38.647
1.137,38.647
1.158,38.647
1.178,38.647
1.199,38.647
1.22,38.647
1.241,38.646
1.261,38.646
1.282,38.646
1.303,38.646
1.324,38.646
1.344,38.646
1.365,38.645
1.386,38.645
1.407,38.645
1.427,38.645
1.448,38.645
1.469,38.645
1.49,38.645
1.51,38.644
1.531,38.644
1.552,38.644
1.573,38.644
1.593,38.644
1.614,38.644
1.635,38.643
1.656,38.643
1.676,38.643
1.697,38.643
1.718,38.643
1.739,38.643
1.759,38.642
1.78,38.642
1.801,38.642
1.822,38.642
1.842,38.642
1.863,38.642
1.884,38.642
1.905,38.641
1.925,38.641
1.946,38.641
1.967,38.641
0.75,38.633
0.77,38.633
0.791,38.633
0.812,38.633
0.833,38.633
0.853,38.633
0.874,38.632
0.895,38.632
0.916,38.632
0.936,38.632
0.957,38.632
0.978,38.632
0.999,38.632
1.019,38.631
1.04,38.631
1.061,38.631
1.082,38.631
1.102,38.631
1.123,38.631
1.144,38.63
1.165,38.63
1.185,38.63
1.206,38.63
1.227,38.63
1.248,38.63
1.268,38.629
1.289,38.629
1.31,38.629
1.331,38.629
1.351,38.629
1.372,38.629
1.393,38.628
1.414,38.628
1.434,38.628
1.455,38.628
1.476,38.628
1.497,38.628
1.517,38.628
1.538,38.627
1.559,38.627
1.58,38.627
1.6,38.627
1.621,38.627
1.642,38.627
1.663,38.626
1.683,38.626
1.704,38.626
1.725,38.626
1.746,38.626
1.766,38.626
1.787,38.625
1.808,38.625
1.828,38.625
1.849,38.625
1.87,38.625
1.891,38.625
1.911,38.625
1.932,38.624
0.75,38.617
0.77,38.616
0.791,38.616
0.812,38.616
0.833,38.616
0.853,38.616
0.874,38.616
0.895,38.616
0.916,38.615
0.936,38.615
0.957,38.615
0.985,38.615
1.005,38.615
1.026,38.615
1.047,38.614
1.068,38.614
1.088,38.614
1.109,38.614
1.13,38.614
1.151,38.614
1.171,38.613
1.192,38.613
1.213,38.613
1.234,38.613
1.254,38.613
1.275,38.613
1.296,38.612
1.317,38.612
1.337,38.612
1.358,38.612
1.379,38.612
1.4,38.612
1.42,38.611
1.441,38.611
1.462,38.611
1.483,38.611
1.503,38.611
1.524,38.611
1.545,38.611
1.566,38.61
1.586,38.61
1.607,38.61
1.628,38.61
1.649,38.61
1.669,38.61
1.69,38.609
1.711,38.609
1.732,38.609
1.752,38.609
1.773,38.609
1.794,38.609
0.736,38.6
0.756,38.6
0.777,38.6
0.798,38.599
0.819,38.599
0.839,38.599
0.86,38.599
0.881,38.599
0.902,38.599
0.922,38.599
0.943,38.598
1.012,38.598
1.033,38.598
1.054,38.598
1.075,38.597
1.095,38.597
1.116,38.597
1.137,38.597
1.158,38.597
1.178,38.597
1.199,38.596
1.22,38.596
1.241,38.596
1.261,38.596
1.282,38.596
1.303,38.596
1.324,38.595
1.344,38.595
1.365,38.595
1.386,38.595
1.407,38.595
1.427,38.595
1.448,38.594
1.469,38.594
1.49,38.594
1.51,38.594
1.531,38.594
0.743,38.583
0.763,38.583
0.784,38.583
0.805,38.583
0.826,38.582
0.846,38.582
0.867,38.582
0.888,38.582
0.909,38.582
0.929,38.582
1.012,38.581
1.033,38.581
1.054,38.581
1.075,38.581
1.095,38.58
1.116,38.58
1.137,38.58
1.158,38.58
1.178,38.58
1.199,38.58
1.22,38.579
1.241,38.579
1.261,38.579
1.282,38.579
1.303,38.579
1.324,38.579
1.344,38.578
1.365,38.578
1.386,38.578
1.407,38.578
1.427,38.578
1.448,38.578
1.469,38.578
1.49,38.577
1.51,38.577
0.743,38.566
0.763,38.566
0.784,38.566
0.805,38.566
0.826,38.566
0.846,38.566
0.867,38.565
0.888,38.565
0.909,38.565
0.929,38.565
1.026,38.564
1.047,38.564
1.068,38.564
1.088,38.564
1.109,38.564
1.13,38.563
1.151,38.563
1.171,38.563
1.192,38.563
1.213,38.563
1.234,38.563
1.254,38.562
1.275,38.562
1.296,38.562
1.317,38.562
1.337,38.562
1.358,38.562
1.379,38.561
1.4,38.561
1.42,38.561
1.441,38.561
1.462,38.561
1.483,38.561
0.729,38.55
0.749,38.549
0.77,38.549
0.791,38.549
0.812,38.549
0.832,38.549
0.853,38.549
0.874,38.549
0.895,38.548
0.915,38.548
1.026,38.547
1.047,38.547
1.068,38.547
1.088,38.547
1.109,38.547
1.13,38.547
1.151,38.546
1.171,38.546
1.192,38.546
1.213,38.546
1.234,38.546
1.254,38.546
1.275,38.545
1.296,38.545
1.317,38.545
1.337,38.545
1.358,38.545
1.379,38.545
1.4,38.544
1.42,38.544
1.441,38.544
0.729,38.533
0.749,38.533
0.77,38.533
0.791,38.532
0.812,38.532
0.832,38.532
0.853,38.532
0.874,38.532
0.895,38.532
0.915,38.531
1.04,38.53
1.061,38.53
1.081,38.53
1.102,38.53
1.123,38.53
1.144,38.53
1.164,38.53
1.185,38.529
1.206,38.529
1.227,38.529
1.247,38.529
1.268,38.529
1.289,38.529
1.31,38.528
1.33,38.528
1.351,38.528
1.372,38.528
1.393,38.528
1.413,38.528
1.434,38.527
0.743,38.516
0.763,38.516
0.784,38.516
0.805,38.515
0.825,38.515
0.846,38.515
0.867,38.515
0.888,38.515
0.908,38.515
1.047,38.514
1.068,38.513
1.088,38.513
1.109,38.513
1.13,38.513
1.151,38.513
1.171,38.513
1.192,38.512
1.213,38.512
1.234,38.512
1.254,38.512
1.275,38.512
1.296,38.512
1.317,38.512
1.337,38.511
1.358,38.511
1.379,38.511
1.4,38.511
0.729,38.499
0.749,38.499
0.77,38.499
0.791,38.499
0.812,38.499
0.832,38.498
0.853,38.498
0.874,38.498
0.895,38.498
1.047,38.497
1.068,38.497
1.088,38.497
1.109,38.496
1.13,38.496
1.151,38.496
1.171,38.496
1.192,38.496
1.213,38.496
1.234,38.495
1.254,38.495
1.275,38.495
1.296,38.495
1.317,38.495
1.337,38.495
1.358,38.494
1.379,38.494
1.4,38.494
0.742,38.482
0.763,38.482
0.784,38.482
0.805,38.482
0.825,38.482
0.846,38.482
0.867,38.481
0.888,38.481
1.061,38.48
1.081,38.48
1.102,38.48
1.123,38.479
1.144,38.479
1.164,38.479
1.185,38.479
1.206,38.479
1.227,38.479
1.247,38.478
1.268,38.478
1.289,38.478
1.31,38.478
1.33,38.478
1.351,38.478
1.372,38.478
0.729,38.466
0.749,38.466
0.77,38.465
0.791,38.465
0.812,38.465
0.832,38.465
0.853,38.465
0.874,38.465
0.895,38.464
1.081,38.463
1.102,38.463
1.123,38.463
1.144,38.462
1.164,38.462
1.185,38.462
1.206,38.462
1.227,38.462
1.247,38.462
1.268,38.462
1.289,38.461
1.31,38.461
1.33,38.461
1.351,38.461
1.372,38.461
0.742,38.449
0.763,38.449
0.784,38.448
0.805,38.448
0.825,38.448
0.846,38.448
0.867,38.448
0.888,38.448
1.088,38.446
1.109,38.446
1.13,38.446
1.15,38.446
1.171,38.445
1.192,38.445
1.213,38.445
1.233,38.445
1.254,38.445
1.275,38.445
1.296,38.445
1.316,38.444
1.337,38.444
1.358,38.444
0.832,38.431
0.853,38.431
0.874,38.431
1.088,38.429
1.109,38.429
1.13,38.429
1.15,38.429
1.171,38.429
1.192,38.429
1.213,38.428
1.233,38.428
1.254,38.428
1.275,38.428
1.296,38.428
1.316,38.428
1.337,38.427
0.846,38.414
0.867,38.414
0.888,38.414
1.102,38.412
1.123,38.412
1.144,38.412
1.164,38.412
1.185,38.412
1.206,38.412
1.227,38.411
1.247,38.411
1.268,38.411
1.289,38.411
1.31,38.411
1.33,38.411
0.881,38.397
1.102,38.396
1.123,38.395
1.143,38.395
1.164,38.395
1.185,38.395
1.206,38.395
1.226,38.395
1.247,38.395
1.268,38.394
1.289,38.394
1.309,38.394
1.33,38.394
1.123,38.379
1.143,38.379
1.164,38.378
1.185,38.378
1.206,38.378
1.226,38.378
1.247,38.378
1.268,38.378
1.289,38.377
1.309,38.377
1.123,38.362
1.143,38.362
1.164,38.362
1.185,38.361
1.206,38.361
1.226,38.361
1.247,38.361
1.268,38.361
1.289,38.361
1.309,38.36
1.137,38.345
1.157,38.345
1.178,38.345
1.199,38.345
1.22,38.344
1.24,38.344
1.261,38.344
1.282,38.344
1.302,38.344
1.143,38.328
1.164,38.328
1.185,38.328
1.206,38.328
1.226,38.328
1.247,38.327
1.268,38.327
1.289,38.327
1.15,38.311
1.171,38.311
1.192,38.311
1.213,38.311
1.233,38.311
1.254,38.311
1.275,38.31
1.15,38.295
1.171,38.294
1.192,38.294
1.213,38.294
1.233,38.294
1.254,38.294
1.275,38.294
1.157,38.278
1.178,38.278
1.199,38.277
1.219,38.277
1.24,38.277
1.261,38.277
1.282,38.277
1.178,38.261
1.199,38.261
1.219,38.26
1.24,38.26
1.261,38.26
1.282,38.26
1.178,38.244
1.199,38.244
1.219,38.244
1.24,38.243
1.261,38.243
1.282,38.243
1.185,38.227
1.206,38.227
1.226,38.227
1.247,38.227
1.268,38.226
1.289,38.226
1.219,38.21
1.24,38.21
1.261,38.21
1.282,38.21
1.302,38.209
1.233,38.193
1.254,38.193
1.275,38.193
1.295,38.193
1.261,38.176
1.282,38.176
1.302,38.176
1.268,38.159
1.288,38.159
1.309,38.159
1.288,38.142
1.309,38.142
1.33,38.142
1.337,38.125
1.358,38.125
1.378,38.125
1.392,38.108
1.399,38.091
1.42,38.091
1.413,38.074
1.44,38.074
1.44,38.057
1.461,38.057
1.461,38.04
1.475,38.023
3.01,38.012
3.031,38.011
1.489,38.007
3.01,37.995
3.031,37.995
3.052,37.995
1.496,37.99
3.01,37.978
3.031,37.978
3.052,37.978
1.496,37.973
2.92,37.962
2.941,37.962
2.962,37.962
2.983,37.961
3.003,37.961
3.024,37.961
3.045,37.961
3.066,37.961
1.516,37.956
2.934,37.945
2.955,37.945
2.976,37.945
2.996,37.945
3.045,37.944
3.066,37.944
2.962,37.928
2.983,37.928
3.003,37.928
3.066,37.927
3.086,37.927
2.969,37.911
2.99,37.911
3.01,37.911
3.072,37.91
3.093,37.91
2.976,37.894
2.996,37.894
3.017,37.894
3.072,37.894
3.093,37.893
2.976,37.878
2.996,37.877
3.017,37.877
3.059,37.877
3.079,37.877
3.1,37.877
2.989,37.861
3.01,37.861
3.031,37.86
3.052,37.86
3.072,37.86
3.093,37.86
2.983,37.844
3.003,37.844
3.024,37.844
3.045,37.843
3.065,37.843
3.086,37.843
2.969,37.827
2.989,37.827
3.01,37.827
3.031,37.827
3.052,37.827
2.955,37.811
2.976,37.81
2.996,37.81
3.017,37.81
3.038,37.81
3.059,37.81
2.976,37.794
2.996,37.793
3.017,37.793
3.038,37.793
3.059,37.793
2.996,37.777
3.017,37.777
3.038,37.776
3.01,37.76
3.031,37.76
3.486,37.001
3.188,36.684
3.23,36.65
3.278,36.364
3.292,36.347
3.299,36.33
3.299,36.314
3.285,36.297
3.306,36.297
3.326,36.297
3.299,36.28
3.319,36.28
3.34,36.28
3.361,36.28
3.34,36.263
3.361,36.263
3.354,36.246
3.582,36.127
3.575,36.093
3.485,35.792
3.471,35.708
3.492,35.708
3.485,35.691
3.478,35.674
3.478,35.657
3.485,35.641
3.491,35.607
3.484,35.557
2.148,33.972
2.175,33.972
2.196,33.971
2.175,33.955
2.196,33.955
2.175,33.938
2.196,33.938
2.182,33.921
2.203,33.921
2.196,33.904
2.189,33.887
2.182,33.871
2.203,33.871
2.196,33.854
2.189,33.837
2.21,33.837
2.21,33.82
2.23,33.82
2.223,33.803
2.244,33.803
2.223,33.786
2.244,33.786
2.21,33.77
2.23,33.77
4.194,33.755
2.216,33.753
2.237,33.753
4.194,33.738
4.215,33.738
4.236,33.737
2.209,33.736
2.23,33.736
2.251,33.736
4.194,33.721
4.215,33.721
4.236,33.721
4.257,33.721
2.223,33.719
2.244,33.719
2.265,33.719
4.194,33.704
4.215,33.704
4.236,33.704
4.257,33.704
2.223,33.702
2.244,33.702
2.265,33.702
2.285,33.702
2.306,33.702
4.194,33.687
4.215,33.687
4.236,33.687
4.257,33.687
2.223,33.686
2.244,33.686
2.265,33.685
2.285,33.685
2.306,33.685
2.327,33.685
4.215,33.67
4.236,33.67
4.257,33.67
2.237,33.669
2.258,33.669
2.299,33.668
2.32,33.668
2.341,33.668
4.222,33.654
4.243,33.653
2.223,33.652
2.244,33.652
2.327,33.651
2.348,33.651
4.222,33.637
4.243,33.637
4.263,33.637
2.237,33.635
2.341,33.634
2.361,33.634
2.382,33.634
4.215,33.62
4.236,33.62
4.257,33.62
2.23,33.618
2.251,33.618
2.375,33.617
2.396,33.617
4.229,33.603
4.25,33.603
2.237,33.602
2.424,33.6
2.444,33.6
2.465,33.6
4.229,33.586
2.223,33.585
2.244,33.585
2.431,33.583
2.451,33.583
2.472,33.583
2.493,33.583
4.236,33.57
2.237,33.568
2.437,33.567
2.458,33.566
2.479,33.566
2.5,33.566
2.52,33.566
2.23,33.551
2.251,33.551
2.451,33.55
2.472,33.549
2.493,33.549
2.514,33.549
2.534,33.549
2.244,33.534
2.265,33.534
2.465,33.533
2.486,33.533
2.52,33.532
2.541,33.532
2.244,33.518
2.265,33.517
2.465,33.516
2.23,33.501
2.251,33.501
2.271,33.501
2.472,33.499
2.237,33.484
2.258,33.484
2.278,33.484
2.472,33.482
2.237,33.467
2.258,33.467
2.278,33.467
2.465,33.466
2.652,33.464
2.244,33.45
2.264,33.45
2.285,33.45
2.472,33.449
2.237,33.434
2.257,33.434
2.278,33.433
2.472,33.432
2.237,33.417
2.257,33.417
2.278,33.417
2.472,33.415
2.237,33.4
2.257,33.4
2.278,33.4
2.472,33.398
2.23,33.383
2.25,33.383
2.271,33.383
2.472,33.382
2.23,33.367
2.25,33.366
2.271,33.366
2.479,33.365
2.237,33.35
2.257,33.35
2.278,33.349
2.23,33.333
2.25,33.333
2.271,33.333
1.967,33.318
2.237,33.316
2.257,33.316
2.278,33.316
2.223,33.3
2.243,33.299
2.264,33.299
2.285,33.299
2.499,33.297
2.237,33.283
2.257,33.282
2.278,33.282
2.492,33.281
2.23,33.266
2.25,33.266
2.271,33.266
2.492,33.264
2.223,33.249
2.243,33.249
2.264,33.249
2.485,33.247
2.216,33.232
2.236,33.232
2.257,33.232
2.216,33.216
2.236,33.215
2.257,33.215
2.223,33.199
2.243,33.199
2.264,33.198
2.229,33.182
2.25,33.182
2.209,33.165
2.229,33.165
2.25,33.165
2.216,33.148
2.236,33.148
2.257,33.148
2.223,33.132
2.243,33.131
2.216,33.115
2.236,33.115
2.209,33.098
2.229,33.098
2.209,33.081
2.229,33.081
2.209,33.065
2.229,33.064
2.25,33.064
2.222,33.048
2.243,33.048
2.215,33.031
2.236,33.031
2.202,33.014
2.222,33.014
2.195,32.998
2.215,32.997
2.236,32.997
2.202,32.981
2.222,32.98
2.181,32.964
2.202,32.964
2.222,32.964
2.181,32.947
2.202,32.947
2.222,32.947
2.658,32.944
2.188,32.93
2.208,32.93
2.651,32.927
2.181,32.914
2.201,32.913
2.651,32.91
2.181,32.897
2.201,32.897
2.167,32.88
2.188,32.88
2.644,32.877
2.174,32.863
2.194,32.863
2.651,32.86
2.181,32.846
2.201,32.846
2.174,32.83
2.194,32.83
2.174,32.813
2.194,32.813
2.16,32.796
2.181,32.796
2.637,32.793
2.167,32.779
2.187,32.779
2.153,32.763
2.174,32.763
2.194,32.762
2.63,32.759
2.16,32.746
2.181,32.746
2.609,32.742
2.63,32.742
2.153,32.729
2.174,32.729
2.194,32.729
2.616,32.726
2.146,32.712
2.167,32.712
2.187,32.712
2.139,32.696
2.16,32.696
2.18,32.695
2.602,32.692
2.146,32.679
2.167,32.679
2.582,32.676
2.125,32.662
2.146,32.662
2.568,32.659
2.588,32.659
2.139,32.645
2.16,32.645
2.575,32.642
2.125,32.629
2.146,32.628
2.554,32.625
2.575,32.625
2.125,32.612
2.146,32.612
2.54,32.609
2.561,32.609
2.118,32.595
2.139,32.595
2.533,32.592
2.554,32.592
2.111,32.578
2.132,32.578
2.153,32.578
2.54,32.575
2.097,32.562
2.118,32.562
2.139,32.561
2.526,32.558
2.547,32.558
2.09,32.545
2.111,32.545
2.132,32.545
2.526,32.542
2.083,32.528
2.104,32.528
2.125,32.528
2.519,32.525
2.09,32.511
2.111,32.511
2.132,32.511
2.519,32.508
2.09,32.495
2.111,32.494
2.132,32.494
3.086,32.487
2.09,32.478
2.111,32.478
2.491,32.475
2.097,32.461
2.118,32.461
2.498,32.458
2.09,32.444
2.111,32.444
2.491,32.441
2.083,32.427
2.104,32.427
2.484,32.424
2.069,32.411
2.09,32.411
2.111,32.41
2.484,32.408
2.069,32.394
2.09,32.394
2.464,32.391
2.484,32.391
2.062,32.377
2.083,32.377
2.457,32.374
2.477,32.374
2.056,32.361
2.076,32.36
2.45,32.358
2.47,32.357
2.049,32.344
2.069,32.344
2.09,32.343
2.45,32.341
2.47,32.341
2.049,32.327
2.069,32.327
2.09,32.327
2.111,32.327
2.45,32.324
2.47,32.324
2.042,32.31
2.062,32.31
2.083,32.31
2.104,32.31
2.436,32.307
2.457,32.307
2.021,32.294
2.042,32.293
2.062,32.293
2.083,32.293
2.104,32.293
2.429,32.291
2.45,32.29
2.014,32.277
2.035,32.277
2.09,32.276
2.111,32.276
2.436,32.274
2.0,32.26
2.021,32.26
2.422,32.257
2.443,32.257
2.0,32.243
2.021,32.243
2.429,32.24
1.979,32.227
2.0,32.227
2.422,32.223
1.958,32.21
1.979,32.21
2.415,32.207
1.945,32.193
1.965,32.193
1.986,32.193
2.422,32.19
1.945,32.177
1.965,32.177
2.401,32.173
2.422,32.173
1.938,32.16
1.958,32.16
2.394,32.156
1.917,32.143
1.938,32.143
2.38,32.14
2.401,32.14
1.91,32.127
1.931,32.126
2.38,32.123
2.401,32.123
1.889,32.11
1.91,32.11
2.373,32.106
2.394,32.106
1.875,32.093
1.896,32.093
2.373,32.089
2.394,32.089
1.868,32.077
1.889,32.076
1.91,32.076
2.366,32.073
1.827,32.06
1.848,32.06
1.868,32.06
2.353,32.056
2.373,32.056
1.827,32.043
1.848,32.043
1.868,32.043
2.352,32.039
1.799,32.027
1.82,32.027
1.841,32.026
2.339,32.023
2.359,32.022
1.792,32.01
1.813,32.01
1.834,32.01
2.339,32.006
2.359,32.006
1.792,31.993
1.813,31.993
2.325,31.989
2.346,31.989
1.778,31.976
1.799,31.976
2.325,31.972
2.345,31.972
1.744,31.96
1.765,31.96
2.311,31.956
2.332,31.955
1.73,31.943
1.751,31.943
2.297,31.939
2.318,31.939
1.688,31.927
1.709,31.927
1.73,31.926
2.283,31.922
2.304,31.922
2.325,31.922
1.695,31.91
1.716,31.91
2.276,31.905
2.297,31.905
2.318,31.905
2.345,31.905
1.681,31.893
1.702,31.893
2.255,31.889
2.276,31.889
2.297,31.889
2.318,31.888
1.668,31.877
1.688,31.876
2.262,31.872
2.283,31.872
2.304,31.872
1.661,31.86
1.681,31.86
2.262,31.855
2.283,31.855
1.661,31.843
2.248,31.839
2.269,31.838
1.619,31.827
1.64,31.826
2.248,31.822
2.269,31.822
1.612,31.81
1.633,31.81
2.255,31.805
2.276,31.805
1.612,31.793
1.633,31.793
2.269,31.788
1.612,31.776
2.241,31.771
1.577,31.743
1.577,31.726
1.114,31.595
1.135,31.595
1.114,31.579
1.135,31.578
1.107,31.562
1.128,31.562
1.1,31.545
1.121,31.545
1.079,31.528
1.1,31.528
1.065,31.512
1.086,31.512
1.107,31.511
1.072,31.495
1.093,31.495
1.058,31.478
1.079,31.478
1.051,31.462
1.072,31.461
1.038,31.445
1.058,31.445
1.079,31.445
1.038,31.428
1.058,31.428
1.079,31.428
1.031,31.411
1.051,31.411
1.01,31.395
1.031,31.395
1.051,31.394
1.017,31.378
1.038,31.378
1.01,31.361
1.031,31.361
0.989,31.344
1.01,31.344
0.954,31.328
0.975,31.328
0.996,31.328
0.961,31.311
0.982,31.311
0.934,31.295
0.954,31.294
0.975,31.294
0.927,31.278
0.948,31.278
0.968,31.277
0.934,31.261
0.954,31.261
0.927,31.244
0.892,31.228
0.913,31.228
0.934,31.227
0.885,31.211
0.906,31.211
0.864,31.194
0.885,31.194
0.857,31.178
0.878,31.177
0.837,31.161
0.857,31.161
0.837,31.144
0.857,31.144
0.823,31.127
0.788,31.111
0.809,31.111
0.83,31.111
0.795,31.094
0.816,31.094
0.781,31.077
0.802,31.077
0.747,31.061
0.767,31.061
0.788,31.061
0.74,31.044
0.76,31.044
0.712,31.028
0.733,31.027
0.712,31.011
0.733,31.011
0.705,30.994
0.726,30.994
0.684,30.977
0.705,30.977
0.726,30.977
0.67,30.961
0.691,30.961
0.712,30.96
0.664,30.944
0.684,30.944
0.705,30.944
0.726,30.943
0.67,30.927
0.691,30.927
0.712,30.927
0.733,30.927
0.753,30.926
0.663,30.91
0.684,30.91
0.705,30.91
0.726,30.91
0.746,30.91
0.767,30.91
0.629,30.894
0.65,30.894
0.753,30.893
0.774,30.893
0.795,30.893
0.622,30.877
0.643,30.877
0.76,30.876
0.781,30.876
0.802,30.876
0.622,30.86
0.753,30.859
0.774,30.859
0.795,30.859
0.601,30.844
0.622,30.844
0.746,30.843
0.767,30.842
0.788,30.842
0.594,30.827
0.615,30.827
0.746,30.826
0.767,30.826
0.788,30.825
0.587,30.81
0.608,30.81
0.753,30.809
0.774,30.809
0.587,30.793
0.608,30.793
0.712,30.792
0.732,30.792
0.753,30.792
0.774,30.792
0.594,30.777
0.705,30.776
0.726,30.776
0.753,30.775
0.774,30.775
0.587,30.76
0.566,30.743
0.587,30.743
0.553,30.727
0.532,30.71
0.553,30.71
0.539,30.693
0.525,30.676
0.546,30.676
0.518,30.66
0.504,30.643
0.525,30.643
0.504,30.626
0.525,30.626
0.497,30.609
0.462,30.593
0.483,30.593
0.462,30.576
0.483,30.576
0.428,30.56
0.449,30.559
0.469,30.559
0.393,30.543
0.414,30.543
0.435,30.543
0.372,30.526
0.393,30.526
0.414,30.526
0.345,30.51
0.366,30.51
0.386,30.51
0.407,30.509
0.338,30.493
0.359,30.493
0.379,30.493
0.331,30.476
0.352,30.476
0.372,30.476
0.303,30.46
0.289,30.443
0.31,30.443
0.289,30.426
0.276,30.41
-0.056,30.395
-0.036,30.395
-0.015,30.395
0.013,30.395
0.262,30.393
-0.05,30.379
-0.029,30.378
-0.008,30.378
0.013,30.378
0.262,30.376
-0.022,30.362
-0.001,30.361
0.02,30.361
0.262,30.359
0.255,30.343
0.248,30.326
0.234,30.309
0.255,30.309
0.227,30.292
0.248,30.292
1.596,30.282
0.234,30.276
1.589,30.265
0.206,30.259
0.227,30.259
0.248,30.259
1.603,30.248
0.227,30.242
0.248,30.242
0.268,30.242
1.61,30.232
0.275,30.225
1.465,30.216
1.617,30.215
0.296,30.208
1.451,30.199
1.617,30.198
0.303,30.191
1.43,30.183
1.451,30.182
1.624,30.181
1.437,30.166
1.458,30.166
1.638,30.164
1.444,30.149
1.631,30.147
1.43,30.132
1.451,30.132
1.645,30.131
1.437,30.115
1.458,30.115
1.658,30.114
1.437,30.099
1.458,30.098
1.665,30.097
1.437,30.082
1.458,30.082
1.672,30.08
1.451,30.065
1.672,30.063
1.444,30.048
1.672,30.046
1.437,30.031
1.458,30.031
1.693,30.029
1.451,30.014
1.686,30.013
1.707,30.013
1.451,29.998
1.693,29.996
1.714,29.996
1.451,29.981
1.7,29.979
1.437,29.964
1.458,29.964
1.437,29.947
1.458,29.947
1.734,29.945
1.444,29.931
1.72,29.928
1.741,29.928
1.437,29.914
1.458,29.914
1.727,29.912
1.748,29.911
1.451,29.897
1.727,29.895
1.748,29.895
1.451,29.88
1.741,29.878
1.762,29.878
1.457,29.863
1.464,29.846
1.485,29.846
0.918,29.834
0.939,29.834
1.464,29.83
1.485,29.83
1.796,29.827
0.939,29.817
0.959,29.817
0.98,29.817
1.001,29.816
1.084,29.816
1.105,29.816
1.125,29.815
1.146,29.815
1.167,29.815
1.188,29.815
1.208,29.815
1.229,29.815
1.25,29.815
1.271,29.814
1.291,29.814
1.312,29.814
1.333,29.814
1.354,29.814
1.471,29.813
1.492,29.813
1.513,29.813
0.966,29.8
0.987,29.8
1.478,29.796
1.499,29.796
1.63,29.761
1.651,29.744
1.665,29.727
1.686,29.727
1.686,29.71
1.706,29.71
1.713,29.693
1.796,29.659
1.803,29.642
1.824,29.642
1.824,29.625
1.851,29.608
1.907,29.574
1.907,29.558
1.927,29.557
1.92,29.541
1.941,29.541
2.149,29.539
2.169,29.539
2.19,29.539
2.211,29.539
2.232,29.538
1.934,29.524
1.955,29.524
2.19,29.522
2.211,29.522
2.232,29.522
1.976,29.49
1.976,29.473
2.854,29.466
2.875,29.466
2.896,29.466
1.976,29.456
2.847,29.45
2.868,29.45
2.889,29.449
2.909,29.449
2.93,29.449
2.951,29.449
2.972,29.449
2.992,29.449
1.969,29.44
1.989,29.439
1.983,29.423
3.124,29.414
3.144,29.414
2.003,29.406
2.003,29.389
2.003,29.372
1.996,29.355
2.017,29.355
2.01,29.339
5.932,29.309
2.01,29.322
1.996,29.305
2.017,29.305
2.003,29.288
2.024,29.288
2.017,29.271
2.01,29.255
2.017,29.238
2.051,29.187
2.058,29.17
2.058,29.153
2.051,29.137
5.814,29.108
2.065,29.12
5.502,29.094
5.814,29.091
2.065,29.103
2.058,29.086
7.432,29.045
2.058,29.07
7.543,28.994
2.01,28.969
2.003,28.952
2.003,28.936
2.003,28.919
2.003,28.902
2.003,28.885
7.999,28.739
7.999,28.722
1.982,28.751
8.165,28.637
8.199,28.62
8.22,28.619
8.234,28.603
8.434,28.551
8.427,28.534
8.448,28.534
8.434,28.517
8.455,28.517
8.476,28.517
8.496,28.517
8.476,28.5
8.496,28.5
2.189,28.397
2.209,28.363
2.223,28.346
2.244,28.329
2.251,28.312
2.251,28.296
2.272,28.296
2.265,28.279
2.285,28.279
2.285,28.262
2.285,28.245
2.306,28.245
2.299,28.228
2.32,28.228
2.306,28.211
2.306,28.195
2.327,28.194
2.334,28.178
2.334,28.161
2.334,28.144
2.341,28.127
2.347,28.11
2.382,28.076
8.149,27.579
8.143,27.562
8.163,27.562
8.184,27.562
8.136,27.545
8.156,27.545
8.177,27.545
8.198,27.545
8.219,27.545
8.136,27.529
8.156,27.528
8.177,27.528
8.198,27.528
8.219,27.528
8.239,27.528
8.26,27.528
8.149,27.512
8.17,27.512
8.191,27.511
8.212,27.511
8.232,27.511
8.253,27.511
8.274,27.511
8.295,27.511
8.315,27.51
8.149,27.495
8.17,27.495
8.191,27.495
8.212,27.494
8.232,27.494
8.253,27.494
8.274,27.494
8.295,27.494
8.315,27.494
8.336,27.494
8.135,27.478
8.156,27.478
8.177,27.478
8.198,27.478
8.218,27.478
8.239,27.477
8.26,27.477
8.281,27.477
8.301,27.477
8.322,27.477
8.343,27.477
2.838,27.502
8.149,27.461
8.17,27.461
8.191,27.461
8.212,27.461
8.232,27.461
8.253,27.461
8.274,27.46
8.295,27.46
8.315,27.46
8.336,27.46
8.357,27.46
8.378,27.46
8.135,27.445
8.156,27.445
8.177,27.444
8.198,27.444
8.218,27.444
8.239,27.444
8.26,27.444
8.281,27.444
8.301,27.443
8.322,27.443
8.343,27.443
8.364,27.443
8.384,27.443
2.838,27.468
8.156,27.428
8.177,27.428
8.198,27.427
8.218,27.427
8.239,27.427
8.26,27.427
8.281,27.427
8.301,27.427
8.322,27.426
8.343,27.426
8.364,27.426
8.384,27.426
8.405,27.426
8.426,27.426
8.156,27.411
8.177,27.411
8.198,27.411
8.218,27.41
8.239,27.41
8.26,27.41
8.281,27.41
8.301,27.41
8.322,27.41
8.343,27.41
8.364,27.409
8.384,27.409
8.405,27.409
8.426,27.409
8.447,27.409
8.467,27.409
8.142,27.394
8.163,27.394
8.184,27.394
8.205,27.394
8.225,27.394
8.246,27.393
8.267,27.393
8.288,27.393
8.308,27.393
8.329,27.393
8.35,27.393
8.371,27.393
8.391,27.392
8.412,27.392
8.433,27.392
8.454,27.392
8.474,27.392
8.495,27.392
8.516,27.391
8.537,27.391
8.557,27.391
8.149,27.377
8.17,27.377
8.191,27.377
8.211,27.377
8.232,27.377
8.253,27.377
8.274,27.376
8.294,27.376
8.315,27.376
8.336,27.376
8.357,27.376
8.377,27.376
8.398,27.376
8.419,27.375
8.44,27.375
8.46,27.375
8.481,27.375
8.502,27.375
8.523,27.375
8.543,27.374
8.564,27.374
8.585,27.374
8.156,27.361
8.177,27.36
8.198,27.36
8.218,27.36
8.239,27.36
8.26,27.36
8.281,27.36
8.301,27.359
8.322,27.359
8.343,27.359
8.364,27.359
8.384,27.359
8.405,27.359
8.426,27.359
8.447,27.358
8.467,27.358
8.488,27.358
8.509,27.358
8.53,27.358
8.55,27.358
8.571,27.357
8.592,27.357
8.17,27.344
8.191,27.344
8.211,27.343
8.232,27.343
8.253,27.343
8.274,27.343
8.294,27.343
8.315,27.343
8.336,27.342
8.357,27.342
8.377,27.342
8.398,27.342
8.419,27.342
8.44,27.342
8.46,27.341
8.481,27.341
8.502,27.341
8.523,27.341
8.543,27.341
8.564,27.341
8.585,27.341
8.606,27.34
8.626,27.34
8.163,27.327
8.184,27.327
8.204,27.327
8.225,27.326
8.246,27.326
8.267,27.326
8.287,27.326
8.308,27.326
8.329,27.326
8.35,27.326
8.37,27.325
8.391,27.325
8.412,27.325
8.433,27.325
8.453,27.325
8.474,27.325
8.495,27.324
8.516,27.324
8.536,27.324
8.557,27.324
8.578,27.324
8.599,27.324
8.619,27.323
8.64,27.323
8.661,27.323
8.177,27.31
8.198,27.31
8.218,27.31
8.239,27.31
8.26,27.309
8.281,27.309
8.301,27.309
8.322,27.309
8.343,27.309
8.364,27.309
8.384,27.308
8.405,27.308
8.426,27.308
8.447,27.308
8.467,27.308
8.488,27.308
8.509,27.308
8.529,27.307
8.55,27.307
8.571,27.307
8.592,27.307
8.612,27.307
8.633,27.307
8.654,27.306
8.17,27.293
8.191,27.293
8.211,27.293
8.232,27.293
8.253,27.293
8.274,27.293
8.294,27.292
8.315,27.292
8.336,27.292
8.357,27.292
8.377,27.292
8.398,27.292
8.419,27.291
8.44,27.291
8.46,27.291
8.481,27.291
8.502,27.291
8.523,27.291
8.543,27.29
8.564,27.29
8.585,27.29
8.606,27.29
8.626,27.29
8.647,27.29
8.17,27.277
8.191,27.276
8.211,27.276
8.232,27.276
8.253,27.276
8.274,27.276
8.294,27.276
8.315,27.275
8.336,27.275
8.357,27.275
8.377,27.275
8.398,27.275
8.419,27.275
8.44,27.274
8.46,27.274
8.481,27.274
8.502,27.274
8.523,27.274
8.543,27.274
8.564,27.274
8.585,27.273
8.606,27.273
8.626,27.273
8.225,27.259
8.246,27.259
8.267,27.259
8.287,27.259
8.308,27.259
8.329,27.259
8.35,27.258
8.37,27.258
8.391,27.258
8.412,27.258
8.433,27.258
8.453,27.258
8.474,27.257
8.495,27.257
8.516,27.257
8.536,27.257
8.557,27.257
8.322,27.242
8.343,27.242
8.363,27.241
8.384,27.241
8.405,27.241
8.426,27.241
8.446,27.241
8.467,27.241
8.488,27.241
8.509,27.24
8.336,27.225
8.356,27.225
8.377,27.225
8.398,27.224
8.419,27.224
8.439,27.224
8.46,27.224
8.481,27.224
2.837,27.25
8.363,27.208
8.384,27.208
8.405,27.208
8.426,27.207
8.446,27.207
8.467,27.207
2.837,27.233
8.384,27.191
8.405,27.191
8.426,27.191
8.21,25.916
4.577,24.785
4.341,23.881
8.309,22.876
7.625,22.865
8.302,22.843
5.743,22.812
5.619,22.712
6.628,22.704
6.649,22.704
6.67,22.704
5.619,22.695
5.619,22.679
7.431,22.564
8.745,22.47
5.266,22.362
5.245,22.346
5.265,22.346
8.862,22.234
8.869,22.217
8.91,21.982
8.75,21.362
8.784,21.21
8.777,21.177
8.473,21.078
8.473,21.062
8.494,21.062
8.48,21.045
8.48,21.028
8.528,20.826
8.535,20.793
8.535,20.776
9.026,20.722
9.026,20.671
10.803,20.624
9.026,20.621
8.611,20.607
8.618,20.59
9.088,20.453
9.088,20.419
8.818,20.169
8.825,20.152
8.818,20.119
6.341,20.087
6.341,20.037
6.341,19.987
6.341,19.936
6.341,19.886
8.907,19.715
8.907,19.698
8.907,19.682
8.907,19.665
8.907,19.648
10.497,19.384
10.469,19.283
8.906,19.195
8.906,19.178
10.49,19.099
6.209,18.98
11.007,18.121
11.0,18.087
11.083,17.885
11.083,17.868
11.318,17.531
11.318,17.497
8.828,17.449
8.807,17.281
8.807,17.264
8.807,17.248
8.807,17.231
8.807,17.214
8.814,17.197
8.821,17.18
8.814,17.147
8.958,16.222
8.951,16.189
8.958,16.172
9.144,15.835
8.646,15.771
8.653,15.754
9.303,15.666
9.303,15.649
9.296,15.632
9.317,15.632
9.303,15.615
9.289,15.598
9.31,15.598
8.853,15.367
9.475,15.144
9.482,15.127
9.482,15.11
9.482,15.093
9.903,14.754
9.862,14.704
9.018,14.56
9.025,14.543
9.025,14.526
9.059,14.526
9.08,14.525
9.018,14.509
10.256,14.483
10.263,14.466
10.919,13.907
10.933,13.806
10.933,13.789
10.919,13.773
9.038,13.77
10.843,13.756
10.863,13.756
10.884,13.756
10.905,13.756
9.038,13.753
10.808,13.74
10.829,13.74
10.85,13.74
10.87,13.739
10.891,13.739
10.912,13.739
10.794,13.723
10.815,13.723
10.836,13.723
10.856,13.723
10.877,13.723
10.898,13.722
10.773,13.707
10.794,13.706
10.815,13.706
10.836,13.706
10.856,13.706
10.877,13.706
10.898,13.706
10.773,13.69
10.794,13.69
10.815,13.689
10.836,13.689
10.856,13.689
10.877,13.689
10.898,13.689
10.78,13.673
10.801,13.673
10.822,13.673
10.843,13.672
10.863,13.672
10.884,13.672
10.905,13.672
10.787,13.656
10.808,13.656
10.829,13.656
10.849,13.656
10.87,13.655
10.891,13.655
10.912,13.655
10.836,13.639
10.856,13.639
10.877,13.639
10.898,13.638
9.037,13.636
11.043,13.57
9.058,13.535
10.856,13.504
9.065,13.501
10.842,13.488
10.863,13.488
9.058,13.485
10.808,13.471
10.828,13.471
10.849,13.471
10.87,13.471
10.78,13.455
10.801,13.455
10.822,13.454
10.842,13.454
10.863,13.454
10.752,13.438
10.773,13.438
10.794,13.438
10.815,13.438
10.835,13.437
10.856,13.437
10.974,13.436
10.725,13.422
10.745,13.421
10.766,13.421
10.787,13.421
10.808,13.421
10.828,13.421
10.849,13.421
10.718,13.405
10.738,13.405
10.759,13.404
10.78,13.404
10.801,13.404
10.821,13.404
10.842,13.404
10.863,13.404
10.738,13.388
10.759,13.388
10.78,13.388
10.801,13.387
10.821,13.387
10.842,13.387
10.863,13.387
10.745,13.371
10.766,13.371
10.787,13.371
10.808,13.371
10.828,13.37
10.849,13.37
10.745,13.354
10.766,13.354
10.787,13.354
10.808,13.354
10.828,13.354
10.849,13.353
10.752,13.337
10.773,13.337
10.794,13.337
10.814,13.337
10.835,13.337
10.856,13.337
10.794,13.32
10.814,13.32
10.835,13.32
10.856,13.32
10.877,13.32
10.828,13.303
10.849,13.303
10.87,13.303
10.891,13.303
10.89,13.286
10.96,13.235
10.98,13.235
10.987,13.218
10.973,13.201
10.994,13.201
10.973,13.185
10.994,13.184
10.966,13.168
10.987,13.168
11.008,13.167
10.973,13.151
10.994,13.151
10.953,13.134
10.973,13.134
10.994,13.134
10.959,13.117
10.98,13.117
11.001,13.117
10.973,13.101
10.959,13.084
10.98,13.084
10.973,13.067
10.966,13.05
8.981,13.049
10.966,13.033
10.966,13.017
10.973,12.983
10.918,12.849
8.891,12.68
11.007,12.664
11.007,12.647
8.849,12.613
8.856,12.596
8.849,12.58
9.202,12.56
10.959,12.446
8.268,12.063
9.277,11.938
12.403,11.881
12.417,11.78
12.424,11.746
12.424,11.696
12.417,11.679
12.438,11.679
9.028,11.688
12.417,11.662
12.438,11.662
12.458,11.662
12.479,11.662
12.417,11.646
12.438,11.645
12.458,11.645
12.479,11.645
12.5,11.645
12.541,11.645
12.444,11.629
12.465,11.628
12.486,11.628
12.507,11.628
12.527,11.628
12.548,11.628
12.465,11.612
12.486,11.611
12.507,11.611
12.527,11.611
12.548,11.611
12.569,11.611
12.479,11.595
12.514,11.594
12.534,11.594
12.555,11.594
9.014,11.604
12.534,11.577
12.555,11.577
9.014,11.588
12.548,11.561
12.569,11.56
12.562,11.544
9.0,11.554
12.569,11.527
8.979,11.538
9.0,11.537
12.59,11.51
8.993,11.521
8.972,11.504
8.952,11.454
12.679,11.408
8.945,11.42
12.693,11.392
8.945,11.403
8.938,11.387
12.755,11.307
8.944,11.269
8.951,11.252
8.944,11.236
12.797,11.206
12.804,11.189
8.93,11.152
12.838,11.122
12.838,11.105
17.921,10.932
13.606,10.948
13.626,10.948
13.647,10.948
12.872,10.937
13.592,10.931
13.612,10.931
13.633,10.931
13.654,10.931
13.675,10.931
12.879,10.92
12.9,10.92
13.571,10.915
13.592,10.915
13.612,10.914
13.633,10.914
13.654,10.914
13.675,10.914
13.695,10.914
8.965,10.933
12.893,10.903
12.914,10.903
12.935,10.903
13.536,10.898
13.557,10.898
13.578,10.898
13.599,10.898
13.619,10.898
13.64,10.897
13.661,10.897
13.682,10.897
13.702,10.897
13.723,10.897
13.744,10.897
8.965,10.916
8.985,10.916
12.921,10.886
12.941,10.886
12.962,10.886
13.488,10.882
13.509,10.882
13.529,10.881
13.55,10.881
13.571,10.881
13.592,10.881
13.612,10.881
13.633,10.881
13.654,10.88
13.675,10.88
13.695,10.88
13.716,10.88
13.737,10.88
13.758,10.88
13.778,10.88
12.914,10.869
12.935,10.869
12.955,10.869
12.976,10.869
13.225,10.867
13.467,10.865
13.488,10.865
13.509,10.865
13.529,10.865
13.55,10.864
13.571,10.864
13.592,10.864
13.612,10.864
13.633,10.864
13.654,10.864
13.675,10.864
13.695,10.863
13.716,10.863
13.737,10.863
13.758,10.863
13.778,10.863
12.935,10.852
12.955,10.852
12.976,10.852
12.997,10.852
13.17,10.851
13.19,10.85
13.211,10.85
13.232,10.85
13.253,10.85
13.273,10.85
13.294,10.85
13.35,10.849
13.37,10.849
13.391,10.849
13.412,10.849
13.433,10.849
13.453,10.848
13.474,10.848
13.495,10.848
13.515,10.848
13.536,10.848
13.557,10.848
13.578,10.847
13.598,10.847
13.619,10.847
13.64,10.847
13.661,10.847
13.681,10.847
13.702,10.847
13.723,10.846
17.589,10.817
12.962,10.835
12.983,10.835
13.004,10.835
13.024,10.835
13.045,10.835
13.121,10.834
13.142,10.834
13.163,10.834
13.183,10.834
13.204,10.834
13.225,10.833
13.246,10.833
13.266,10.833
13.287,10.833
13.308,10.833
13.329,10.833
13.349,10.832
13.37,10.832
13.391,10.832
13.412,10.832
13.432,10.832
13.453,10.832
13.474,10.831
13.495,10.831
13.515,10.831
13.536,10.831
13.557,10.831
13.578,10.831
13.598,10.831
13.619,10.83
13.64,10.83
13.661,10.83
13.681,10.83
13.702,10.83
13.723,10.83
17.582,10.8
12.962,10.819
12.983,10.818
13.004,10.818
13.024,10.818
13.045,10.818
13.066,10.818
13.087,10.818
13.107,10.818
13.128,10.817
13.149,10.817
13.17,10.817
13.19,10.817
13.211,10.817
13.232,10.817
13.253,10.816
13.273,10.816
13.294,10.816
13.315,10.816
13.336,10.816
13.356,10.816
13.377,10.815
13.398,10.815
13.419,10.815
13.543,10.814
13.564,10.814
13.585,10.814
13.605,10.814
13.626,10.814
13.647,10.813
13.668,10.813
13.688,10.813
13.709,10.813
13.73,10.813
13.751,10.813
13.771,10.812
17.582,10.783
12.976,10.802
12.997,10.802
13.017,10.801
13.038,10.801
13.059,10.801
13.08,10.801
13.1,10.801
13.121,10.801
13.142,10.8
13.163,10.8
13.183,10.8
13.204,10.8
13.225,10.8
13.246,10.8
13.266,10.8
13.287,10.799
13.308,10.799
13.329,10.799
13.349,10.799
13.37,10.799
13.391,10.799
13.412,10.798
13.571,10.797
13.592,10.797
13.612,10.797
13.633,10.797
13.654,10.797
13.675,10.796
13.695,10.796
13.716,10.796
13.737,10.796
13.757,10.796
13.778,10.796
12.983,10.785
13.004,10.785
13.024,10.785
13.045,10.784
13.066,10.784
13.087,10.784
13.107,10.784
13.128,10.784
13.149,10.784
13.17,10.783
13.19,10.783
13.211,10.783
13.232,10.783
13.253,10.783
13.273,10.783
13.294,10.783
13.315,10.782
13.336,10.782
13.356,10.782
13.377,10.782
13.398,10.782
13.64,10.78
13.661,10.78
13.681,10.78
13.702,10.779
13.723,10.779
13.744,10.779
13.764,10.779
13.785,10.779
12.997,10.768
13.017,10.768
13.038,10.768
13.059,10.768
13.08,10.767
13.1,10.767
13.121,10.767
13.142,10.767
13.163,10.767
13.183,10.767
13.204,10.766
13.225,10.766
13.246,10.766
13.266,10.766
13.287,10.766
13.308,10.766
13.329,10.765
13.349,10.765
13.702,10.763
13.723,10.762
13.744,10.762
13.764,10.762
13.785,10.762
13.806,10.762
13.052,10.751
13.073,10.751
13.093,10.75
13.114,10.75
13.135,10.75
13.156,10.75
13.176,10.75
13.197,10.75
13.218,10.75
13.239,10.749
13.259,10.749
13.28,10.749
13.716,10.746
13.737,10.746
13.757,10.745
13.778,10.745
13.799,10.745
13.82,10.745
13.066,10.734
13.087,10.734
13.107,10.734
13.128,10.733
13.149,10.733
13.17,10.733
13.19,10.733
13.211,10.733
13.232,10.733
13.253,10.732
13.273,10.732
13.73,10.729
13.75,10.729
13.771,10.728
13.792,10.728
13.813,10.728
13.833,10.728
13.1,10.717
13.121,10.717
13.142,10.717
13.163,10.716
13.183,10.716
13.204,10.716
13.225,10.716
13.246,10.716
13.744,10.712
13.764,10.712
13.785,10.712
13.806,10.711
13.827,10.711
13.847,10.711
13.142,10.7
13.163,10.7
13.183,10.699
13.204,10.699
13.225,10.699
13.771,10.695
13.792,10.695
13.813,10.695
13.833,10.694
13.854,10.694
13.778,10.678
13.799,10.678
13.82,10.678
13.84,10.678
13.861,10.677
13.806,10.661
13.826,10.661
13.847,10.661
13.868,10.661
13.826,10.644
13.847,10.644
13.868,10.644
13.889,10.644
13.833,10.627
13.854,10.627
13.875,10.627
13.896,10.627
13.916,10.627
13.854,10.61
13.875,10.61
13.896,10.61
13.916,10.61
13.937,10.61
13.958,10.61
13.882,10.593
13.902,10.593
13.923,10.593
13.944,10.593
13.965,10.593
13.985,10.593
13.889,10.576
13.909,10.576
13.93,10.576
13.951,10.576
13.972,10.576
13.992,10.576
13.889,10.56
13.909,10.56
13.93,10.559
13.951,10.559
13.972,10.559
13.992,10.559
14.013,10.559
13.895,10.543
13.916,10.543
13.937,10.543
13.958,10.542
13.978,10.542
13.999,10.542
14.02,10.542
14.041,10.542
14.061,10.542
13.902,10.526
13.923,10.526
13.944,10.526
13.965,10.526
13.985,10.525
14.006,10.525
14.027,10.525
14.048,10.525
14.068,10.525
13.909,10.509
13.93,10.509
13.951,10.509
13.972,10.509
13.992,10.509
14.013,10.508
14.034,10.508
14.055,10.508
14.075,10.508
9.324,10.527
13.93,10.492
13.951,10.492
13.972,10.492
13.992,10.492
14.013,10.492
14.034,10.491
14.055,10.491
14.075,10.491
14.096,10.491
13.937,10.475
13.985,10.475
14.006,10.475
14.027,10.475
14.048,10.475
14.068,10.474
14.089,10.474
9.324,10.494
14.006,10.458
14.027,10.458
14.048,10.458
14.068,10.458
14.089,10.457
14.11,10.457
14.006,10.441
14.027,10.441
14.048,10.441
14.068,10.441
14.089,10.441
14.11,10.44
14.02,10.424
14.041,10.424
14.061,10.424
14.082,10.424
14.103,10.424
14.124,10.424
14.041,10.407
14.061,10.407
14.082,10.407
14.103,10.407
14.124,10.407
14.103,10.39
14.124,10.39
10.008,10.405
14.158,10.373
10.015,10.388
10.361,10.385
14.165,10.356
10.022,10.354
10.402,10.318
14.109,10.205
17.63,10.178
14.116,10.189
14.137,10.188
14.179,10.188
14.199,10.188
14.22,10.188
14.241,10.188
14.262,10.187
14.282,10.187
14.303,10.187
17.623,10.162
14.179,10.171
14.199,10.171
14.22,10.171
14.241,10.171
14.262,10.171
14.282,10.17
14.303,10.17
14.324,10.17
17.63,10.145
14.22,10.154
14.241,10.154
14.262,10.154
14.282,10.154
14.303,10.154
14.324,10.153
14.345,10.153
14.241,10.137
14.262,10.137
14.282,10.137
14.303,10.137
14.324,10.137
14.345,10.136
14.255,10.12
14.275,10.12
14.296,10.12
14.317,10.12
14.338,10.12
14.358,10.12
14.289,10.103
14.31,10.103
14.331,10.103
14.351,10.103
14.372,10.103
9.448,10.124
14.303,10.086
14.324,10.086
14.344,10.086
14.365,10.086
14.386,10.086
14.324,10.069
14.344,10.069
14.365,10.069
14.386,10.069
14.407,10.069
14.344,10.052
14.365,10.052
14.386,10.052
14.407,10.052
14.351,10.036
14.372,10.035
14.393,10.035
14.414,10.035
14.365,10.019
14.386,10.019
14.407,10.018
14.427,10.018
14.372,10.002
14.393,10.002
14.414,10.002
14.434,10.001
14.455,10.001
17.602,9.977
14.386,9.985
14.407,9.985
14.427,9.985
14.448,9.985
17.567,9.961
17.588,9.96
14.393,9.968
14.413,9.968
14.434,9.968
14.455,9.968
14.476,9.968
17.553,9.944
17.574,9.944
17.595,9.944
14.427,9.951
14.448,9.951
14.469,9.951
14.49,9.951
17.546,9.927
17.567,9.927
14.434,9.934
14.455,9.934
14.476,9.934
14.496,9.934
14.42,9.918
14.441,9.917
14.462,9.917
14.483,9.917
14.503,9.917
14.524,9.917
14.434,9.901
14.455,9.901
14.476,9.9
14.496,9.9
14.517,9.9
14.538,9.9
14.434,9.884
14.455,9.884
14.476,9.884
14.496,9.883
14.517,9.883
14.538,9.883
14.559,9.883
14.427,9.867
14.448,9.867
14.469,9.867
14.489,9.867
14.51,9.867
14.531,9.866
14.552,9.866
14.572,9.866
14.427,9.85
14.448,9.85
14.469,9.85
14.489,9.85
14.51,9.85
14.531,9.85
14.552,9.849
14.572,9.849
14.593,9.849
14.42,9.834
14.441,9.833
14.462,9.833
14.482,9.833
14.503,9.833
14.524,9.833
14.545,9.833
14.565,9.832
14.586,9.832
14.607,9.832
14.413,9.817
14.434,9.817
14.455,9.817
14.476,9.816
14.496,9.816
14.517,9.816
14.538,9.816
14.559,9.816
14.579,9.816
14.6,9.815
14.621,9.815
14.413,9.8
14.434,9.8
14.455,9.8
14.475,9.8
14.496,9.799
14.517,9.799
14.538,9.799
14.558,9.799
14.579,9.799
14.6,9.799
14.621,9.798
14.406,9.783
14.427,9.783
14.448,9.783
14.469,9.783
14.489,9.783
14.51,9.783
14.531,9.782
14.552,9.782
14.572,9.782
14.593,9.782
14.614,9.782
14.635,9.782
9.627,9.803
14.42,9.766
14.441,9.766
14.462,9.766
14.482,9.766
14.503,9.766
14.524,9.766
14.545,9.765
14.565,9.765
14.586,9.765
14.607,9.765
14.628,9.765
14.648,9.765
9.62,9.786
9.641,9.786
14.434,9.75
14.455,9.749
14.475,9.749
14.496,9.749
14.517,9.749
14.538,9.749
14.558,9.749
14.579,9.748
14.6,9.748
14.621,9.748
14.641,9.748
14.662,9.748
9.627,9.77
14.427,9.733
14.448,9.733
14.468,9.732
14.489,9.732
14.51,9.732
14.531,9.732
14.551,9.732
14.572,9.732
14.593,9.732
14.614,9.731
14.634,9.731
14.655,9.731
14.676,9.731
9.627,9.753
14.441,9.716
14.462,9.716
14.482,9.716
14.503,9.715
14.524,9.715
14.545,9.715
14.565,9.715
14.586,9.715
14.607,9.715
14.628,9.714
14.648,9.714
14.669,9.714
14.69,9.714
14.711,9.714
9.634,9.736
14.468,9.699
14.489,9.699
14.51,9.699
14.531,9.698
14.551,9.698
14.572,9.698
14.593,9.698
14.614,9.698
14.634,9.698
14.655,9.697
14.676,9.697
14.697,9.697
14.717,9.697
9.634,9.719
14.496,9.682
14.517,9.682
14.538,9.682
14.558,9.681
14.579,9.681
14.6,9.681
14.621,9.681
14.641,9.681
14.662,9.681
14.683,9.68
14.704,9.68
14.724,9.68
9.634,9.702
14.51,9.665
14.531,9.665
14.551,9.665
14.572,9.665
14.593,9.664
14.614,9.664
14.634,9.664
14.655,9.664
14.676,9.664
14.697,9.664
14.717,9.663
14.738,9.663
9.634,9.686
14.517,9.648
14.538,9.648
14.558,9.648
14.579,9.648
14.6,9.648
14.621,9.647
14.641,9.647
14.662,9.647
14.683,9.647
14.704,9.647
14.724,9.647
14.745,9.646
9.634,9.669
10.803,9.66
14.538,9.631
14.558,9.631
14.579,9.631
14.6,9.631
14.621,9.631
14.641,9.63
14.662,9.63
14.683,9.63
14.704,9.63
14.724,9.63
14.745,9.63
9.634,9.652
14.565,9.614
14.586,9.614
14.607,9.614
14.627,9.614
14.648,9.614
14.669,9.613
14.69,9.613
14.71,9.613
14.731,9.613
14.752,9.613
9.634,9.635
14.634,9.597
14.655,9.597
14.676,9.597
14.697,9.596
14.717,9.596
14.738,9.596
14.759,9.596
14.897,9.595
14.918,9.595
10.837,9.609
14.641,9.58
14.662,9.58
14.683,9.58
14.703,9.58
14.724,9.579
14.745,9.579
14.766,9.579
14.786,9.579
14.849,9.578
14.869,9.578
14.89,9.578
14.911,9.578
14.932,9.578
14.952,9.578
14.973,9.578
14.994,9.577
14.634,9.563
14.655,9.563
14.676,9.563
14.697,9.563
14.717,9.563
14.738,9.563
14.759,9.562
14.78,9.562
14.8,9.562
14.821,9.562
14.842,9.562
14.862,9.562
14.883,9.561
14.904,9.561
14.925,9.561
14.945,9.561
14.966,9.561
14.987,9.561
15.008,9.56
10.803,9.576
10.823,9.576
12.144,9.566
12.165,9.565
12.186,9.565
14.648,9.546
14.669,9.546
14.69,9.546
14.71,9.546
14.731,9.546
14.752,9.546
14.773,9.545
14.793,9.545
14.814,9.545
14.835,9.545
14.856,9.545
14.876,9.545
14.897,9.545
14.918,9.544
14.939,9.544
14.959,9.544
14.98,9.544
15.001,9.544
15.022,9.544
10.803,9.559
12.124,9.549
12.144,9.549
12.165,9.549
12.186,9.548
14.648,9.53
14.669,9.529
14.69,9.529
14.71,9.529
14.731,9.529
14.752,9.529
14.773,9.529
14.793,9.529
14.814,9.528
14.835,9.528
14.856,9.528
14.876,9.528
14.897,9.528
14.918,9.528
14.939,9.527
14.959,9.527
14.98,9.527
15.001,9.527
15.022,9.527
14.669,9.513
14.69,9.513
14.71,9.512
14.731,9.512
14.752,9.512
14.773,9.512
14.793,9.512
14.814,9.512
14.835,9.511
14.856,9.511
14.876,9.511
14.897,9.511
14.918,9.511
14.939,9.511
14.959,9.51
14.98,9.51
15.001,9.51
15.022,9.51
15.042,9.51
14.69,9.496
14.71,9.496
14.731,9.495
14.752,9.495
14.772,9.495
14.793,9.495
14.814,9.495
14.835,9.495
14.855,9.494
14.876,9.494
14.897,9.494
14.918,9.494
14.938,9.494
14.959,9.494
14.98,9.494
15.001,9.493
15.021,9.493
15.042,9.493
15.063,9.493
11.052,9.507
14.683,9.479
14.703,9.479
14.724,9.479
14.745,9.479
14.766,9.478
14.786,9.478
14.807,9.478
14.828,9.478
14.849,9.478
14.869,9.478
14.89,9.477
14.911,9.477
14.932,9.477
14.952,9.477
14.973,9.477
14.994,9.477
15.015,9.476
15.035,9.476
15.056,9.476
15.077,9.476
11.038,9.49
14.683,9.462
14.703,9.462
14.724,9.462
14.745,9.462
14.766,9.462
14.786,9.461
14.807,9.461
14.828,9.461
14.849,9.461
14.869,9.461
14.89,9.461
14.911,9.46
14.932,9.46
14.952,9.46
14.973,9.46
14.994,9.46
15.015,9.46
15.035,9.46
15.056,9.459
15.077,9.459
17.131,9.443
14.689,9.445
14.71,9.445
14.731,9.445
14.752,9.445
14.772,9.445
14.793,9.445
14.814,9.444
14.835,9.444
14.855,9.444
14.876,9.444
14.897,9.444
14.918,9.444
14.938,9.443
14.959,9.443
14.98,9.443
15.001,9.443
15.021,9.443
15.042,9.443
15.063,9.443
15.084,9.442
9.585,9.468
14.703,9.428
14.724,9.428
14.745,9.428
14.765,9.428
14.786,9.428
14.807,9.428
14.828,9.428
14.848,9.427
14.869,9.427
14.89,9.427
14.911,9.427
14.931,9.427
14.952,9.427
14.973,9.426
14.994,9.426
15.014,9.426
15.035,9.426
15.056,9.426
15.077,9.426
15.097,9.425
15.388,9.423
15.409,9.423
15.429,9.423
15.45,9.423
15.471,9.423
15.492,9.422
9.599,9.451
14.738,9.411
14.759,9.411
14.779,9.411
14.8,9.411
14.821,9.411
14.842,9.411
14.862,9.41
14.883,9.41
14.904,9.41
14.925,9.41
14.945,9.41
14.966,9.41
14.987,9.41
15.008,9.409
15.028,9.409
15.049,9.409
15.07,9.409
15.091,9.409
15.111,9.409
15.291,9.407
15.312,9.407
15.333,9.407
15.353,9.407
15.374,9.407
15.395,9.406
15.416,9.406
15.436,9.406
15.457,9.406
15.478,9.406
15.499,9.406
15.519,9.405
9.599,9.434
14.759,9.394
14.779,9.394
14.8,9.394
14.821,9.394
14.842,9.394
14.862,9.394
14.883,9.394
14.904,9.393
14.925,9.393
14.945,9.393
14.966,9.393
14.987,9.393
15.008,9.393
15.028,9.392
15.049,9.392
15.07,9.392
15.091,9.392
15.111,9.392
15.132,9.392
15.236,9.391
15.257,9.391
15.277,9.39
15.298,9.39
15.319,9.39
15.339,9.39
15.36,9.39
15.381,9.39
15.402,9.39
15.422,9.389
15.443,9.389
15.464,9.389
15.485,9.389
15.505,9.389
15.526,9.389
15.547,9.388
15.568,9.388
15.588,9.388
15.609,9.388
9.592,9.417
10.968,9.407
14.772,9.378
14.793,9.377
14.814,9.377
14.835,9.377
14.855,9.377
14.876,9.377
14.897,9.377
14.918,9.376
14.938,9.376
14.959,9.376
14.98,9.376
15.001,9.376
15.021,9.376
15.042,9.376
15.063,9.375
15.084,9.375
15.104,9.375
15.125,9.375
15.146,9.375
15.167,9.375
15.187,9.374
15.208,9.374
15.229,9.374
15.25,9.374
15.27,9.374
15.291,9.374
15.312,9.373
15.333,9.373
15.353,9.373
15.374,9.373
15.395,9.373
15.416,9.373
15.436,9.372
15.457,9.372
15.478,9.372
15.499,9.372
15.519,9.372
15.54,9.372
15.561,9.372
15.582,9.371
15.602,9.371
15.623,9.371
15.644,9.371
9.592,9.4
10.948,9.39
14.772,9.361
14.793,9.361
14.814,9.36
14.835,9.36
14.855,9.36
14.876,9.36
14.897,9.36
14.918,9.36
14.938,9.36
14.959,9.359
14.98,9.359
15.001,9.359
15.021,9.359
15.042,9.359
15.063,9.359
15.084,9.358
15.104,9.358
15.125,9.358
15.146,9.358
15.167,9.358
15.187,9.358
15.208,9.357
15.229,9.357
15.25,9.357
15.27,9.357
15.291,9.357
15.312,9.357
15.333,9.356
15.353,9.356
15.374,9.356
15.395,9.356
15.416,9.356
15.436,9.356
15.457,9.356
15.478,9.355
15.499,9.355
15.519,9.355
15.54,9.355
15.561,9.355
15.582,9.355
15.602,9.354
15.623,9.354
15.644,9.354
15.665,9.354
20.271,9.319
9.599,9.384
14.793,9.344
14.814,9.344
14.835,9.344
14.855,9.343
14.876,9.343
14.897,9.343
14.918,9.343
14.938,9.343
14.959,9.343
14.98,9.342
15.001,9.342
15.021,9.342
15.042,9.342
15.063,9.342
15.084,9.342
15.104,9.341
15.125,9.341
15.146,9.341
15.167,9.341
15.187,9.341
15.208,9.341
15.229,9.34
15.25,9.34
15.27,9.34
15.291,9.34
15.312,9.34
15.333,9.34
15.353,9.34
15.374,9.339
15.395,9.339
15.416,9.339
15.436,9.339
15.457,9.339
15.478,9.339
15.499,9.338
15.519,9.338
15.54,9.338
15.561,9.338
15.581,9.338
15.602,9.338
15.623,9.337
15.644,9.337
15.664,9.337
15.685,9.337
15.706,9.337
9.599,9.367
14.835,9.327
14.855,9.327
14.876,9.326
14.897,9.326
14.918,9.326
14.938,9.326
14.959,9.326
14.98,9.326
15.001,9.325
15.021,9.325
15.042,9.325
15.063,9.325
15.084,9.325
15.104,9.325
15.125,9.324
15.146,9.324
15.167,9.324
15.187,9.324
15.208,9.324
15.229,9.324
15.249,9.324
15.27,9.323
15.291,9.323
15.312,9.323
15.332,9.323
15.353,9.323
15.374,9.323
15.395,9.322
15.415,9.322
15.436,9.322
15.457,9.322
15.478,9.322
15.498,9.322
15.519,9.321
15.54,9.321
15.561,9.321
15.581,9.321
15.602,9.321
15.623,9.321
15.644,9.321
15.664,9.32
15.685,9.32
15.706,9.32
15.727,9.32
15.747,9.32
15.768,9.32
9.585,9.35
14.841,9.31
14.876,9.31
14.897,9.309
14.918,9.309
14.938,9.309
14.959,9.309
14.98,9.309
15.0,9.309
15.021,9.309
15.042,9.308
15.063,9.308
15.083,9.308
15.104,9.308
15.125,9.308
15.146,9.308
15.166,9.307
15.187,9.307
15.208,9.307
15.229,9.307
15.249,9.307
15.27,9.307
15.291,9.306
15.312,9.306
15.332,9.306
15.353,9.306
15.374,9.306
15.395,9.306
15.415,9.305
15.436,9.305
15.457,9.305
15.478,9.305
15.498,9.305
15.519,9.305
15.54,9.305
15.561,9.304
15.581,9.304
15.602,9.304
15.623,9.304
15.644,9.304
15.664,9.304
15.685,9.303
15.706,9.303
15.727,9.303
15.747,9.303
15.768,9.303
15.789,9.303
9.592,9.333
11.369,9.32
14.897,9.293
14.917,9.293
14.938,9.292
14.959,9.292
14.98,9.292
15.0,9.292
15.021,9.292
15.042,9.292
15.063,9.291
15.083,9.291
15.104,9.291
15.125,9.291
15.146,9.291
15.166,9.291
15.187,9.29
15.208,9.29
15.229,9.29
15.249,9.29
15.27,9.29
15.291,9.29
15.312,9.289
15.332,9.289
15.353,9.289
15.374,9.289
15.395,9.289
15.415,9.289
15.436,9.289
15.457,9.288
15.478,9.288
15.498,9.288
15.519,9.288
15.54,9.288
15.561,9.288
15.581,9.287
15.602,9.287
15.623,9.287
15.644,9.287
15.664,9.287
15.685,9.287
15.706,9.286
15.727,9.286
15.747,9.286
15.768,9.286
15.789,9.286
15.81,9.286
9.599,9.316
14.924,9.276
14.945,9.276
14.966,9.275
14.987,9.275
15.007,9.275
15.028,9.275
15.049,9.275
15.07,9.275
15.09,9.274
15.111,9.274
15.132,9.274
15.153,9.274
15.173,9.274
15.194,9.274
15.215,9.273
15.236,9.273
15.256,9.273
15.277,9.273
15.298,9.273
15.319,9.273
15.339,9.272
15.36,9.272
15.381,9.272
15.402,9.272
15.422,9.272
15.443,9.272
15.464,9.272
15.485,9.271
15.505,9.271
15.526,9.271
15.547,9.271
15.568,9.271
15.588,9.271
15.609,9.27
15.63,9.27
15.651,9.27
15.671,9.27
15.692,9.27
15.713,9.27
15.734,9.269
15.754,9.269
15.775,9.269
15.796,9.269
15.817,9.269
9.592,9.3
14.98,9.258
15.0,9.258
15.021,9.258
15.042,9.258
15.063,9.258
15.083,9.258
15.104,9.257
15.125,9.257
15.146,9.257
15.166,9.257
15.187,9.257
15.208,9.257
15.229,9.257
15.249,9.256
15.27,9.256
15.291,9.256
15.312,9.256
15.332,9.256
15.353,9.256
15.374,9.255
15.395,9.255
15.415,9.255
15.436,9.255
15.457,9.255
15.478,9.255
15.498,9.254
15.519,9.254
15.54,9.254
15.561,9.254
15.581,9.254
15.602,9.254
15.623,9.254
15.644,9.253
15.664,9.253
15.685,9.253
15.706,9.253
15.727,9.253
15.747,9.253
15.768,9.252
15.789,9.252
15.81,9.252
15.83,9.252
9.592,9.283
15.0,9.241
15.021,9.241
15.042,9.241
15.063,9.241
15.083,9.241
15.104,9.241
15.125,9.241
15.146,9.24
15.166,9.24
15.187,9.24
15.208,9.24
15.229,9.24
15.249,9.24
15.27,9.239
15.291,9.239
15.312,9.239
15.332,9.239
15.353,9.239
15.374,9.239
15.395,9.238
15.415,9.238
15.436,9.238
15.457,9.238
15.478,9.238
15.498,9.238
15.519,9.238
15.54,9.237
15.561,9.237
15.581,9.237
15.602,9.237
15.623,9.237
15.644,9.237
15.664,9.236
15.685,9.236
15.706,9.236
15.727,9.236
15.747,9.236
15.768,9.236
15.789,9.235
15.81,9.235
15.83,9.235
15.851,9.235
15.872,9.235
15.007,9.225
15.028,9.224
15.049,9.224
15.076,9.224
15.097,9.224
15.118,9.224
15.139,9.224
15.159,9.223
15.18,9.223
15.201,9.223
15.222,9.223
15.242,9.223
15.263,9.223
15.284,9.223
15.305,9.222
15.325,9.222
15.346,9.222
15.367,9.222
15.388,9.222
15.408,9.222
15.429,9.221
15.45,9.221
15.471,9.221
15.491,9.221
15.512,9.221
15.533,9.221
15.554,9.22
15.574,9.22
15.595,9.22
15.616,9.22
15.637,9.22
15.657,9.22
15.678,9.22
15.761,9.219
15.782,9.219
15.803,9.219
15.823,9.218
15.844,9.218
15.865,9.218
15.097,9.207
15.118,9.207
15.139,9.207
15.159,9.207
15.18,9.207
15.201,9.206
15.222,9.206
15.242,9.206
15.263,9.206
15.284,9.206
15.305,9.206
15.325,9.205
15.346,9.205
15.367,9.205
15.388,9.205
15.408,9.205
15.429,9.205
15.45,9.204
15.471,9.204
15.491,9.204
15.512,9.204
15.533,9.204
15.554,9.204
15.574,9.204
15.595,9.203
15.616,9.203
15.637,9.203
15.657,9.203
15.81,9.202
15.83,9.202
15.851,9.201
15.111,9.19
15.132,9.19
15.152,9.19
15.173,9.19
15.194,9.19
15.215,9.189
15.235,9.189
15.256,9.189
15.277,9.189
15.298,9.189
15.318,9.189
15.339,9.189
15.36,9.188
15.381,9.188
15.401,9.188
15.422,9.188
15.443,9.188
15.464,9.188
15.484,9.187
15.505,9.187
15.526,9.187
15.547,9.187
15.567,9.187
15.588,9.187
15.609,9.186
15.63,9.186
15.948,9.184
11.501,9.201
15.125,9.173
15.146,9.173
15.166,9.173
15.187,9.173
15.208,9.173
15.229,9.173
15.249,9.172
15.27,9.172
15.291,9.172
15.312,9.172
15.332,9.172
15.353,9.172
15.374,9.171
15.395,9.171
15.415,9.171
15.436,9.171
15.457,9.171
15.478,9.171
15.498,9.171
15.519,9.17
15.54,9.17
15.561,9.17
15.581,9.17
15.602,9.17
15.955,9.167
15.976,9.167
9.613,9.199
15.146,9.156
15.166,9.156
15.187,9.156
15.208,9.156
15.229,9.156
15.249,9.156
15.27,9.155
15.291,9.155
15.312,9.155
15.332,9.155
15.353,9.155
15.374,9.155
15.395,9.155
15.415,9.154
15.436,9.154
15.457,9.154
15.478,9.154
15.498,9.154
15.519,9.154
15.962,9.15
15.982,9.15
9.606,9.182
15.146,9.14
15.166,9.139
15.187,9.139
15.208,9.139
15.229,9.139
15.249,9.139
15.27,9.139
15.291,9.139
15.312,9.138
15.332,9.138
15.353,9.138
15.374,9.138
15.394,9.138
15.415,9.138
15.436,9.137
15.457,9.137
15.477,9.137
15.498,9.137
15.519,9.137
15.975,9.133
15.996,9.133
9.613,9.165
15.166,9.123
15.187,9.123
15.208,9.122
15.228,9.122
15.249,9.122
15.27,9.122
15.291,9.122
15.311,9.122
15.332,9.121
15.353,9.121
15.374,9.121
15.394,9.121
15.415,9.121
15.436,9.121
15.457,9.12
15.477,9.12
15.498,9.12
15.969,9.117
15.989,9.116
16.01,9.116
15.215,9.106
15.235,9.105
15.256,9.105
15.996,9.1
11.542,9.083
11.542,9.066
11.542,9.05
9.488,9.015
9.509,9.015
9.488,8.998
9.509,8.998
9.495,8.981
9.488,8.965
9.509,8.965
9.502,8.948
9.508,8.931
9.515,8.914
11.535,8.882
16.535,8.793
16.556,8.793
16.508,8.777
16.528,8.776
16.549,8.776
19.938,8.75
16.535,8.76
9.633,8.678
12.474,7.985
12.543,7.816
12.571,7.715
12.592,7.715
12.585,7.698
12.605,7.698
12.592,7.682
12.612,7.681
12.633,7.681
12.605,7.665
12.626,7.665
12.647,7.664
12.598,7.648
12.619,7.648
12.64,7.648
12.661,7.648
12.681,7.647
12.626,7.631
12.647,7.631
12.668,7.631
12.688,7.631
12.64,7.614
12.661,7.614
12.654,7.597
15.42,7.475
15.441,7.475
15.462,7.475
15.482,7.475
15.503,7.475
15.399,7.459
15.42,7.458
15.441,7.458
15.461,7.458
15.482,7.458
15.503,7.458
15.524,7.458
15.378,7.442
15.399,7.442
15.42,7.442
15.441,7.442
15.461,7.441
15.482,7.441
15.503,7.441
15.524,7.441
15.544,7.441
15.372,7.425
15.392,7.425
15.413,7.425
15.434,7.425
15.455,7.425
15.475,7.424
15.496,7.424
15.517,7.424
15.538,7.424
15.351,7.409
15.372,7.408
15.392,7.408
15.413,7.408
15.434,7.408
15.454,7.408
15.475,7.408
15.496,7.408
15.517,7.407
15.537,7.407
15.344,7.392
15.365,7.392
15.385,7.392
15.406,7.391
15.427,7.391
15.448,7.391
15.468,7.391
15.489,7.391
15.51,7.391
15.531,7.39
15.337,7.375
15.358,7.375
15.378,7.375
15.399,7.375
15.42,7.375
15.441,7.374
15.461,7.374
15.482,7.374
15.503,7.374
15.323,7.358
15.344,7.358
15.365,7.358
15.385,7.358
15.406,7.358
15.427,7.358
15.448,7.358
15.468,7.357
15.489,7.357
15.309,7.342
15.33,7.342
15.351,7.341
15.371,7.341
15.392,7.341
15.413,7.341
15.434,7.341
15.454,7.341
15.475,7.341
15.302,7.325
15.323,7.325
15.344,7.325
15.364,7.325
15.385,7.324
15.406,7.324
15.427,7.324
15.447,7.324
15.468,7.324
15.295,7.308
15.316,7.308
15.337,7.308
15.358,7.308
15.378,7.308
15.399,7.308
15.42,7.307
15.441,7.307
15.288,7.292
15.309,7.291
15.33,7.291
15.351,7.291
15.371,7.291
15.392,7.291
15.268,7.275
15.288,7.275
15.309,7.275
15.33,7.274
15.351,7.274
15.371,7.274
15.392,7.274
15.268,7.258
15.288,7.258
15.309,7.258
15.33,7.258
15.351,7.258
15.371,7.257
15.261,7.241
15.281,7.241
15.302,7.241
15.323,7.241
15.344,7.241
15.233,7.225
15.254,7.225
15.274,7.225
15.295,7.224
15.316,7.224
15.233,7.208
15.254,7.208
15.274,7.208
15.295,7.208
15.212,7.191
15.233,7.191
15.254,7.191
15.274,7.191
11.63,7.202
15.226,7.175
15.247,7.174
15.267,7.174
11.636,7.185
15.212,7.158
15.233,7.158
15.261,7.157
13.02,7.091
13.02,7.074
13.04,7.074
13.026,7.057
13.047,7.057
13.026,7.04
13.047,7.04
13.019,7.024
13.04,7.023
13.061,7.023
13.033,7.007
13.054,7.006
13.075,7.006
13.047,6.99
13.068,6.99
13.054,6.973
13.075,6.973
13.061,6.956
13.082,6.956
11.899,6.797
14.672,6.625
14.679,6.574
13.219,6.552
13.219,6.535
12.05,6.443
12.043,6.41
12.043,6.393
19.043,6.339
12.05,6.376
12.043,6.359
12.043,6.343
12.043,6.326
13.392,6.282
13.551,6.18
13.572,6.18
13.537,6.163
13.558,6.163
13.579,6.163
13.599,6.163
13.579,6.146
13.599,6.146
13.606,6.129
13.627,6.129
13.634,6.112
13.655,6.112
13.62,6.095
13.641,6.095
13.661,6.095
13.682,6.095
14.007,5.857
18.426,5.706
14.097,5.706
18.426,5.672
14.111,5.689
14.11,5.672
14.11,5.655
14.131,5.655
14.138,5.638
14.131,5.621
14.152,5.621
14.256,5.604
17.748,5.543
17.769,5.543
17.79,5.543
17.811,5.543
17.831,5.543
16.6,5.535
16.69,5.535
16.711,5.534
16.732,5.534
17.714,5.527
17.734,5.527
17.755,5.526
17.776,5.526
17.797,5.526
17.817,5.526
17.838,5.526
17.976,5.525
18.046,5.524
18.066,5.524
18.087,5.524
16.732,5.518
16.752,5.517
17.679,5.51
17.7,5.51
17.721,5.51
17.741,5.51
17.762,5.51
17.783,5.509
17.804,5.509
17.824,5.509
17.99,5.508
18.011,5.508
17.707,5.493
17.727,5.493
17.748,5.493
17.769,5.493
14.753,5.465
14.774,5.465
14.664,5.449
14.684,5.449
14.705,5.449
14.726,5.449
14.746,5.449
14.767,5.449
14.788,5.448
14.809,5.448
14.636,5.433
14.657,5.433
14.677,5.432
14.698,5.432
14.719,5.432
14.74,5.432
14.76,5.432
14.781,5.432
14.802,5.432
14.823,5.431
14.622,5.416
14.643,5.416
14.663,5.416
14.684,5.416
14.705,5.415
14.726,5.415
14.746,5.415
14.767,5.415
14.788,5.415
14.809,5.415
14.829,5.415
14.85,5.414
14.636,5.399
14.657,5.399
14.677,5.399
14.698,5.399
14.719,5.399
14.74,5.398
14.76,5.398
14.781,5.398
14.802,5.398
14.823,5.398
14.843,5.398
14.864,5.397
14.656,5.382
14.677,5.382
14.698,5.382
14.719,5.382
14.739,5.382
14.76,5.381
14.781,5.381
14.802,5.381
14.822,5.381
14.843,5.381
14.864,5.381
14.885,5.381
14.905,5.38
14.677,5.365
14.698,5.365
14.719,5.365
14.739,5.365
14.76,5.365
14.781,5.365
14.802,5.364
14.822,5.364
14.843,5.364
14.864,5.364
14.885,5.364
14.905,5.364
14.926,5.363
14.947,5.363
14.968,5.363
14.988,5.363
14.67,5.349
14.691,5.348
14.712,5.348
14.733,5.348
14.753,5.348
14.774,5.348
14.795,5.348
14.816,5.347
14.836,5.347
14.857,5.347
14.878,5.347
14.899,5.347
14.919,5.347
14.94,5.347
14.961,5.346
14.982,5.346
15.002,5.346
15.023,5.346
15.044,5.346
15.065,5.346
15.085,5.345
15.106,5.345
14.822,5.331
14.843,5.33
14.864,5.33
14.885,5.33
14.905,5.33
14.926,5.33
14.947,5.33
14.968,5.33
14.988,5.329
15.009,5.329
15.03,5.329
15.051,5.329
15.071,5.329
15.092,5.329
15.113,5.328
15.134,5.328
15.154,5.328
15.175,5.328
14.892,5.313
14.912,5.313
14.933,5.313
14.954,5.313
14.975,5.313
14.995,5.313
15.016,5.312
15.037,5.312
15.058,5.312
15.078,5.312
15.099,5.312
15.12,5.312
15.141,5.311
15.161,5.311
15.182,5.311
15.265,5.31
15.286,5.31
14.94,5.296
14.961,5.296
14.981,5.296
15.002,5.296
15.051,5.295
15.071,5.295
15.092,5.295
15.113,5.295
15.134,5.295
15.154,5.295
15.099,5.278
15.12,5.278
15.32,5.26
15.327,5.243
15.645,5.224
15.625,5.207
15.645,5.207
15.666,5.207
15.611,5.19
15.631,5.19
15.652,5.19
15.583,5.174
15.604,5.174
15.625,5.173
15.59,5.157
18.719,2.01
18.74,2.01
18.76,2.01
18.705,1.993
18.726,1.993
18.747,1.993
18.698,1.976
18.719,1.976
18.698,1.96
