x_km,y_km,src
5.599,51.497,map1_tophat
5.658,51.498,map1_tophat
5.54,51.397,map1_tophat
5.6,51.397,map1_tophat
5.481,51.296,map1_tophat
5.541,51.297,map1_tophat
5.423,51.195,map1_tophat
5.482,51.196,map1_tophat
5.364,51.095,map1_tophat
5.423,51.096,map1_tophat
15.487,51.203,map1_tophat
5.305,50.994,map1_tophat
5.364,50.995,map1_tophat
15.428,51.102,map1_tophat
15.488,51.103,map1_tophat
5.246,50.894,map1_tophat
5.305,50.894,map1_tophat
15.37,51.002,map1_tophat
15.429,51.002,map1_tophat
15.488,51.003,map1_tophat
5.187,50.793,map1_tophat
5.247,50.794,map1_tophat
5.306,50.794,map1_tophat
15.311,50.901,map1_tophat
15.37,50.902,map1_tophat
15.429,50.902,map1_tophat
15.488,50.903,map1_tophat
5.129,50.692,map1_tophat
5.188,50.693,map1_tophat
5.247,50.694,map1_tophat
15.311,50.801,map1_tophat
15.37,50.802,map1_tophat
15.43,50.802,map1_tophat
15.489,50.803,map1_tophat
5.129,50.592,map1_tophat
5.188,50.593,map1_tophat
15.312,50.701,map1_tophat
5.129,50.492,map1_tophat
5.188,50.493,map1_tophat
5.07,50.392,map1_tophat
5.13,50.392,map1_tophat
4.952,50.291,map1_tophat
5.012,50.291,map1_tophat
5.071,50.292,map1_tophat
4.894,50.19,map1_tophat
4.953,50.191,map1_tophat
5.012,50.191,map1_tophat
5.071,50.192,map1_tophat
15.195,50.3,map1_tophat
4.539,50.086,map1_tophat
4.598,50.087,map1_tophat
4.657,50.087,map1_tophat
4.716,50.088,map1_tophat
4.776,50.089,map1_tophat
4.835,50.089,map1_tophat
4.894,50.09,map1_tophat
4.953,50.091,map1_tophat
15.195,50.2,map1_tophat
4.539,49.986,map1_tophat
4.598,49.987,map1_tophat
4.658,49.987,map1_tophat
4.717,49.988,map1_tophat
4.776,49.989,map1_tophat
4.835,49.989,map1_tophat
15.195,50.1,map1_tophat
15.331,45.502,map1_tophat
12.614,43.773,map1_tophat
12.555,43.672,map1_tophat
12.615,43.673,map1_tophat
12.674,43.674,map1_tophat
12.733,43.674,map1_tophat
12.792,43.675,map1_tophat
12.851,43.676,map1_tophat
12.911,43.676,map1_tophat
12.97,43.677,map1_tophat
13.029,43.677,map1_tophat
13.088,43.678,map1_tophat
12.615,43.573,map1_tophat
12.674,43.574,map1_tophat
12.733,43.574,map1_tophat
12.792,43.575,map1_tophat
12.852,43.576,map1_tophat
12.911,43.576,map1_tophat
12.97,43.577,map1_tophat
13.029,43.577,map1_tophat
13.088,43.578,map1_tophat
13.148,43.579,map1_tophat
13.207,43.579,map1_tophat
13.266,43.58,map1_tophat
13.325,43.581,map1_tophat
13.384,43.581,map1_tophat
13.444,43.582,map1_tophat
13.503,43.583,map1_tophat
13.444,43.482,map1_tophat
15.517,43.304,map1_tophat
15.576,43.305,map1_tophat
15.458,43.203,map1_tophat
15.517,43.204,map1_tophat
15.576,43.205,map1_tophat
15.636,43.205,map1_tophat
15.695,43.206,map1_tophat
11.018,43.056,map1_tophat
11.078,43.057,map1_tophat
11.137,43.057,map1_tophat
15.518,43.104,map1_tophat
15.577,43.105,map1_tophat
15.636,43.105,map1_tophat
15.695,43.106,map1_tophat
15.754,43.107,map1_tophat
10.959,42.955,map1_tophat
11.019,42.956,map1_tophat
11.078,42.957,map1_tophat
11.137,42.957,map1_tophat
11.196,42.958,map1_tophat
15.518,43.004,map1_tophat
15.577,43.005,map1_tophat
15.636,43.005,map1_tophat
15.696,43.006,map1_tophat
15.755,43.007,map1_tophat
15.814,43.007,map1_tophat
10.841,42.854,map1_tophat
10.901,42.855,map1_tophat
10.96,42.855,map1_tophat
11.019,42.856,map1_tophat
11.078,42.857,map1_tophat
11.137,42.857,map1_tophat
15.518,42.904,map1_tophat
15.578,42.905,map1_tophat
15.637,42.905,map1_tophat
15.696,42.906,map1_tophat
15.755,42.907,map1_tophat
15.814,42.907,map1_tophat
15.874,42.908,map1_tophat
10.783,42.754,map1_tophat
10.842,42.754,map1_tophat
10.901,42.755,map1_tophat
10.96,42.755,map1_tophat
11.019,42.756,map1_tophat
11.079,42.757,map1_tophat
15.637,42.805,map1_tophat
15.696,42.806,map1_tophat
15.756,42.807,map1_tophat
15.815,42.807,map1_tophat
15.874,42.808,map1_tophat
15.933,42.809,map1_tophat
16.052,42.81,map1_tophat
10.783,42.654,map1_tophat
10.842,42.654,map1_tophat
10.901,42.655,map1_tophat
10.961,42.655,map1_tophat
11.02,42.656,map1_tophat
11.079,42.657,map1_tophat
15.697,42.706,map1_tophat
15.756,42.707,map1_tophat
15.815,42.707,map1_tophat
15.874,42.708,map1_tophat
15.934,42.709,map1_tophat
15.993,42.709,map1_tophat
16.052,42.71,map1_tophat
16.111,42.71,map1_tophat
16.17,42.711,map1_tophat
10.783,42.554,map1_tophat
10.843,42.554,map1_tophat
10.902,42.555,map1_tophat
10.961,42.555,map1_tophat
11.02,42.556,map1_tophat
15.875,42.608,map1_tophat
15.934,42.609,map1_tophat
15.993,42.609,map1_tophat
16.052,42.61,map1_tophat
16.112,42.61,map1_tophat
16.171,42.611,map1_tophat
16.23,42.612,map1_tophat
16.289,42.612,map1_tophat
10.784,42.454,map1_tophat
10.843,42.454,map1_tophat
10.902,42.455,map1_tophat
10.961,42.455,map1_tophat
16.23,42.512,map1_tophat
16.289,42.512,map1_tophat
16.349,42.513,map1_tophat
10.725,42.353,map1_tophat
10.784,42.354,map1_tophat
10.843,42.354,map1_tophat
10.903,42.355,map1_tophat
10.962,42.355,map1_tophat
10.666,42.252,map1_tophat
10.725,42.253,map1_tophat
10.785,42.254,map1_tophat
10.844,42.254,map1_tophat
10.903,42.255,map1_tophat
10.37,42.149,map1_tophat
10.43,42.15,map1_tophat
10.489,42.15,map1_tophat
10.548,42.151,map1_tophat
10.607,42.152,map1_tophat
10.666,42.152,map1_tophat
10.726,42.153,map1_tophat
10.785,42.154,map1_tophat
10.844,42.154,map1_tophat
8.121,42.025,map1_tophat
8.18,42.026,map1_tophat
10.193,42.047,map1_tophat
10.252,42.048,map1_tophat
10.312,42.049,map1_tophat
10.371,42.049,map1_tophat
10.43,42.05,map1_tophat
10.489,42.05,map1_tophat
10.548,42.051,map1_tophat
10.608,42.052,map1_tophat
10.667,42.052,map1_tophat
10.726,42.053,map1_tophat
10.785,42.054,map1_tophat
8.062,41.925,map1_tophat
8.122,41.925,map1_tophat
8.181,41.926,map1_tophat
8.24,41.926,map1_tophat
8.299,41.927,map1_tophat
10.134,41.947,map1_tophat
10.194,41.947,map1_tophat
10.253,41.948,map1_tophat
10.312,41.949,map1_tophat
10.371,41.949,map1_tophat
10.43,41.95,map1_tophat
10.49,41.95,map1_tophat
10.549,41.951,map1_tophat
10.608,41.952,map1_tophat
10.667,41.952,map1_tophat
10.726,41.953,map1_tophat
8.122,41.825,map1_tophat
8.181,41.826,map1_tophat
8.24,41.826,map1_tophat
8.3,41.827,map1_tophat
8.359,41.828,map1_tophat
8.418,41.828,map1_tophat
10.076,41.846,map1_tophat
10.135,41.847,map1_tophat
10.194,41.847,map1_tophat
10.253,41.848,map1_tophat
10.312,41.849,map1_tophat
10.372,41.849,map1_tophat
10.431,41.85,map1_tophat
10.49,41.851,map1_tophat
10.549,41.851,map1_tophat
10.608,41.852,map1_tophat
10.668,41.852,map1_tophat
8.182,41.726,map1_tophat
8.241,41.726,map1_tophat
8.3,41.727,map1_tophat
8.359,41.728,map1_tophat
8.418,41.728,map1_tophat
8.478,41.729,map1_tophat
8.537,41.73,map1_tophat
9.958,41.745,map1_tophat
10.017,41.745,map1_tophat
10.076,41.746,map1_tophat
10.135,41.747,map1_tophat
10.194,41.747,map1_tophat
10.254,41.748,map1_tophat
10.313,41.749,map1_tophat
10.372,41.749,map1_tophat
10.431,41.75,map1_tophat
10.49,41.751,map1_tophat
10.55,41.751,map1_tophat
10.609,41.752,map1_tophat
8.3,41.627,map1_tophat
8.359,41.628,map1_tophat
8.419,41.628,map1_tophat
8.478,41.629,map1_tophat
8.537,41.63,map1_tophat
8.596,41.63,map1_tophat
8.655,41.631,map1_tophat
8.715,41.632,map1_tophat
9.662,41.642,map1_tophat
9.721,41.642,map1_tophat
9.78,41.643,map1_tophat
9.84,41.644,map1_tophat
9.899,41.644,map1_tophat
9.958,41.645,map1_tophat
10.017,41.645,map1_tophat
10.076,41.646,map1_tophat
10.136,41.647,map1_tophat
10.195,41.647,map1_tophat
10.254,41.648,map1_tophat
10.313,41.649,map1_tophat
10.372,41.649,map1_tophat
10.432,41.65,map1_tophat
10.491,41.651,map1_tophat
8.301,41.527,map1_tophat
8.36,41.528,map1_tophat
8.419,41.528,map1_tophat
8.478,41.529,map1_tophat
8.537,41.53,map1_tophat
8.597,41.53,map1_tophat
8.656,41.531,map1_tophat
8.715,41.532,map1_tophat
8.774,41.532,map1_tophat
8.833,41.533,map1_tophat
8.893,41.533,map1_tophat
9.307,41.538,map1_tophat
9.366,41.539,map1_tophat
9.425,41.539,map1_tophat
9.485,41.54,map1_tophat
9.544,41.54,map1_tophat
9.603,41.541,map1_tophat
9.662,41.542,map1_tophat
9.721,41.542,map1_tophat
9.781,41.543,map1_tophat
9.84,41.544,map1_tophat
9.899,41.544,map1_tophat
9.958,41.545,map1_tophat
10.018,41.545,map1_tophat
10.077,41.546,map1_tophat
10.136,41.547,map1_tophat
10.195,41.547,map1_tophat
10.254,41.548,map1_tophat
10.314,41.549,map1_tophat
10.373,41.549,map1_tophat
10.432,41.55,map1_tophat
8.36,41.428,map1_tophat
8.419,41.428,map1_tophat
8.479,41.429,map1_tophat
8.538,41.43,map1_tophat
8.597,41.43,map1_tophat
8.656,41.431,map1_tophat
8.715,41.432,map1_tophat
8.775,41.432,map1_tophat
8.834,41.433,map1_tophat
8.893,41.433,map1_tophat
8.952,41.434,map1_tophat
9.248,41.437,map1_tophat
9.307,41.438,map1_tophat
9.367,41.439,map1_tophat
9.426,41.439,map1_tophat
9.485,41.44,map1_tophat
9.544,41.44,map1_tophat
9.603,41.441,map1_tophat
9.663,41.442,map1_tophat
9.722,41.442,map1_tophat
9.781,41.443,map1_tophat
9.84,41.444,map1_tophat
9.899,41.444,map1_tophat
9.959,41.445,map1_tophat
10.018,41.445,map1_tophat
10.077,41.446,map1_tophat
10.136,41.447,map1_tophat
10.195,41.447,map1_tophat
10.255,41.448,map1_tophat
10.314,41.449,map1_tophat
10.373,41.449,map1_tophat
8.361,41.328,map1_tophat
8.42,41.328,map1_tophat
8.479,41.329,map1_tophat
8.538,41.33,map1_tophat
8.597,41.33,map1_tophat
8.657,41.331,map1_tophat
8.716,41.332,map1_tophat
8.775,41.332,map1_tophat
8.834,41.333,map1_tophat
8.893,41.333,map1_tophat
8.953,41.334,map1_tophat
9.012,41.335,map1_tophat
9.071,41.335,map1_tophat
9.13,41.336,map1_tophat
9.189,41.337,map1_tophat
9.249,41.337,map1_tophat
9.308,41.338,map1_tophat
9.367,41.339,map1_tophat
9.426,41.339,map1_tophat
9.485,41.34,map1_tophat
9.545,41.34,map1_tophat
9.604,41.341,map1_tophat
9.663,41.342,map1_tophat
9.722,41.342,map1_tophat
9.781,41.343,map1_tophat
9.841,41.344,map1_tophat
9.9,41.344,map1_tophat
9.959,41.345,map1_tophat
10.018,41.346,map1_tophat
10.077,41.346,map1_tophat
10.137,41.347,map1_tophat
10.196,41.347,map1_tophat
10.255,41.348,map1_tophat
10.314,41.349,map1_tophat
8.302,41.227,map1_tophat
8.361,41.228,map1_tophat
8.42,41.228,map1_tophat
8.479,41.229,map1_tophat
8.539,41.23,map1_tophat
8.598,41.23,map1_tophat
8.657,41.231,map1_tophat
8.716,41.232,map1_tophat
8.775,41.232,map1_tophat
8.835,41.233,map1_tophat
8.894,41.234,map1_tophat
8.953,41.234,map1_tophat
9.012,41.235,map1_tophat
9.071,41.235,map1_tophat
9.131,41.236,map1_tophat
9.19,41.237,map1_tophat
9.249,41.237,map1_tophat
9.308,41.238,map1_tophat
9.367,41.239,map1_tophat
9.427,41.239,map1_tophat
9.486,41.24,map1_tophat
9.545,41.24,map1_tophat
9.604,41.241,map1_tophat
9.663,41.242,map1_tophat
9.723,41.242,map1_tophat
9.782,41.243,map1_tophat
9.841,41.244,map1_tophat
9.9,41.244,map1_tophat
9.959,41.245,map1_tophat
10.019,41.246,map1_tophat
10.078,41.246,map1_tophat
10.137,41.247,map1_tophat
10.196,41.247,map1_tophat
10.255,41.248,map1_tophat
8.302,41.127,map1_tophat
8.361,41.128,map1_tophat
8.421,41.128,map1_tophat
8.48,41.129,map1_tophat
8.539,41.13,map1_tophat
8.598,41.13,map1_tophat
8.657,41.131,map1_tophat
8.717,41.132,map1_tophat
8.776,41.132,map1_tophat
8.835,41.133,map1_tophat
8.894,41.134,map1_tophat
8.953,41.134,map1_tophat
9.013,41.135,map1_tophat
9.072,41.135,map1_tophat
9.131,41.136,map1_tophat
9.19,41.137,map1_tophat
9.249,41.137,map1_tophat
9.309,41.138,map1_tophat
9.368,41.139,map1_tophat
9.427,41.139,map1_tophat
9.486,41.14,map1_tophat
9.545,41.14,map1_tophat
9.605,41.141,map1_tophat
9.664,41.142,map1_tophat
9.723,41.142,map1_tophat
9.782,41.143,map1_tophat
9.841,41.144,map1_tophat
9.901,41.144,map1_tophat
9.96,41.145,map1_tophat
10.019,41.146,map1_tophat
10.078,41.146,map1_tophat
10.137,41.147,map1_tophat
8.362,41.028,map1_tophat
8.421,41.028,map1_tophat
8.48,41.029,map1_tophat
8.539,41.03,map1_tophat
8.599,41.03,map1_tophat
8.658,41.031,map1_tophat
8.717,41.032,map1_tophat
8.776,41.032,map1_tophat
8.835,41.033,map1_tophat
8.895,41.034,map1_tophat
8.954,41.034,map1_tophat
9.013,41.035,map1_tophat
9.072,41.035,map1_tophat
9.131,41.036,map1_tophat
9.191,41.037,map1_tophat
9.25,41.037,map1_tophat
9.309,41.038,map1_tophat
9.368,41.039,map1_tophat
9.427,41.039,map1_tophat
9.487,41.04,map1_tophat
9.546,41.04,map1_tophat
9.605,41.041,map1_tophat
9.664,41.042,map1_tophat
9.723,41.042,map1_tophat
9.783,41.043,map1_tophat
9.842,41.044,map1_tophat
9.901,41.044,map1_tophat
9.96,41.045,map1_tophat
10.019,41.046,map1_tophat
10.079,41.046,map1_tophat
8.481,40.929,map1_tophat
8.54,40.93,map1_tophat
8.599,40.93,map1_tophat
8.658,40.931,map1_tophat
8.717,40.932,map1_tophat
8.777,40.932,map1_tophat
8.836,40.933,map1_tophat
8.895,40.934,map1_tophat
8.954,40.934,map1_tophat
9.013,40.935,map1_tophat
9.073,40.935,map1_tophat
9.132,40.936,map1_tophat
9.191,40.937,map1_tophat
9.25,40.937,map1_tophat
9.309,40.938,map1_tophat
9.369,40.939,map1_tophat
9.428,40.939,map1_tophat
9.487,40.94,map1_tophat
9.546,40.941,map1_tophat
9.605,40.941,map1_tophat
9.665,40.942,map1_tophat
9.724,40.942,map1_tophat
9.783,40.943,map1_tophat
9.842,40.944,map1_tophat
9.901,40.944,map1_tophat
9.961,40.945,map1_tophat
10.02,40.946,map1_tophat
8.599,40.83,map1_tophat
8.658,40.831,map1_tophat
8.718,40.832,map1_tophat
8.777,40.832,map1_tophat
8.836,40.833,map1_tophat
8.895,40.834,map1_tophat
8.954,40.834,map1_tophat
9.014,40.835,map1_tophat
9.073,40.835,map1_tophat
9.132,40.836,map1_tophat
9.191,40.837,map1_tophat
9.251,40.837,map1_tophat
9.31,40.838,map1_tophat
9.369,40.839,map1_tophat
9.428,40.839,map1_tophat
9.487,40.84,map1_tophat
9.547,40.841,map1_tophat
9.606,40.841,map1_tophat
9.665,40.842,map1_tophat
9.724,40.842,map1_tophat
9.783,40.843,map1_tophat
8.659,40.731,map1_tophat
8.718,40.732,map1_tophat
8.777,40.732,map1_tophat
8.836,40.733,map1_tophat
8.896,40.734,map1_tophat
8.955,40.734,map1_tophat
9.014,40.735,map1_tophat
9.073,40.735,map1_tophat
9.132,40.736,map1_tophat
9.192,40.737,map1_tophat
9.251,40.737,map1_tophat
9.31,40.738,map1_tophat
9.369,40.739,map1_tophat
9.428,40.739,map1_tophat
9.488,40.74,map1_tophat
9.547,40.741,map1_tophat
9.606,40.741,map1_tophat
9.665,40.742,map1_tophat
9.724,40.742,map1_tophat
8.718,40.632,map1_tophat
8.778,40.632,map1_tophat
8.837,40.633,map1_tophat
8.896,40.634,map1_tophat
8.955,40.634,map1_tophat
9.014,40.635,map1_tophat
9.074,40.635,map1_tophat
9.133,40.636,map1_tophat
9.192,40.637,map1_tophat
9.251,40.637,map1_tophat
9.31,40.638,map1_tophat
8.778,40.532,map1_tophat
8.837,40.533,map1_tophat
8.896,40.534,map1_tophat
8.956,40.534,map1_tophat
9.015,40.535,map1_tophat
9.074,40.536,map1_tophat
9.133,40.536,map1_tophat
9.192,40.537,map1_tophat
9.252,40.537,map1_tophat
8.956,40.434,map1_tophat
9.015,40.435,map1_tophat
9.074,40.436,map1_tophat
9.134,40.436,map1_tophat
3.585,35.977,map1_tophat
3.644,35.978,map1_tophat
3.704,35.979,map1_tophat
3.586,35.877,map1_tophat
3.645,35.878,map1_tophat
2.41,33.665,map1_tophat
2.351,33.564,map1_tophat
2.41,33.565,map1_tophat
2.351,33.464,map1_tophat
2.41,33.465,map1_tophat
2.47,33.466,map1_tophat
4.364,33.486,map1_tophat
4.423,33.486,map1_tophat
4.601,33.488,map1_tophat
2.411,33.365,map1_tophat
2.47,33.366,map1_tophat
2.529,33.366,map1_tophat
2.588,33.367,map1_tophat
4.305,33.385,map1_tophat
4.364,33.386,map1_tophat
4.424,33.387,map1_tophat
4.601,33.388,map1_tophat
4.66,33.389,map1_tophat
2.411,33.265,map1_tophat
2.47,33.266,map1_tophat
2.53,33.266,map1_tophat
2.589,33.267,map1_tophat
2.648,33.268,map1_tophat
2.707,33.268,map1_tophat
4.246,33.285,map1_tophat
4.306,33.285,map1_tophat
4.365,33.286,map1_tophat
4.424,33.287,map1_tophat
4.542,33.288,map1_tophat
4.602,33.288,map1_tophat
4.661,33.289,map1_tophat
2.412,33.165,map1_tophat
2.471,33.166,map1_tophat
2.648,33.168,map1_tophat
2.708,33.168,map1_tophat
2.767,33.169,map1_tophat
3.832,33.18,map1_tophat
3.892,33.181,map1_tophat
4.188,33.184,map1_tophat
4.247,33.185,map1_tophat
4.306,33.185,map1_tophat
4.365,33.186,map1_tophat
4.424,33.187,map1_tophat
4.484,33.187,map1_tophat
4.543,33.188,map1_tophat
4.602,33.188,map1_tophat
4.661,33.189,map1_tophat
2.412,33.065,map1_tophat
2.471,33.066,map1_tophat
2.649,33.068,map1_tophat
3.774,33.08,map1_tophat
3.833,33.08,map1_tophat
3.892,33.081,map1_tophat
3.951,33.081,map1_tophat
4.129,33.083,map1_tophat
4.188,33.084,map1_tophat
4.247,33.085,map1_tophat
4.306,33.085,map1_tophat
4.366,33.086,map1_tophat
4.543,33.088,map1_tophat
4.602,33.088,map1_tophat
4.662,33.089,map1_tophat
2.412,32.965,map1_tophat
2.472,32.966,map1_tophat
3.833,32.98,map1_tophat
3.892,32.981,map1_tophat
4.188,32.984,map1_tophat
4.248,32.985,map1_tophat
4.307,32.985,map1_tophat
2.413,32.865,map1_tophat
2.472,32.866,map1_tophat
2.413,32.765,map1_tophat
2.472,32.766,map1_tophat
2.354,32.664,map1_tophat
2.413,32.665,map1_tophat
2.473,32.666,map1_tophat
2.828,32.67,map1_tophat
2.887,32.67,map1_tophat
2.355,32.564,map1_tophat
2.414,32.565,map1_tophat
2.828,32.57,map1_tophat
2.887,32.57,map1_tophat
2.355,32.464,map1_tophat
2.414,32.465,map1_tophat
2.829,32.47,map1_tophat
2.888,32.47,map1_tophat
2.355,32.365,map1_tophat
2.415,32.365,map1_tophat
2.829,32.37,map1_tophat
2.888,32.37,map1_tophat
2.947,32.371,map1_tophat
2.356,32.265,map1_tophat
2.77,32.269,map1_tophat
2.829,32.27,map1_tophat
2.889,32.27,map1_tophat
2.297,32.164,map1_tophat
2.356,32.165,map1_tophat
2.711,32.168,map1_tophat
2.771,32.169,map1_tophat
2.83,32.17,map1_tophat
2.889,32.17,map1_tophat
2.238,32.063,map1_tophat
2.297,32.064,map1_tophat
2.357,32.065,map1_tophat
2.653,32.068,map1_tophat
2.712,32.068,map1_tophat
2.771,32.069,map1_tophat
2.83,32.07,map1_tophat
2.889,32.07,map1_tophat
2.238,31.963,map1_tophat
2.298,31.964,map1_tophat
2.653,31.968,map1_tophat
2.712,31.968,map1_tophat
2.771,31.969,map1_tophat
2.83,31.97,map1_tophat
2.18,31.863,map1_tophat
2.239,31.863,map1_tophat
2.298,31.864,map1_tophat
2.594,31.867,map1_tophat
2.653,31.868,map1_tophat
2.712,31.868,map1_tophat
2.772,31.869,map1_tophat
2.831,31.87,map1_tophat
2.89,31.87,map1_tophat
2.121,31.762,map1_tophat
2.18,31.763,map1_tophat
2.594,31.767,map1_tophat
2.654,31.768,map1_tophat
2.713,31.768,map1_tophat
2.772,31.769,map1_tophat
2.831,31.77,map1_tophat
2.89,31.77,map1_tophat
1.944,31.66,map1_tophat
2.003,31.661,map1_tophat
2.062,31.661,map1_tophat
2.121,31.662,map1_tophat
2.536,31.666,map1_tophat
2.595,31.667,map1_tophat
2.654,31.668,map1_tophat
2.713,31.668,map1_tophat
2.772,31.669,map1_tophat
2.832,31.67,map1_tophat
1.944,31.56,map1_tophat
2.003,31.561,map1_tophat
2.062,31.561,map1_tophat
2.477,31.566,map1_tophat
2.536,31.567,map1_tophat
2.595,31.567,map1_tophat
2.654,31.568,map1_tophat
2.714,31.568,map1_tophat
2.773,31.569,map1_tophat
1.826,31.459,map1_tophat
1.885,31.46,map1_tophat
1.944,31.46,map1_tophat
2.004,31.461,map1_tophat
2.477,31.466,map1_tophat
2.536,31.467,map1_tophat
2.596,31.467,map1_tophat
2.655,31.468,map1_tophat
2.714,31.468,map1_tophat
1.767,31.358,map1_tophat
1.826,31.359,map1_tophat
2.418,31.365,map1_tophat
2.478,31.366,map1_tophat
2.537,31.367,map1_tophat
2.596,31.367,map1_tophat
2.655,31.368,map1_tophat
1.767,31.258,map1_tophat
2.36,31.265,map1_tophat
2.419,31.265,map1_tophat
2.478,31.266,map1_tophat
2.537,31.267,map1_tophat
2.596,31.267,map1_tophat
2.36,31.165,map1_tophat
2.419,31.165,map1_tophat
2.478,31.166,map1_tophat
2.537,31.167,map1_tophat
2.597,31.167,map1_tophat
1.295,31.053,map1_tophat
1.354,31.054,map1_tophat
2.36,31.065,map1_tophat
2.419,31.065,map1_tophat
2.479,31.066,map1_tophat
2.538,31.067,map1_tophat
1.177,30.952,map1_tophat
1.236,30.953,map1_tophat
1.295,30.953,map1_tophat
2.42,30.965,map1_tophat
2.479,30.966,map1_tophat
1.118,30.851,map1_tophat
1.177,30.852,map1_tophat
1.236,30.853,map1_tophat
1.059,30.751,map1_tophat
1.118,30.751,map1_tophat
1.177,30.752,map1_tophat
1.0,30.65,map1_tophat
1.059,30.651,map1_tophat
2.066,30.662,map1_tophat
0.941,30.55,map1_tophat
1.0,30.55,map1_tophat
2.007,30.561,map1_tophat
2.066,30.562,map1_tophat
2.125,30.562,map1_tophat
0.882,30.449,map1_tophat
0.942,30.45,map1_tophat
1.001,30.45,map1_tophat
2.066,30.462,map1_tophat
0.824,30.348,map1_tophat
0.883,30.349,map1_tophat
0.942,30.35,map1_tophat
1.001,30.35,map1_tophat
1.06,30.351,map1_tophat
0.765,30.248,map1_tophat
0.824,30.248,map1_tophat
0.883,30.249,map1_tophat
0.942,30.25,map1_tophat
2.008,30.261,map1_tophat
2.067,30.262,map1_tophat
0.706,30.147,map1_tophat
0.765,30.148,map1_tophat
1.949,30.16,map1_tophat
2.008,30.161,map1_tophat
0.706,30.047,map1_tophat
0.766,30.048,map1_tophat
1.89,30.06,map1_tophat
1.95,30.06,map1_tophat
1.832,29.959,map1_tophat
1.891,29.96,map1_tophat
1.654,29.857,map1_tophat
1.714,29.858,map1_tophat
1.773,29.859,map1_tophat
1.832,29.859,map1_tophat
1.655,29.757,map1_tophat
1.714,29.758,map1_tophat
1.832,29.759,map1_tophat
1.655,29.657,map1_tophat
1.833,29.659,map1_tophat
1.892,29.66,map1_tophat
1.655,29.557,map1_tophat
1.715,29.558,map1_tophat
1.892,29.56,map1_tophat
1.656,29.457,map1_tophat
1.715,29.458,map1_tophat
1.479,29.355,map1_tophat
1.538,29.356,map1_tophat
1.597,29.357,map1_tophat
1.656,29.357,map1_tophat
1.715,29.358,map1_tophat
1.479,29.255,map1_tophat
1.538,29.256,map1_tophat
1.597,29.257,map1_tophat
1.716,29.258,map1_tophat
1.775,29.259,map1_tophat
6.274,29.307,map1_tophat
6.333,29.307,map1_tophat
6.393,29.308,map1_tophat
6.452,29.309,map1_tophat
6.215,29.206,map1_tophat
6.275,29.207,map1_tophat
6.334,29.207,map1_tophat
6.393,29.208,map1_tophat
6.452,29.209,map1_tophat
6.511,29.209,map1_tophat
2.131,29.062,map1_tophat
2.19,29.063,map1_tophat
6.216,29.106,map1_tophat
6.275,29.107,map1_tophat
6.453,29.109,map1_tophat
6.512,29.109,map1_tophat
2.191,28.963,map1_tophat
2.25,28.964,map1_tophat
6.157,29.005,map1_tophat
6.216,29.006,map1_tophat
6.571,29.01,map1_tophat
6.631,29.01,map1_tophat
6.69,29.011,map1_tophat
2.25,28.864,map1_tophat
3.612,28.878,map1_tophat
3.671,28.879,map1_tophat
3.73,28.88,map1_tophat
3.789,28.88,map1_tophat
3.849,28.881,map1_tophat
3.908,28.881,map1_tophat
3.967,28.882,map1_tophat
4.026,28.883,map1_tophat
4.085,28.883,map1_tophat
4.145,28.884,map1_tophat
4.204,28.885,map1_tophat
4.263,28.885,map1_tophat
4.322,28.886,map1_tophat
4.381,28.886,map1_tophat
4.441,28.887,map1_tophat
4.5,28.888,map1_tophat
4.559,28.888,map1_tophat
4.618,28.889,map1_tophat
6.098,28.905,map1_tophat
6.157,28.905,map1_tophat
6.631,28.911,map1_tophat
6.69,28.911,map1_tophat
2.25,28.764,map1_tophat
3.73,28.78,map1_tophat
3.79,28.78,map1_tophat
3.849,28.781,map1_tophat
3.908,28.781,map1_tophat
3.967,28.782,map1_tophat
4.027,28.783,map1_tophat
4.086,28.783,map1_tophat
4.145,28.784,map1_tophat
4.204,28.785,map1_tophat
4.263,28.785,map1_tophat
4.323,28.786,map1_tophat
4.382,28.786,map1_tophat
4.441,28.787,map1_tophat
4.5,28.788,map1_tophat
4.559,28.788,map1_tophat
4.619,28.789,map1_tophat
4.678,28.79,map1_tophat
4.737,28.79,map1_tophat
4.796,28.791,map1_tophat
4.855,28.792,map1_tophat
4.915,28.792,map1_tophat
5.151,28.795,map1_tophat
6.039,28.804,map1_tophat
6.099,28.805,map1_tophat
6.691,28.811,map1_tophat
6.75,28.812,map1_tophat
6.809,28.812,map1_tophat
2.251,28.664,map1_tophat
2.31,28.664,map1_tophat
4.974,28.693,map1_tophat
5.033,28.693,map1_tophat
5.093,28.694,map1_tophat
5.152,28.695,map1_tophat
5.211,28.695,map1_tophat
5.27,28.696,map1_tophat
5.329,28.697,map1_tophat
5.389,28.697,map1_tophat
5.448,28.698,map1_tophat
5.507,28.699,map1_tophat
5.566,28.699,map1_tophat
5.625,28.7,map1_tophat
5.685,28.7,map1_tophat
5.744,28.701,map1_tophat
5.803,28.702,map1_tophat
5.921,28.703,map1_tophat
5.981,28.704,map1_tophat
6.04,28.704,map1_tophat
6.809,28.712,map1_tophat
6.869,28.713,map1_tophat
6.928,28.714,map1_tophat
6.987,28.714,map1_tophat
7.046,28.715,map1_tophat
7.105,28.716,map1_tophat
7.165,28.716,map1_tophat
7.224,28.717,map1_tophat
7.283,28.717,map1_tophat
7.342,28.718,map1_tophat
7.401,28.719,map1_tophat
7.461,28.719,map1_tophat
7.52,28.72,map1_tophat
7.579,28.721,map1_tophat
2.251,28.564,map1_tophat
2.31,28.564,map1_tophat
5.507,28.599,map1_tophat
5.566,28.599,map1_tophat
5.626,28.6,map1_tophat
5.685,28.6,map1_tophat
5.744,28.601,map1_tophat
5.803,28.602,map1_tophat
5.862,28.602,map1_tophat
5.922,28.603,map1_tophat
5.981,28.604,map1_tophat
7.047,28.615,map1_tophat
7.106,28.616,map1_tophat
7.52,28.62,map1_tophat
7.579,28.621,map1_tophat
7.639,28.621,map1_tophat
7.698,28.622,map1_tophat
7.757,28.623,map1_tophat
2.252,28.464,map1_tophat
7.698,28.522,map1_tophat
7.757,28.523,map1_tophat
7.817,28.523,map1_tophat
7.876,28.524,map1_tophat
7.935,28.524,map1_tophat
2.252,28.364,map1_tophat
7.994,28.425,map1_tophat
8.054,28.426,map1_tophat
8.113,28.426,map1_tophat
8.054,28.326,map1_tophat
8.113,28.326,map1_tophat
8.172,28.327,map1_tophat
8.232,28.328,map1_tophat
8.173,28.227,map1_tophat
8.232,28.228,map1_tophat
8.291,28.228,map1_tophat
8.35,28.229,map1_tophat
8.41,28.23,map1_tophat
8.41,28.13,map1_tophat
8.469,28.13,map1_tophat
8.528,28.131,map1_tophat
8.588,28.131,map1_tophat
8.647,28.132,map1_tophat
8.588,28.031,map1_tophat
8.647,28.032,map1_tophat
8.706,28.033,map1_tophat
8.766,28.033,map1_tophat
8.766,27.933,map1_tophat
8.825,27.934,map1_tophat
8.884,27.935,map1_tophat
8.885,27.835,map1_tophat
8.944,27.835,map1_tophat
9.003,27.836,map1_tophat
8.295,27.128,map1_tophat
8.355,27.129,map1_tophat
8.414,27.13,map1_tophat
8.296,27.028,map1_tophat
8.355,27.029,map1_tophat
8.414,27.03,map1_tophat
8.473,27.03,map1_tophat
8.533,27.031,map1_tophat
8.592,27.032,map1_tophat
8.296,26.928,map1_tophat
8.355,26.929,map1_tophat
8.415,26.93,map1_tophat
8.474,26.93,map1_tophat
8.533,26.931,map1_tophat
8.592,26.932,map1_tophat
8.651,26.932,map1_tophat
8.711,26.933,map1_tophat
8.77,26.934,map1_tophat
8.829,26.934,map1_tophat
8.296,26.828,map1_tophat
8.356,26.829,map1_tophat
8.415,26.83,map1_tophat
8.474,26.83,map1_tophat
8.533,26.831,map1_tophat
8.593,26.832,map1_tophat
8.652,26.832,map1_tophat
8.711,26.833,map1_tophat
8.77,26.834,map1_tophat
8.356,26.729,map1_tophat
8.474,26.73,map1_tophat
8.534,26.731,map1_tophat
8.593,26.732,map1_tophat
8.652,26.732,map1_tophat
8.711,26.733,map1_tophat
7.898,22.625,map1_tophat
7.957,22.625,map1_tophat
8.016,22.626,map1_tophat
8.431,22.63,map1_tophat
7.839,22.524,map1_tophat
7.898,22.525,map1_tophat
8.431,22.53,map1_tophat
8.49,22.531,map1_tophat
7.839,22.424,map1_tophat
7.899,22.425,map1_tophat
8.491,22.431,map1_tophat
7.84,22.324,map1_tophat
7.899,22.325,map1_tophat
8.491,22.331,map1_tophat
7.189,22.217,map1_tophat
7.248,22.218,map1_tophat
7.781,22.223,map1_tophat
7.84,22.224,map1_tophat
8.491,22.231,map1_tophat
8.551,22.232,map1_tophat
8.61,22.232,map1_tophat
8.669,22.233,map1_tophat
5.828,22.103,map1_tophat
5.887,22.103,map1_tophat
5.946,22.104,map1_tophat
6.005,22.104,map1_tophat
6.064,22.105,map1_tophat
6.124,22.106,map1_tophat
6.183,22.106,map1_tophat
6.242,22.107,map1_tophat
6.301,22.108,map1_tophat
6.42,22.109,map1_tophat
6.479,22.11,map1_tophat
6.538,22.11,map1_tophat
6.597,22.111,map1_tophat
6.775,22.113,map1_tophat
6.834,22.113,map1_tophat
6.893,22.114,map1_tophat
6.952,22.115,map1_tophat
7.071,22.116,map1_tophat
7.13,22.116,map1_tophat
7.189,22.117,map1_tophat
7.308,22.118,map1_tophat
7.367,22.119,map1_tophat
7.426,22.12,map1_tophat
7.781,22.123,map1_tophat
7.84,22.124,map1_tophat
8.551,22.132,map1_tophat
8.61,22.132,map1_tophat
8.669,22.133,map1_tophat
8.729,22.134,map1_tophat
5.828,22.003,map1_tophat
5.887,22.003,map1_tophat
6.065,22.005,map1_tophat
6.124,22.006,map1_tophat
6.183,22.006,map1_tophat
6.242,22.007,map1_tophat
6.302,22.008,map1_tophat
6.42,22.009,map1_tophat
6.479,22.01,map1_tophat
6.538,22.01,map1_tophat
6.598,22.011,map1_tophat
6.657,22.011,map1_tophat
6.716,22.012,map1_tophat
6.775,22.013,map1_tophat
6.834,22.013,map1_tophat
6.894,22.014,map1_tophat
6.953,22.015,map1_tophat
7.012,22.015,map1_tophat
7.071,22.016,map1_tophat
7.13,22.016,map1_tophat
7.426,22.02,map1_tophat
7.486,22.02,map1_tophat
7.722,22.023,map1_tophat
7.782,22.023,map1_tophat
8.729,22.034,map1_tophat
8.788,22.034,map1_tophat
8.847,22.035,map1_tophat
5.769,21.902,map1_tophat
5.828,21.903,map1_tophat
5.888,21.903,map1_tophat
7.486,21.92,map1_tophat
7.545,21.921,map1_tophat
7.604,21.922,map1_tophat
7.664,21.922,map1_tophat
7.723,21.923,map1_tophat
8.848,21.935,map1_tophat
8.907,21.935,map1_tophat
5.651,21.801,map1_tophat
5.71,21.801,map1_tophat
5.77,21.802,map1_tophat
5.829,21.803,map1_tophat
7.605,21.822,map1_tophat
7.664,21.822,map1_tophat
8.907,21.835,map1_tophat
8.966,21.836,map1_tophat
5.356,21.698,map1_tophat
5.415,21.698,map1_tophat
5.474,21.699,map1_tophat
5.533,21.699,map1_tophat
5.592,21.7,map1_tophat
5.652,21.701,map1_tophat
5.711,21.701,map1_tophat
8.908,21.735,map1_tophat
8.967,21.736,map1_tophat
9.085,21.737,map1_tophat
5.356,21.598,map1_tophat
5.415,21.598,map1_tophat
5.474,21.599,map1_tophat
5.533,21.599,map1_tophat
5.652,21.601,map1_tophat
8.908,21.636,map1_tophat
9.086,21.637,map1_tophat
5.475,21.499,map1_tophat
5.534,21.499,map1_tophat
5.593,21.5,map1_tophat
5.652,21.501,map1_tophat
8.908,21.536,map1_tophat
9.086,21.537,map1_tophat
5.593,21.4,map1_tophat
5.653,21.401,map1_tophat
5.712,21.401,map1_tophat
9.086,21.437,map1_tophat
5.712,21.301,map1_tophat
5.771,21.302,map1_tophat
9.087,21.337,map1_tophat
9.146,21.338,map1_tophat
9.205,21.339,map1_tophat
5.713,21.201,map1_tophat
5.772,21.202,map1_tophat
5.831,21.203,map1_tophat
9.087,21.237,map1_tophat
9.146,21.238,map1_tophat
9.205,21.239,map1_tophat
5.772,21.102,map1_tophat
5.831,21.103,map1_tophat
5.891,21.103,map1_tophat
9.087,21.137,map1_tophat
5.891,21.003,map1_tophat
5.95,21.004,map1_tophat
9.029,21.037,map1_tophat
9.088,21.037,map1_tophat
5.951,20.904,map1_tophat
6.01,20.905,map1_tophat
9.029,20.937,map1_tophat
5.951,20.804,map1_tophat
6.01,20.805,map1_tophat
6.069,20.805,map1_tophat
8.97,20.836,map1_tophat
9.029,20.837,map1_tophat
6.01,20.705,map1_tophat
6.07,20.705,map1_tophat
6.129,20.706,map1_tophat
8.911,20.736,map1_tophat
8.971,20.736,map1_tophat
6.129,20.606,map1_tophat
8.912,20.636,map1_tophat
8.971,20.636,map1_tophat
6.13,20.506,map1_tophat
6.189,20.507,map1_tophat
6.248,20.507,map1_tophat
8.675,20.533,map1_tophat
8.971,20.536,map1_tophat
6.189,20.407,map1_tophat
6.248,20.407,map1_tophat
8.676,20.433,map1_tophat
8.972,20.436,map1_tophat
9.031,20.437,map1_tophat
6.249,20.307,map1_tophat
6.308,20.308,map1_tophat
8.676,20.333,map1_tophat
9.031,20.337,map1_tophat
6.308,20.208,map1_tophat
6.368,20.209,map1_tophat
8.676,20.233,map1_tophat
8.736,20.234,map1_tophat
9.032,20.237,map1_tophat
9.091,20.238,map1_tophat
9.15,20.238,map1_tophat
6.309,20.108,map1_tophat
6.368,20.109,map1_tophat
6.427,20.109,map1_tophat
8.677,20.133,map1_tophat
8.736,20.134,map1_tophat
9.15,20.138,map1_tophat
9.21,20.139,map1_tophat
9.269,20.14,map1_tophat
6.368,20.009,map1_tophat
6.428,20.009,map1_tophat
8.736,20.034,map1_tophat
9.21,20.039,map1_tophat
9.269,20.04,map1_tophat
6.428,19.909,map1_tophat
6.487,19.91,map1_tophat
8.737,19.934,map1_tophat
8.796,19.934,map1_tophat
9.21,19.939,map1_tophat
6.428,19.809,map1_tophat
6.487,19.81,map1_tophat
8.796,19.834,map1_tophat
8.856,19.835,map1_tophat
9.211,19.839,map1_tophat
9.27,19.84,map1_tophat
6.488,19.71,map1_tophat
8.797,19.735,map1_tophat
8.856,19.735,map1_tophat
8.915,19.736,map1_tophat
9.27,19.74,map1_tophat
9.33,19.74,map1_tophat
6.488,19.61,map1_tophat
6.547,19.61,map1_tophat
8.915,19.636,map1_tophat
8.975,19.636,map1_tophat
9.33,19.64,map1_tophat
9.389,19.641,map1_tophat
10.514,19.653,map1_tophat
10.573,19.653,map1_tophat
10.632,19.654,map1_tophat
10.692,19.655,map1_tophat
10.751,19.655,map1_tophat
10.81,19.656,map1_tophat
6.489,19.51,map1_tophat
6.548,19.511,map1_tophat
8.975,19.536,map1_tophat
9.034,19.537,map1_tophat
10.041,19.548,map1_tophat
10.1,19.548,map1_tophat
10.277,19.55,map1_tophat
10.337,19.551,map1_tophat
10.396,19.552,map1_tophat
10.455,19.552,map1_tophat
10.514,19.553,map1_tophat
6.548,19.411,map1_tophat
6.607,19.411,map1_tophat
9.035,19.437,map1_tophat
10.1,19.448,map1_tophat
10.159,19.449,map1_tophat
10.219,19.45,map1_tophat
10.278,19.45,map1_tophat
10.337,19.451,map1_tophat
6.549,19.311,map1_tophat
6.608,19.311,map1_tophat
9.035,19.337,map1_tophat
6.549,19.211,map1_tophat
6.608,19.211,map1_tophat
9.035,19.237,map1_tophat
9.095,19.238,map1_tophat
10.515,19.253,map1_tophat
6.549,19.111,map1_tophat
6.608,19.111,map1_tophat
9.036,19.137,map1_tophat
9.095,19.138,map1_tophat
10.516,19.153,map1_tophat
10.575,19.154,map1_tophat
6.55,19.011,map1_tophat
6.609,19.011,map1_tophat
9.095,19.038,map1_tophat
10.575,19.054,map1_tophat
10.635,19.054,map1_tophat
6.55,18.911,map1_tophat
6.609,18.911,map1_tophat
9.096,18.938,map1_tophat
10.576,18.954,map1_tophat
10.635,18.954,map1_tophat
6.55,18.811,map1_tophat
6.61,18.811,map1_tophat
9.096,18.838,map1_tophat
10.635,18.854,map1_tophat
6.551,18.711,map1_tophat
6.61,18.711,map1_tophat
10.636,18.754,map1_tophat
10.695,18.755,map1_tophat
6.492,18.61,map1_tophat
6.551,18.611,map1_tophat
6.61,18.611,map1_tophat
9.156,18.638,map1_tophat
10.695,18.655,map1_tophat
6.552,18.511,map1_tophat
6.611,18.511,map1_tophat
9.097,18.538,map1_tophat
9.156,18.538,map1_tophat
10.696,18.555,map1_tophat
6.552,18.411,map1_tophat
6.611,18.411,map1_tophat
9.098,18.438,map1_tophat
9.157,18.438,map1_tophat
10.696,18.455,map1_tophat
6.611,18.311,map1_tophat
9.098,18.338,map1_tophat
9.157,18.338,map1_tophat
10.696,18.355,map1_tophat
8.98,18.237,map1_tophat
9.039,18.237,map1_tophat
9.098,18.238,map1_tophat
10.638,18.254,map1_tophat
10.697,18.255,map1_tophat
8.921,18.136,map1_tophat
8.98,18.137,map1_tophat
9.039,18.137,map1_tophat
10.697,18.155,map1_tophat
10.756,18.156,map1_tophat
10.816,18.156,map1_tophat
8.921,18.036,map1_tophat
8.981,18.037,map1_tophat
10.816,18.056,map1_tophat
10.875,18.057,map1_tophat
8.922,17.936,map1_tophat
8.981,17.937,map1_tophat
10.875,17.957,map1_tophat
10.935,17.958,map1_tophat
8.922,17.836,map1_tophat
8.981,17.837,map1_tophat
10.935,17.858,map1_tophat
10.994,17.858,map1_tophat
11.053,17.859,map1_tophat
11.113,17.859,map1_tophat
8.982,17.737,map1_tophat
9.041,17.737,map1_tophat
11.054,17.759,map1_tophat
11.113,17.759,map1_tophat
8.923,17.636,map1_tophat
8.982,17.637,map1_tophat
9.041,17.637,map1_tophat
11.054,17.659,map1_tophat
11.113,17.659,map1_tophat
8.864,17.535,map1_tophat
8.923,17.536,map1_tophat
11.055,17.559,map1_tophat
11.114,17.559,map1_tophat
8.865,17.435,map1_tophat
8.924,17.436,map1_tophat
11.055,17.459,map1_tophat
11.114,17.459,map1_tophat
11.173,17.46,map1_tophat
8.865,17.335,map1_tophat
11.174,17.36,map1_tophat
8.806,17.235,map1_tophat
8.865,17.235,map1_tophat
11.174,17.26,map1_tophat
11.233,17.261,map1_tophat
8.806,17.135,map1_tophat
8.866,17.135,map1_tophat
11.234,17.161,map1_tophat
11.293,17.161,map1_tophat
8.866,17.035,map1_tophat
8.925,17.036,map1_tophat
8.984,17.037,map1_tophat
11.234,17.061,map1_tophat
11.293,17.061,map1_tophat
8.985,16.937,map1_tophat
9.044,16.937,map1_tophat
11.294,16.961,map1_tophat
8.985,16.837,map1_tophat
9.044,16.837,map1_tophat
9.045,16.737,map1_tophat
9.045,16.637,map1_tophat
8.986,16.537,map1_tophat
9.045,16.537,map1_tophat
8.987,16.437,map1_tophat
9.046,16.437,map1_tophat
8.987,16.337,map1_tophat
9.046,16.337,map1_tophat
9.047,16.238,map1_tophat
8.988,16.137,map1_tophat
9.047,16.138,map1_tophat
8.929,16.036,map1_tophat
8.988,16.037,map1_tophat
9.047,16.038,map1_tophat
9.107,16.038,map1_tophat
8.929,15.936,map1_tophat
9.048,15.938,map1_tophat
9.107,15.938,map1_tophat
8.93,15.836,map1_tophat
9.048,15.838,map1_tophat
8.93,15.736,map1_tophat
9.048,15.738,map1_tophat
9.108,15.738,map1_tophat
8.93,15.636,map1_tophat
9.108,15.638,map1_tophat
9.167,15.639,map1_tophat
8.931,15.536,map1_tophat
9.168,15.539,map1_tophat
8.931,15.436,map1_tophat
8.99,15.437,map1_tophat
9.168,15.439,map1_tophat
8.932,15.336,map1_tophat
8.991,15.337,map1_tophat
9.05,15.338,map1_tophat
9.168,15.339,map1_tophat
9.228,15.34,map1_tophat
8.991,15.237,map1_tophat
9.05,15.238,map1_tophat
9.11,15.238,map1_tophat
9.169,15.239,map1_tophat
8.873,15.136,map1_tophat
8.992,15.137,map1_tophat
9.051,15.138,map1_tophat
9.11,15.138,map1_tophat
9.169,15.139,map1_tophat
9.228,15.14,map1_tophat
13.491,15.185,map1_tophat
13.55,15.186,map1_tophat
13.609,15.186,map1_tophat
13.668,15.187,map1_tophat
13.728,15.188,map1_tophat
13.787,15.188,map1_tophat
13.846,15.189,map1_tophat
13.905,15.19,map1_tophat
13.964,15.19,map1_tophat
14.024,15.191,map1_tophat
14.083,15.191,map1_tophat
14.142,15.192,map1_tophat
8.814,15.035,map1_tophat
8.873,15.036,map1_tophat
8.933,15.036,map1_tophat
8.992,15.037,map1_tophat
9.051,15.038,map1_tophat
9.169,15.039,map1_tophat
9.229,15.04,map1_tophat
9.288,15.04,map1_tophat
9.347,15.041,map1_tophat
14.024,15.091,map1_tophat
14.083,15.091,map1_tophat
14.142,15.092,map1_tophat
14.202,15.093,map1_tophat
14.261,15.093,map1_tophat
14.32,15.094,map1_tophat
14.379,15.095,map1_tophat
14.438,15.095,map1_tophat
14.498,15.096,map1_tophat
14.557,15.096,map1_tophat
8.815,14.935,map1_tophat
8.874,14.936,map1_tophat
9.288,14.94,map1_tophat
9.347,14.941,map1_tophat
8.815,14.835,map1_tophat
8.874,14.836,map1_tophat
9.348,14.841,map1_tophat
9.407,14.841,map1_tophat
9.466,14.842,map1_tophat
9.525,14.843,map1_tophat
8.875,14.736,map1_tophat
9.348,14.741,map1_tophat
9.407,14.741,map1_tophat
9.467,14.742,map1_tophat
9.526,14.743,map1_tophat
9.585,14.743,map1_tophat
8.875,14.636,map1_tophat
8.934,14.636,map1_tophat
8.993,14.637,map1_tophat
9.467,14.642,map1_tophat
9.526,14.643,map1_tophat
8.935,14.536,map1_tophat
8.994,14.537,map1_tophat
9.053,14.538,map1_tophat
9.527,14.543,map1_tophat
9.586,14.543,map1_tophat
8.994,14.437,map1_tophat
9.053,14.438,map1_tophat
9.113,14.438,map1_tophat
9.586,14.443,map1_tophat
9.645,14.444,map1_tophat
9.113,14.338,map1_tophat
9.172,14.339,map1_tophat
9.587,14.343,map1_tophat
9.646,14.344,map1_tophat
9.705,14.345,map1_tophat
9.113,14.238,map1_tophat
9.172,14.239,map1_tophat
9.646,14.244,map1_tophat
9.705,14.245,map1_tophat
9.114,14.138,map1_tophat
9.173,14.139,map1_tophat
9.646,14.144,map1_tophat
9.706,14.145,map1_tophat
9.114,14.038,map1_tophat
9.173,14.039,map1_tophat
9.706,14.045,map1_tophat
9.765,14.045,map1_tophat
9.114,13.938,map1_tophat
9.174,13.939,map1_tophat
9.766,13.945,map1_tophat
9.825,13.946,map1_tophat
9.884,13.947,map1_tophat
9.943,13.947,map1_tophat
10.002,13.948,map1_tophat
9.115,13.838,map1_tophat
9.174,13.839,map1_tophat
9.944,13.847,map1_tophat
10.003,13.848,map1_tophat
10.062,13.849,map1_tophat
10.121,13.849,map1_tophat
9.174,13.739,map1_tophat
9.234,13.74,map1_tophat
10.003,13.748,map1_tophat
10.062,13.749,map1_tophat
10.122,13.749,map1_tophat
10.181,13.75,map1_tophat
10.24,13.75,map1_tophat
9.175,13.639,map1_tophat
9.234,13.64,map1_tophat
9.293,13.64,map1_tophat
9.352,13.641,map1_tophat
10.004,13.648,map1_tophat
10.063,13.649,map1_tophat
10.122,13.649,map1_tophat
10.181,13.65,map1_tophat
10.24,13.65,map1_tophat
10.3,13.651,map1_tophat
10.477,13.653,map1_tophat
10.596,13.654,map1_tophat
10.655,13.655,map1_tophat
10.714,13.656,map1_tophat
10.773,13.656,map1_tophat
10.832,13.657,map1_tophat
10.892,13.657,map1_tophat
10.951,13.658,map1_tophat
11.128,13.66,map1_tophat
11.188,13.661,map1_tophat
9.234,13.54,map1_tophat
9.294,13.54,map1_tophat
9.353,13.541,map1_tophat
10.478,13.553,map1_tophat
10.537,13.554,map1_tophat
10.596,13.554,map1_tophat
10.774,13.556,map1_tophat
10.892,13.557,map1_tophat
10.951,13.558,map1_tophat
11.01,13.559,map1_tophat
11.07,13.559,map1_tophat
11.188,13.561,map1_tophat
11.247,13.561,map1_tophat
9.235,13.44,map1_tophat
9.294,13.44,map1_tophat
9.353,13.441,map1_tophat
9.412,13.442,map1_tophat
10.478,13.453,map1_tophat
10.537,13.454,map1_tophat
11.011,13.459,map1_tophat
11.07,13.459,map1_tophat
11.188,13.461,map1_tophat
11.248,13.461,map1_tophat
11.307,13.462,map1_tophat
9.235,13.34,map1_tophat
9.294,13.34,map1_tophat
9.413,13.342,map1_tophat
9.472,13.342,map1_tophat
9.531,13.343,map1_tophat
11.13,13.36,map1_tophat
11.189,13.361,map1_tophat
9.235,13.24,map1_tophat
9.295,13.24,map1_tophat
9.472,13.242,map1_tophat
9.531,13.243,map1_tophat
9.591,13.244,map1_tophat
9.65,13.244,map1_tophat
11.13,13.26,map1_tophat
11.189,13.261,map1_tophat
9.295,13.14,map1_tophat
9.65,13.144,map1_tophat
9.709,13.145,map1_tophat
11.189,13.161,map1_tophat
9.236,13.04,map1_tophat
11.19,13.061,map1_tophat
9.237,12.94,map1_tophat
9.296,12.94,map1_tophat
11.131,12.96,map1_tophat
11.19,12.961,map1_tophat
9.237,12.84,map1_tophat
9.296,12.84,map1_tophat
11.072,12.859,map1_tophat
11.131,12.86,map1_tophat
9.237,12.74,map1_tophat
9.297,12.741,map1_tophat
10.954,12.758,map1_tophat
11.013,12.759,map1_tophat
11.073,12.759,map1_tophat
11.132,12.76,map1_tophat
9.297,12.641,map1_tophat
11.014,12.659,map1_tophat
11.073,12.659,map1_tophat
11.132,12.66,map1_tophat
11.251,12.661,map1_tophat
9.297,12.541,map1_tophat
11.073,12.559,map1_tophat
11.192,12.561,map1_tophat
11.251,12.561,map1_tophat
9.238,12.44,map1_tophat
9.298,12.441,map1_tophat
10.955,12.458,map1_tophat
11.014,12.459,map1_tophat
11.074,12.46,map1_tophat
11.133,12.46,map1_tophat
11.192,12.461,map1_tophat
11.251,12.461,map1_tophat
9.239,12.34,map1_tophat
9.298,12.341,map1_tophat
10.956,12.358,map1_tophat
11.015,12.359,map1_tophat
11.074,12.36,map1_tophat
11.133,12.36,map1_tophat
9.298,12.241,map1_tophat
9.358,12.241,map1_tophat
11.134,12.26,map1_tophat
11.193,12.261,map1_tophat
9.299,12.141,map1_tophat
9.358,12.141,map1_tophat
11.193,12.161,map1_tophat
11.252,12.161,map1_tophat
9.181,12.039,map1_tophat
9.24,12.04,map1_tophat
9.299,12.041,map1_tophat
11.134,12.06,map1_tophat
11.194,12.061,map1_tophat
9.181,11.939,map1_tophat
9.24,11.94,map1_tophat
11.135,11.96,map1_tophat
11.194,11.961,map1_tophat
11.253,11.961,map1_tophat
9.181,11.839,map1_tophat
9.241,11.84,map1_tophat
9.3,11.841,map1_tophat
11.135,11.86,map1_tophat
11.254,11.861,map1_tophat
11.313,11.862,map1_tophat
9.063,11.738,map1_tophat
9.182,11.739,map1_tophat
9.241,11.74,map1_tophat
9.3,11.741,map1_tophat
11.076,11.76,map1_tophat
11.135,11.76,map1_tophat
11.313,11.762,map1_tophat
9.064,11.638,map1_tophat
9.123,11.639,map1_tophat
9.182,11.639,map1_tophat
9.241,11.64,map1_tophat
11.195,11.661,map1_tophat
11.313,11.662,map1_tophat
11.373,11.663,map1_tophat
9.064,11.538,map1_tophat
9.123,11.539,map1_tophat
9.183,11.539,map1_tophat
9.242,11.54,map1_tophat
9.301,11.541,map1_tophat
9.36,11.541,map1_tophat
9.419,11.542,map1_tophat
11.136,11.56,map1_tophat
11.195,11.561,map1_tophat
11.255,11.562,map1_tophat
11.373,11.563,map1_tophat
12.202,11.572,map1_tophat
8.946,11.437,map1_tophat
9.005,11.438,map1_tophat
9.065,11.438,map1_tophat
9.183,11.439,map1_tophat
9.242,11.44,map1_tophat
9.301,11.441,map1_tophat
9.361,11.441,map1_tophat
9.42,11.442,map1_tophat
9.479,11.443,map1_tophat
11.077,11.46,map1_tophat
11.137,11.46,map1_tophat
11.196,11.461,map1_tophat
11.255,11.462,map1_tophat
11.314,11.462,map1_tophat
11.373,11.463,map1_tophat
11.433,11.463,map1_tophat
11.492,11.464,map1_tophat
11.551,11.465,map1_tophat
11.61,11.465,map1_tophat
11.669,11.466,map1_tophat
12.143,11.471,map1_tophat
12.202,11.472,map1_tophat
12.261,11.472,map1_tophat
12.321,11.473,map1_tophat
12.38,11.474,map1_tophat
8.947,11.337,map1_tophat
9.006,11.338,map1_tophat
9.302,11.341,map1_tophat
9.361,11.341,map1_tophat
9.42,11.342,map1_tophat
11.137,11.36,map1_tophat
11.196,11.361,map1_tophat
11.255,11.362,map1_tophat
11.611,11.365,map1_tophat
11.67,11.366,map1_tophat
11.729,11.367,map1_tophat
11.788,11.367,map1_tophat
12.025,11.37,map1_tophat
12.084,11.37,map1_tophat
12.143,11.371,map1_tophat
12.38,11.374,map1_tophat
12.439,11.374,map1_tophat
8.947,11.237,map1_tophat
9.006,11.238,map1_tophat
9.302,11.241,map1_tophat
9.361,11.241,map1_tophat
11.729,11.267,map1_tophat
11.789,11.267,map1_tophat
11.848,11.268,map1_tophat
12.44,11.274,map1_tophat
12.499,11.275,map1_tophat
8.77,11.135,map1_tophat
8.829,11.136,map1_tophat
8.888,11.136,map1_tophat
8.947,11.137,map1_tophat
9.362,11.141,map1_tophat
9.421,11.142,map1_tophat
9.48,11.143,map1_tophat
12.499,11.175,map1_tophat
12.559,11.175,map1_tophat
8.711,11.034,map1_tophat
8.77,11.035,map1_tophat
8.829,11.036,map1_tophat
9.421,11.042,map1_tophat
9.48,11.043,map1_tophat
12.559,11.076,map1_tophat
9.481,10.943,map1_tophat
9.54,10.943,map1_tophat
12.559,10.976,map1_tophat
12.619,10.976,map1_tophat
9.422,10.842,map1_tophat
9.481,10.843,map1_tophat
9.54,10.843,map1_tophat
12.56,10.876,map1_tophat
12.619,10.876,map1_tophat
9.304,10.741,map1_tophat
9.363,10.741,map1_tophat
9.422,10.742,map1_tophat
9.482,10.743,map1_tophat
12.619,10.776,map1_tophat
9.304,10.641,map1_tophat
12.62,10.676,map1_tophat
12.679,10.677,map1_tophat
12.738,10.677,map1_tophat
9.246,10.54,map1_tophat
9.305,10.541,map1_tophat
12.62,10.576,map1_tophat
12.679,10.577,map1_tophat
12.738,10.577,map1_tophat
12.798,10.578,map1_tophat
9.187,10.44,map1_tophat
9.246,10.44,map1_tophat
12.739,10.477,map1_tophat
12.798,10.478,map1_tophat
12.857,10.479,map1_tophat
9.187,10.34,map1_tophat
9.246,10.34,map1_tophat
12.798,10.378,map1_tophat
12.858,10.379,map1_tophat
12.917,10.379,map1_tophat
12.976,10.38,map1_tophat
9.187,10.24,map1_tophat
12.917,10.279,map1_tophat
12.976,10.28,map1_tophat
9.188,10.14,map1_tophat
9.247,10.14,map1_tophat
12.977,10.18,map1_tophat
13.036,10.181,map1_tophat
9.129,10.039,map1_tophat
9.188,10.04,map1_tophat
9.247,10.04,map1_tophat
12.977,10.08,map1_tophat
13.036,10.081,map1_tophat
9.129,9.939,map1_tophat
9.189,9.94,map1_tophat
13.037,9.981,map1_tophat
13.096,9.981,map1_tophat
9.189,9.84,map1_tophat
9.248,9.84,map1_tophat
13.037,9.881,map1_tophat
13.096,9.881,map1_tophat
13.155,9.882,map1_tophat
13.629,9.887,map1_tophat
13.688,9.888,map1_tophat
17.951,9.933,map1_tophat
9.13,9.739,map1_tophat
9.189,9.74,map1_tophat
9.249,9.74,map1_tophat
9.308,9.741,map1_tophat
13.097,9.781,map1_tophat
13.156,9.782,map1_tophat
13.215,9.783,map1_tophat
13.274,9.783,map1_tophat
13.333,9.784,map1_tophat
13.393,9.785,map1_tophat
13.452,9.785,map1_tophat
13.511,9.786,map1_tophat
13.57,9.786,map1_tophat
13.629,9.787,map1_tophat
13.689,9.788,map1_tophat
13.748,9.788,map1_tophat
17.892,9.833,map1_tophat
17.951,9.833,map1_tophat
9.249,9.64,map1_tophat
9.308,9.641,map1_tophat
9.427,9.642,map1_tophat
9.486,9.643,map1_tophat
9.545,9.643,map1_tophat
9.604,9.644,map1_tophat
13.215,9.683,map1_tophat
13.275,9.683,map1_tophat
13.334,9.684,map1_tophat
13.393,9.685,map1_tophat
13.452,9.685,map1_tophat
13.511,9.686,map1_tophat
13.571,9.686,map1_tophat
13.63,9.687,map1_tophat
13.748,9.688,map1_tophat
13.807,9.689,map1_tophat
17.774,9.731,map1_tophat
17.892,9.733,map1_tophat
9.308,9.541,map1_tophat
9.368,9.542,map1_tophat
9.427,9.542,map1_tophat
9.486,9.543,map1_tophat
9.545,9.543,map1_tophat
9.604,9.544,map1_tophat
9.664,9.545,map1_tophat
9.723,9.545,map1_tophat
9.782,9.546,map1_tophat
9.841,9.547,map1_tophat
17.774,9.631,map1_tophat
17.834,9.632,map1_tophat
17.893,9.633,map1_tophat
9.486,9.443,map1_tophat
9.546,9.443,map1_tophat
9.782,9.446,map1_tophat
9.842,9.447,map1_tophat
9.901,9.447,map1_tophat
9.96,9.448,map1_tophat
10.019,9.449,map1_tophat
10.078,9.449,map1_tophat
10.138,9.45,map1_tophat
10.197,9.45,map1_tophat
10.256,9.451,map1_tophat
17.775,9.531,map1_tophat
17.834,9.532,map1_tophat
9.546,9.343,map1_tophat
9.605,9.344,map1_tophat
10.079,9.349,map1_tophat
10.138,9.35,map1_tophat
10.197,9.35,map1_tophat
10.256,9.351,map1_tophat
10.552,9.354,map1_tophat
17.716,9.431,map1_tophat
17.775,9.431,map1_tophat
9.546,9.244,map1_tophat
9.606,9.244,map1_tophat
10.257,9.251,map1_tophat
10.316,9.252,map1_tophat
10.494,9.254,map1_tophat
10.553,9.254,map1_tophat
10.612,9.255,map1_tophat
10.671,9.256,map1_tophat
17.716,9.331,map1_tophat
17.775,9.331,map1_tophat
9.547,9.144,map1_tophat
9.606,9.144,map1_tophat
10.257,9.151,map1_tophat
10.316,9.152,map1_tophat
10.435,9.153,map1_tophat
10.494,9.154,map1_tophat
10.612,9.155,map1_tophat
10.672,9.156,map1_tophat
17.717,9.231,map1_tophat
17.776,9.231,map1_tophat
9.547,9.044,map1_tophat
9.606,9.044,map1_tophat
9.666,9.045,map1_tophat
10.317,9.052,map1_tophat
10.376,9.052,map1_tophat
10.435,9.053,map1_tophat
10.494,9.054,map1_tophat
10.554,9.054,map1_tophat
17.717,9.131,map1_tophat
17.776,9.131,map1_tophat
9.607,8.944,map1_tophat
9.666,8.945,map1_tophat
9.725,8.945,map1_tophat
10.554,8.954,map1_tophat
10.613,8.955,map1_tophat
17.717,9.031,map1_tophat
9.666,8.845,map1_tophat
9.726,8.845,map1_tophat
9.785,8.846,map1_tophat
10.554,8.854,map1_tophat
10.614,8.855,map1_tophat
10.673,8.856,map1_tophat
10.732,8.856,map1_tophat
17.659,8.93,map1_tophat
17.718,8.931,map1_tophat
9.785,8.746,map1_tophat
9.844,8.747,map1_tophat
10.673,8.756,map1_tophat
10.732,8.756,map1_tophat
14.758,8.799,map1_tophat
17.54,8.829,map1_tophat
17.6,8.83,map1_tophat
17.659,8.83,map1_tophat
9.845,8.647,map1_tophat
9.904,8.647,map1_tophat
10.733,8.656,map1_tophat
10.792,8.657,map1_tophat
14.699,8.699,map1_tophat
14.758,8.699,map1_tophat
14.818,8.7,map1_tophat
17.482,8.728,map1_tophat
17.541,8.729,map1_tophat
17.6,8.73,map1_tophat
9.904,8.547,map1_tophat
10.851,8.558,map1_tophat
10.911,8.558,map1_tophat
10.97,8.559,map1_tophat
11.029,8.559,map1_tophat
11.088,8.56,map1_tophat
11.384,8.563,map1_tophat
14.759,8.599,map1_tophat
17.364,8.627,map1_tophat
17.423,8.628,map1_tophat
17.482,8.628,map1_tophat
17.541,8.629,map1_tophat
9.845,8.447,map1_tophat
9.905,8.447,map1_tophat
10.911,8.458,map1_tophat
10.97,8.459,map1_tophat
11.029,8.459,map1_tophat
11.089,8.46,map1_tophat
11.325,8.463,map1_tophat
11.385,8.463,map1_tophat
11.444,8.464,map1_tophat
11.503,8.464,map1_tophat
14.996,8.502,map1_tophat
15.055,8.502,map1_tophat
15.114,8.503,map1_tophat
15.174,8.504,map1_tophat
17.364,8.527,map1_tophat
17.423,8.528,map1_tophat
17.482,8.528,map1_tophat
9.846,8.347,map1_tophat
10.971,8.359,map1_tophat
11.03,8.359,map1_tophat
11.267,8.362,map1_tophat
11.326,8.363,map1_tophat
11.444,8.364,map1_tophat
11.503,8.364,map1_tophat
11.563,8.365,map1_tophat
14.937,8.401,map1_tophat
14.996,8.402,map1_tophat
15.056,8.402,map1_tophat
15.115,8.403,map1_tophat
15.174,8.404,map1_tophat
15.233,8.404,map1_tophat
17.246,8.426,map1_tophat
17.305,8.426,map1_tophat
17.364,8.427,map1_tophat
9.846,8.247,map1_tophat
10.971,8.259,map1_tophat
11.03,8.259,map1_tophat
11.089,8.26,map1_tophat
11.149,8.261,map1_tophat
11.208,8.261,map1_tophat
11.267,8.262,map1_tophat
11.563,8.265,map1_tophat
11.918,8.269,map1_tophat
11.977,8.27,map1_tophat
12.037,8.27,map1_tophat
12.096,8.271,map1_tophat
14.997,8.302,map1_tophat
15.056,8.302,map1_tophat
15.115,8.303,map1_tophat
15.174,8.304,map1_tophat
15.234,8.304,map1_tophat
15.293,8.305,map1_tophat
15.352,8.306,map1_tophat
15.411,8.306,map1_tophat
15.47,8.307,map1_tophat
15.53,8.308,map1_tophat
15.589,8.308,map1_tophat
15.648,8.309,map1_tophat
17.306,8.326,map1_tophat
9.847,8.147,map1_tophat
11.149,8.161,map1_tophat
11.563,8.165,map1_tophat
11.623,8.166,map1_tophat
11.8,8.168,map1_tophat
11.859,8.168,map1_tophat
11.919,8.169,map1_tophat
15.115,8.203,map1_tophat
15.175,8.204,map1_tophat
15.234,8.204,map1_tophat
15.293,8.205,map1_tophat
15.352,8.206,map1_tophat
15.411,8.206,map1_tophat
15.471,8.207,map1_tophat
15.53,8.208,map1_tophat
15.589,8.208,map1_tophat
15.648,8.209,map1_tophat
15.707,8.209,map1_tophat
15.767,8.21,map1_tophat
16.003,8.213,map1_tophat
16.063,8.213,map1_tophat
16.122,8.214,map1_tophat
9.847,8.047,map1_tophat
11.623,8.066,map1_tophat
11.741,8.067,map1_tophat
11.801,8.068,map1_tophat
15.353,8.106,map1_tophat
15.412,8.106,map1_tophat
15.471,8.107,map1_tophat
15.53,8.108,map1_tophat
15.589,8.108,map1_tophat
15.649,8.109,map1_tophat
15.708,8.109,map1_tophat
15.945,8.112,map1_tophat
16.004,8.113,map1_tophat
16.063,8.113,map1_tophat
16.122,8.114,map1_tophat
16.181,8.114,map1_tophat
11.742,7.967,map1_tophat
11.801,7.968,map1_tophat
16.123,8.014,map1_tophat
16.182,8.014,map1_tophat
16.241,8.015,map1_tophat
16.359,8.016,map1_tophat
11.742,7.867,map1_tophat
11.801,7.868,map1_tophat
16.182,7.915,map1_tophat
16.241,7.915,map1_tophat
16.301,7.916,map1_tophat
16.36,7.916,map1_tophat
16.419,7.917,map1_tophat
16.478,7.918,map1_tophat
11.742,7.767,map1_tophat
16.479,7.818,map1_tophat
16.538,7.818,map1_tophat
16.597,7.819,map1_tophat
11.802,7.668,map1_tophat
11.861,7.668,map1_tophat
11.92,7.669,map1_tophat
11.98,7.67,map1_tophat
16.538,7.718,map1_tophat
16.597,7.719,map1_tophat
16.657,7.72,map1_tophat
11.802,7.568,map1_tophat
11.921,7.569,map1_tophat
11.98,7.57,map1_tophat
11.921,7.469,map1_tophat
11.98,7.47,map1_tophat
11.922,7.369,map1_tophat
11.981,7.37,map1_tophat
11.981,7.27,map1_tophat
12.04,7.27,map1_tophat
12.1,7.271,map1_tophat
12.159,7.272,map1_tophat
12.218,7.272,map1_tophat
12.277,7.273,map1_tophat
12.336,7.273,map1_tophat
12.396,7.274,map1_tophat
12.634,6.977,map1_tophat
12.693,6.977,map1_tophat
12.634,6.877,map1_tophat
12.693,6.877,map1_tophat
12.693,6.777,map1_tophat
12.753,6.778,map1_tophat
12.753,6.678,map1_tophat
12.812,6.679,map1_tophat
12.753,6.578,map1_tophat
12.813,6.579,map1_tophat
12.872,6.579,map1_tophat
12.813,6.479,map1_tophat
12.872,6.479,map1_tophat
12.931,6.48,map1_tophat
12.873,6.379,map1_tophat
15.596,6.308,map1_tophat
15.655,6.309,map1_tophat
15.537,6.208,map1_tophat
15.597,6.208,map1_tophat
15.479,6.107,map1_tophat
5.704,51.306,map2_clean
5.649,51.222,map2_clean
5.614,51.172,map2_clean
5.58,51.122,map2_clean
5.573,51.106,map2_clean
5.524,51.056,map2_clean
5.545,51.055,map2_clean
5.517,51.022,map2_clean
5.538,51.022,map2_clean
5.496,50.972,map2_clean
5.448,50.922,map2_clean
15.614,50.592,map2_clean
15.607,50.542,map2_clean
15.614,50.525,map2_clean
15.614,50.323,map2_clean
15.579,50.273,map2_clean
5.122,50.337,map2_clean
5.101,50.303,map2_clean
15.434,50.207,map2_clean
15.476,50.207,map2_clean
15.413,50.191,map2_clean
5.101,50.253,map2_clean
15.413,50.174,map2_clean
15.434,50.174,map2_clean
5.087,50.219,map2_clean
15.372,50.141,map2_clean
15.337,50.124,map2_clean
15.379,50.124,map2_clean
15.316,50.107,map2_clean
5.087,50.169,map2_clean
15.316,50.074,map2_clean
15.337,50.074,map2_clean
15.379,50.073,map2_clean
15.268,50.041,map2_clean
5.066,50.102,map2_clean
15.261,50.024,map2_clean
15.282,50.024,map2_clean
15.344,50.023,map2_clean
5.053,50.068,map2_clean
15.24,49.974,map2_clean
15.282,49.973,map2_clean
15.219,49.923,map2_clean
15.24,49.923,map2_clean
15.281,49.923,map2_clean
15.219,49.873,map2_clean
15.24,49.873,map2_clean
15.281,49.873,map2_clean
15.205,49.823,map2_clean
15.226,49.823,map2_clean
15.191,49.773,map2_clean
15.233,49.772,map2_clean
15.184,49.722,map2_clean
15.226,49.722,map2_clean
15.171,49.706,map2_clean
15.157,49.672,map2_clean
15.177,49.672,map2_clean
15.24,49.671,map2_clean
15.129,49.622,map2_clean
15.191,49.621,map2_clean
15.233,49.621,map2_clean
15.122,49.605,map2_clean
15.136,49.572,map2_clean
15.177,49.571,map2_clean
15.24,49.571,map2_clean
15.15,49.521,map2_clean
15.191,49.521,map2_clean
15.233,49.52,map2_clean
15.053,49.471,map2_clean
15.198,49.47,map2_clean
15.239,49.47,map2_clean
15.239,49.42,map2_clean
15.281,49.386,map2_clean
15.26,49.369,map2_clean
15.281,49.369,map2_clean
15.274,49.319,map2_clean
15.295,49.318,map2_clean
15.281,49.268,map2_clean
15.274,49.251,map2_clean
15.267,49.218,map2_clean
15.287,49.218,map2_clean
15.26,49.168,map2_clean
15.28,49.167,map2_clean
15.246,49.117,map2_clean
15.287,49.117,map2_clean
15.329,49.083,map2_clean
15.253,49.067,map2_clean
15.294,49.067,map2_clean
15.336,49.066,map2_clean
15.26,49.016,map2_clean
15.28,49.016,map2_clean
15.329,48.999,map2_clean
15.294,48.966,map2_clean
15.336,48.966,map2_clean
15.329,48.915,map2_clean
15.342,48.865,map2_clean
15.384,48.864,map2_clean
15.342,48.814,map2_clean
15.384,48.814,map2_clean
15.356,48.764,map2_clean
15.377,48.764,map2_clean
15.356,48.714,map2_clean
15.377,48.713,map2_clean
15.349,48.663,map2_clean
15.391,48.663,map2_clean
15.363,48.613,map2_clean
15.384,48.613,map2_clean
15.363,48.562,map2_clean
15.383,48.562,map2_clean
15.37,48.512,map2_clean
15.39,48.512,map2_clean
15.369,48.462,map2_clean
15.39,48.461,map2_clean
15.376,48.411,map2_clean
15.369,48.394,map2_clean
15.369,48.361,map2_clean
15.39,48.361,map2_clean
15.369,48.31,map2_clean
15.376,48.294,map2_clean
15.342,48.26,map2_clean
15.321,48.21,map2_clean
15.341,48.21,map2_clean
15.279,48.16,map2_clean
15.341,48.16,map2_clean
15.258,48.127,map2_clean
15.265,48.11,map2_clean
15.286,48.11,map2_clean
15.328,48.109,map2_clean
15.238,48.06,map2_clean
15.279,48.059,map2_clean
15.217,48.026,map2_clean
15.321,48.025,map2_clean
15.224,48.009,map2_clean
15.244,48.009,map2_clean
15.196,47.959,map2_clean
15.237,47.959,map2_clean
15.279,47.959,map2_clean
15.217,47.925,map2_clean
15.237,47.925,map2_clean
15.279,47.925,map2_clean
15.306,47.874,map2_clean
15.196,47.858,map2_clean
15.237,47.858,map2_clean
15.203,47.825,map2_clean
15.244,47.824,map2_clean
15.286,47.824,map2_clean
15.244,47.774,map2_clean
15.286,47.774,map2_clean
15.265,47.724,map2_clean
15.286,47.723,map2_clean
15.265,47.673,map2_clean
15.285,47.673,map2_clean
15.244,47.623,map2_clean
15.209,47.573,map2_clean
15.23,47.573,map2_clean
15.188,47.523,map2_clean
15.181,47.472,map2_clean
15.161,47.456,map2_clean
15.168,47.422,map2_clean
15.188,47.422,map2_clean
15.154,47.372,map2_clean
15.195,47.372,map2_clean
15.154,47.321,map2_clean
15.195,47.321,map2_clean
15.154,47.271,map2_clean
15.14,47.221,map2_clean
15.119,47.204,map2_clean
15.126,47.171,map2_clean
15.112,47.137,map2_clean
15.119,47.12,map2_clean
15.098,47.07,map2_clean
15.098,47.003,map2_clean
15.091,46.969,map2_clean
15.07,46.936,map2_clean
15.077,46.919,map2_clean
15.07,46.902,map2_clean
15.07,46.869,map2_clean
15.028,46.819,map2_clean
15.028,46.768,map2_clean
15.021,46.752,map2_clean
15.014,46.718,map2_clean
15.035,46.718,map2_clean
15.028,46.668,map2_clean
15.056,46.617,map2_clean
15.077,46.617,map2_clean
15.056,46.567,map2_clean
15.077,46.566,map2_clean
15.063,46.516,map2_clean
15.035,46.466,map2_clean
15.014,46.449,map2_clean
14.938,46.383,map2_clean
14.924,46.366,map2_clean
14.876,46.316,map2_clean
14.869,46.299,map2_clean
14.869,46.266,map2_clean
14.848,46.216,map2_clean
14.848,46.165,map2_clean
14.82,46.132,map2_clean
14.82,46.115,map2_clean
14.841,46.115,map2_clean
14.806,46.065,map2_clean
14.778,46.015,map2_clean
14.758,45.981,map2_clean
14.744,45.965,map2_clean
14.723,45.914,map2_clean
14.744,45.914,map2_clean
14.674,45.864,map2_clean
14.695,45.864,map2_clean
14.661,45.814,map2_clean
14.681,45.814,map2_clean
14.674,45.764,map2_clean
14.681,45.747,map2_clean
14.688,45.713,map2_clean
14.743,45.679,map2_clean
14.716,45.663,map2_clean
14.736,45.662,map2_clean
14.778,45.628,map2_clean
14.75,45.612,map2_clean
14.792,45.612,map2_clean
14.778,45.561,map2_clean
14.771,45.528,map2_clean
14.771,45.511,map2_clean
14.792,45.511,map2_clean
14.805,45.46,map2_clean
14.826,45.443,map2_clean
14.819,45.41,map2_clean
14.84,45.41,map2_clean
14.826,45.359,map2_clean
14.819,45.343,map2_clean
14.833,45.309,map2_clean
14.854,45.275,map2_clean
14.895,45.241,map2_clean
14.867,45.225,map2_clean
14.888,45.225,map2_clean
14.874,45.174,map2_clean
14.895,45.174,map2_clean
14.874,45.124,map2_clean
14.881,45.107,map2_clean
14.867,45.074,map2_clean
14.888,45.074,map2_clean
14.86,45.023,map2_clean
14.881,45.023,map2_clean
14.86,44.973,map2_clean
14.881,44.973,map2_clean
14.832,44.923,map2_clean
14.812,44.889,map2_clean
14.812,44.873,map2_clean
14.832,44.872,map2_clean
14.756,44.823,map2_clean
14.777,44.823,map2_clean
14.708,44.773,map2_clean
14.728,44.773,map2_clean
14.791,44.772,map2_clean
14.666,44.739,map2_clean
14.652,44.723,map2_clean
14.694,44.722,map2_clean
14.797,44.722,map2_clean
14.583,44.639,map2_clean
14.777,44.638,map2_clean
14.569,44.623,map2_clean
14.59,44.622,map2_clean
14.534,44.573,map2_clean
14.521,44.539,map2_clean
14.749,44.537,map2_clean
14.5,44.522,map2_clean
14.541,44.522,map2_clean
14.749,44.521,map2_clean
14.472,44.472,map2_clean
14.493,44.472,map2_clean
14.534,44.472,map2_clean
14.472,44.422,map2_clean
14.493,44.422,map2_clean
14.513,44.354,map2_clean
14.513,44.304,map2_clean
14.534,44.304,map2_clean
14.52,44.27,map2_clean
14.541,44.27,map2_clean
14.513,44.22,map2_clean
14.534,44.22,map2_clean
14.506,44.17,map2_clean
14.527,44.17,map2_clean
14.527,44.119,map2_clean
8.994,44.111,map2_clean
14.555,44.069,map2_clean
14.555,44.018,map2_clean
14.548,43.968,map2_clean
14.589,43.934,map2_clean
14.554,43.918,map2_clean
14.596,43.917,map2_clean
14.457,43.868,map2_clean
14.478,43.868,map2_clean
14.561,43.867,map2_clean
14.582,43.867,map2_clean
14.402,43.852,map2_clean
14.561,43.817,map2_clean
14.582,43.817,map2_clean
14.513,43.767,map2_clean
14.533,43.767,map2_clean
14.347,43.751,map2_clean
14.464,43.734,map2_clean
14.34,43.718,map2_clean
14.45,43.717,map2_clean
14.492,43.717,map2_clean
14.416,43.667,map2_clean
14.436,43.667,map2_clean
14.34,43.651,map2_clean
14.333,43.617,map2_clean
14.416,43.616,map2_clean
14.319,43.6,map2_clean
14.429,43.583,map2_clean
14.257,43.567,map2_clean
14.277,43.567,map2_clean
14.34,43.567,map2_clean
14.423,43.566,map2_clean
14.443,43.566,map2_clean
12.687,43.562,map2_clean
12.555,43.547,map2_clean
12.783,43.545,map2_clean
14.485,43.532,map2_clean
12.839,43.528,map2_clean
12.88,43.527,map2_clean
14.222,43.517,map2_clean
14.243,43.517,map2_clean
14.471,43.515,map2_clean
14.492,43.515,map2_clean
12.52,43.513,map2_clean
12.541,43.513,map2_clean
12.583,43.513,map2_clean
12.645,43.512,map2_clean
12.686,43.512,map2_clean
12.728,43.512,map2_clean
12.79,43.511,map2_clean
12.832,43.511,map2_clean
12.894,43.51,map2_clean
12.935,43.51,map2_clean
12.977,43.493,map2_clean
14.533,43.481,map2_clean
14.201,43.467,map2_clean
14.243,43.467,map2_clean
14.512,43.465,map2_clean
14.533,43.464,map2_clean
12.431,43.464,map2_clean
12.493,43.463,map2_clean
12.534,43.463,map2_clean
12.576,43.463,map2_clean
12.638,43.462,map2_clean
12.679,43.462,map2_clean
12.742,43.461,map2_clean
12.783,43.461,map2_clean
12.845,43.46,map2_clean
12.887,43.46,map2_clean
12.928,43.46,map2_clean
12.991,43.459,map2_clean
13.032,43.459,map2_clean
13.094,43.459,map2_clean
12.389,43.447,map2_clean
13.136,43.441,map2_clean
13.177,43.441,map2_clean
13.295,43.44,map2_clean
12.368,43.431,map2_clean
13.032,43.425,map2_clean
13.094,43.425,map2_clean
13.136,43.425,map2_clean
13.177,43.424,map2_clean
13.24,43.424,map2_clean
13.281,43.424,map2_clean
13.343,43.423,map2_clean
13.385,43.423,map2_clean
13.426,43.422,map2_clean
14.166,43.417,map2_clean
14.187,43.417,map2_clean
14.54,43.414,map2_clean
12.306,43.414,map2_clean
12.327,43.414,map2_clean
12.458,43.413,map2_clean
12.479,43.413,map2_clean
12.541,43.412,map2_clean
12.583,43.412,map2_clean
12.645,43.412,map2_clean
12.686,43.411,map2_clean
12.728,43.411,map2_clean
12.79,43.411,map2_clean
12.832,43.41,map2_clean
12.894,43.41,map2_clean
12.935,43.409,map2_clean
12.977,43.409,map2_clean
13.475,43.389,map2_clean
14.581,43.38,map2_clean
13.129,43.374,map2_clean
13.191,43.374,map2_clean
13.233,43.374,map2_clean
13.295,43.373,map2_clean
13.336,43.373,map2_clean
13.378,43.372,map2_clean
13.44,43.372,map2_clean
13.482,43.372,map2_clean
14.132,43.367,map2_clean
14.194,43.366,map2_clean
14.561,43.363,map2_clean
14.581,43.363,map2_clean
12.313,43.364,map2_clean
12.334,43.364,map2_clean
12.596,43.362,map2_clean
12.638,43.361,map2_clean
12.679,43.361,map2_clean
12.742,43.361,map2_clean
12.783,43.36,map2_clean
12.845,43.36,map2_clean
12.887,43.359,map2_clean
12.928,43.359,map2_clean
12.991,43.359,map2_clean
13.032,43.358,map2_clean
13.094,43.358,map2_clean
14.118,43.35,map2_clean
11.794,43.334,map2_clean
11.836,43.334,map2_clean
11.877,43.334,map2_clean
11.939,43.333,map2_clean
11.981,43.333,map2_clean
12.043,43.332,map2_clean
12.085,43.332,map2_clean
12.126,43.332,map2_clean
12.949,43.325,map2_clean
13.101,43.324,map2_clean
13.143,43.324,map2_clean
13.184,43.324,map2_clean
13.226,43.323,map2_clean
13.288,43.323,map2_clean
13.329,43.322,map2_clean
13.392,43.322,map2_clean
13.433,43.322,map2_clean
13.475,43.321,map2_clean
14.097,43.317,map2_clean
14.139,43.316,map2_clean
14.567,43.313,map2_clean
14.588,43.313,map2_clean
11.718,43.318,map2_clean
11.739,43.318,map2_clean
11.78,43.318,map2_clean
11.842,43.317,map2_clean
11.884,43.317,map2_clean
11.946,43.316,map2_clean
11.988,43.316,map2_clean
12.029,43.316,map2_clean
12.091,43.315,map2_clean
13.53,43.304,map2_clean
11.628,43.302,map2_clean
11.6,43.285,map2_clean
13.35,43.272,map2_clean
13.392,43.272,map2_clean
13.433,43.271,map2_clean
13.475,43.271,map2_clean
13.537,43.27,map2_clean
14.062,43.266,map2_clean
14.083,43.266,map2_clean
14.574,43.263,map2_clean
14.595,43.262,map2_clean
11.573,43.269,map2_clean
11.593,43.269,map2_clean
11.635,43.268,map2_clean
11.676,43.268,map2_clean
13.426,43.221,map2_clean
13.488,43.22,map2_clean
13.53,43.22,map2_clean
14.049,43.216,map2_clean
14.09,43.216,map2_clean
14.581,43.212,map2_clean
15.252,43.207,map2_clean
11.503,43.219,map2_clean
11.545,43.219,map2_clean
11.586,43.218,map2_clean
13.578,43.203,map2_clean
14.574,43.195,map2_clean
15.224,43.19,map2_clean
15.287,43.19,map2_clean
15.183,43.174,map2_clean
15.245,43.173,map2_clean
15.287,43.173,map2_clean
15.328,43.173,map2_clean
13.454,43.17,map2_clean
13.495,43.17,map2_clean
13.537,43.17,map2_clean
13.578,43.169,map2_clean
14.042,43.166,map2_clean
14.083,43.166,map2_clean
14.581,43.162,map2_clean
15.169,43.157,map2_clean
15.376,43.156,map2_clean
11.49,43.169,map2_clean
11.531,43.168,map2_clean
15.141,43.124,map2_clean
15.383,43.122,map2_clean
11.462,43.135,map2_clean
13.523,43.119,map2_clean
13.544,43.119,map2_clean
13.585,43.119,map2_clean
13.627,43.119,map2_clean
14.028,43.116,map2_clean
15.107,43.107,map2_clean
15.432,43.105,map2_clean
11.448,43.119,map2_clean
11.489,43.118,map2_clean
14.671,43.094,map2_clean
14.692,43.094,map2_clean
13.675,43.085,map2_clean
14.726,43.077,map2_clean
15.072,43.074,map2_clean
15.093,43.074,map2_clean
15.425,43.071,map2_clean
15.445,43.071,map2_clean
15.487,43.071,map2_clean
13.564,43.069,map2_clean
13.585,43.069,map2_clean
13.627,43.068,map2_clean
13.689,43.068,map2_clean
14.028,43.065,map2_clean
14.705,43.06,map2_clean
14.726,43.06,map2_clean
14.788,43.059,map2_clean
11.427,43.068,map2_clean
14.007,43.049,map2_clean
14.83,43.042,map2_clean
15.535,43.037,map2_clean
11.42,43.052,map2_clean
15.425,43.021,map2_clean
15.445,43.021,map2_clean
15.528,43.02,map2_clean
13.772,43.017,map2_clean
13.792,43.017,map2_clean
13.958,43.015,map2_clean
13.979,43.015,map2_clean
11.392,43.018,map2_clean
13.827,43.0,map2_clean
13.889,42.999,map2_clean
15.452,42.97,map2_clean
15.494,42.97,map2_clean
15.535,42.97,map2_clean
15.577,42.969,map2_clean
13.806,42.966,map2_clean
13.827,42.966,map2_clean
13.889,42.966,map2_clean
13.931,42.965,map2_clean
15.632,42.952,map2_clean
11.365,42.968,map2_clean
11.386,42.968,map2_clean
15.438,42.92,map2_clean
15.542,42.919,map2_clean
11.04,42.937,map2_clean
11.233,42.936,map2_clean
11.275,42.935,map2_clean
10.957,42.921,map2_clean
10.977,42.921,map2_clean
11.04,42.92,map2_clean
11.081,42.92,map2_clean
11.143,42.919,map2_clean
11.219,42.919,map2_clean
11.24,42.919,map2_clean
11.282,42.918,map2_clean
11.344,42.918,map2_clean
11.6,42.899,map2_clean
12.603,42.891,map2_clean
15.466,42.87,map2_clean
15.487,42.869,map2_clean
15.528,42.869,map2_clean
15.59,42.869,map2_clean
15.632,42.868,map2_clean
15.694,42.868,map2_clean
11.04,42.87,map2_clean
11.185,42.869,map2_clean
11.226,42.868,map2_clean
15.459,42.819,map2_clean
15.48,42.819,map2_clean
15.542,42.819,map2_clean
15.583,42.818,map2_clean
10.97,42.82,map2_clean
10.991,42.82,map2_clean
11.033,42.82,map2_clean
11.095,42.819,map2_clean
11.136,42.819,map2_clean
15.473,42.769,map2_clean
15.494,42.769,map2_clean
15.535,42.768,map2_clean
15.577,42.768,map2_clean
15.639,42.767,map2_clean
15.68,42.767,map2_clean
15.742,42.767,map2_clean
11.033,42.769,map2_clean
15.777,42.733,map2_clean
11.295,42.75,map2_clean
15.48,42.718,map2_clean
15.542,42.718,map2_clean
15.583,42.718,map2_clean
15.646,42.717,map2_clean
15.473,42.702,map2_clean
10.839,42.72,map2_clean
10.88,42.72,map2_clean
10.943,42.719,map2_clean
10.984,42.719,map2_clean
11.026,42.719,map2_clean
10.818,42.704,map2_clean
15.5,42.668,map2_clean
15.542,42.667,map2_clean
15.583,42.667,map2_clean
15.646,42.667,map2_clean
15.687,42.666,map2_clean
15.729,42.666,map2_clean
15.791,42.666,map2_clean
15.832,42.665,map2_clean
10.77,42.67,map2_clean
11.039,42.668,map2_clean
15.521,42.617,map2_clean
15.542,42.617,map2_clean
15.583,42.617,map2_clean
15.645,42.616,map2_clean
15.687,42.616,map2_clean
15.728,42.616,map2_clean
15.791,42.615,map2_clean
15.832,42.615,map2_clean
10.728,42.62,map2_clean
10.79,42.62,map2_clean
10.832,42.62,map2_clean
10.894,42.619,map2_clean
10.935,42.619,map2_clean
10.977,42.618,map2_clean
11.039,42.618,map2_clean
11.129,42.617,map2_clean
11.115,42.601,map2_clean
15.535,42.567,map2_clean
15.576,42.566,map2_clean
15.638,42.566,map2_clean
15.68,42.566,map2_clean
15.742,42.565,map2_clean
15.784,42.565,map2_clean
15.846,42.564,map2_clean
15.887,42.564,map2_clean
10.714,42.587,map2_clean
10.714,42.57,map2_clean
10.735,42.57,map2_clean
11.046,42.568,map2_clean
15.929,42.53,map2_clean
15.583,42.516,map2_clean
15.645,42.516,map2_clean
15.687,42.515,map2_clean
15.728,42.515,map2_clean
15.791,42.514,map2_clean
15.832,42.514,map2_clean
15.894,42.514,map2_clean
15.936,42.513,map2_clean
10.7,42.52,map2_clean
10.742,42.52,map2_clean
10.783,42.519,map2_clean
10.845,42.519,map2_clean
10.887,42.518,map2_clean
10.928,42.518,map2_clean
10.991,42.518,map2_clean
11.032,42.517,map2_clean
15.645,42.465,map2_clean
15.687,42.465,map2_clean
15.728,42.465,map2_clean
15.791,42.464,map2_clean
15.832,42.464,map2_clean
15.894,42.463,map2_clean
15.936,42.463,map2_clean
10.707,42.469,map2_clean
10.728,42.469,map2_clean
10.977,42.467,map2_clean
15.68,42.415,map2_clean
15.742,42.414,map2_clean
15.784,42.414,map2_clean
15.846,42.413,map2_clean
15.887,42.413,map2_clean
15.929,42.413,map2_clean
10.693,42.419,map2_clean
10.735,42.419,map2_clean
10.776,42.419,map2_clean
10.838,42.418,map2_clean
10.88,42.418,map2_clean
10.942,42.417,map2_clean
15.79,42.363,map2_clean
15.832,42.363,map2_clean
15.894,42.363,map2_clean
15.936,42.362,map2_clean
15.977,42.362,map2_clean
10.728,42.369,map2_clean
15.825,42.313,map2_clean
15.853,42.313,map2_clean
15.894,42.312,map2_clean
15.936,42.312,map2_clean
15.977,42.312,map2_clean
16.046,42.294,map2_clean
10.693,42.318,map2_clean
10.735,42.318,map2_clean
10.776,42.318,map2_clean
10.838,42.317,map2_clean
10.88,42.317,map2_clean
10.942,42.317,map2_clean
15.915,42.262,map2_clean
15.935,42.261,map2_clean
15.977,42.261,map2_clean
16.039,42.261,map2_clean
10.741,42.268,map2_clean
10.928,42.266,map2_clean
16.081,42.227,map2_clean
16.046,42.21,map2_clean
16.088,42.21,map2_clean
10.686,42.218,map2_clean
10.727,42.217,map2_clean
10.79,42.217,map2_clean
10.831,42.217,map2_clean
10.893,42.216,map2_clean
16.212,42.175,map2_clean
10.665,42.201,map2_clean
10.693,42.167,map2_clean
10.88,42.166,map2_clean
10.644,42.117,map2_clean
10.686,42.117,map2_clean
10.727,42.117,map2_clean
10.79,42.116,map2_clean
10.831,42.116,map2_clean
10.624,42.084,map2_clean
10.693,42.067,map2_clean
10.838,42.065,map2_clean
10.402,42.018,map2_clean
10.444,42.018,map2_clean
10.485,42.018,map2_clean
10.527,42.017,map2_clean
10.589,42.017,map2_clean
10.63,42.017,map2_clean
10.693,42.016,map2_clean
10.734,42.016,map2_clean
10.776,42.016,map2_clean
10.333,42.002,map2_clean
10.291,41.986,map2_clean
10.388,41.968,map2_clean
10.679,41.966,map2_clean
10.782,41.965,map2_clean
10.16,41.92,map2_clean
10.181,41.919,map2_clean
10.243,41.919,map2_clean
10.284,41.919,map2_clean
10.326,41.918,map2_clean
10.388,41.918,map2_clean
10.43,41.917,map2_clean
10.492,41.917,map2_clean
10.533,41.917,map2_clean
10.596,41.916,map2_clean
10.637,41.916,map2_clean
10.679,41.916,map2_clean
10.741,41.915,map2_clean
10.782,41.915,map2_clean
8.009,41.919,map2_clean
8.133,41.918,map2_clean
10.105,41.903,map2_clean
7.974,41.903,map2_clean
8.175,41.884,map2_clean
10.388,41.867,map2_clean
10.679,41.865,map2_clean
10.741,41.865,map2_clean
7.947,41.869,map2_clean
7.988,41.869,map2_clean
8.03,41.869,map2_clean
8.092,41.868,map2_clean
8.133,41.868,map2_clean
10.056,41.853,map2_clean
7.919,41.853,map2_clean
10.022,41.82,map2_clean
10.042,41.82,map2_clean
10.084,41.819,map2_clean
10.146,41.819,map2_clean
10.187,41.819,map2_clean
10.229,41.818,map2_clean
10.291,41.818,map2_clean
10.333,41.817,map2_clean
10.395,41.817,map2_clean
10.436,41.817,map2_clean
10.478,41.816,map2_clean
10.54,41.816,map2_clean
10.582,41.816,map2_clean
10.644,41.815,map2_clean
10.685,41.815,map2_clean
1.971,41.865,map2_clean
7.898,41.819,map2_clean
7.94,41.819,map2_clean
7.981,41.819,map2_clean
8.043,41.818,map2_clean
8.126,41.818,map2_clean
8.189,41.817,map2_clean
7.871,41.803,map2_clean
8.244,41.783,map2_clean
10.042,41.769,map2_clean
10.395,41.767,map2_clean
10.644,41.765,map2_clean
1.964,41.814,map2_clean
7.808,41.77,map2_clean
7.85,41.769,map2_clean
7.891,41.769,map2_clean
7.933,41.769,map2_clean
7.995,41.768,map2_clean
8.036,41.768,map2_clean
8.078,41.768,map2_clean
8.14,41.767,map2_clean
7.767,41.753,map2_clean
7.684,41.737,map2_clean
9.987,41.719,map2_clean
10.028,41.719,map2_clean
10.091,41.719,map2_clean
10.132,41.718,map2_clean
10.194,41.718,map2_clean
10.236,41.717,map2_clean
10.277,41.717,map2_clean
10.34,41.717,map2_clean
10.381,41.716,map2_clean
10.443,41.716,map2_clean
10.485,41.716,map2_clean
10.526,41.715,map2_clean
10.589,41.715,map2_clean
7.628,41.721,map2_clean
7.691,41.72,map2_clean
7.732,41.72,map2_clean
7.891,41.719,map2_clean
7.933,41.718,map2_clean
8.023,41.718,map2_clean
8.043,41.717,map2_clean
8.085,41.717,map2_clean
8.126,41.717,map2_clean
8.189,41.716,map2_clean
8.23,41.716,map2_clean
8.292,41.716,map2_clean
9.966,41.703,map2_clean
1.971,41.747,map2_clean
7.573,41.704,map2_clean
7.594,41.704,map2_clean
8.334,41.698,map2_clean
7.863,41.685,map2_clean
10.035,41.669,map2_clean
10.388,41.666,map2_clean
10.533,41.665,map2_clean
7.531,41.671,map2_clean
7.594,41.671,map2_clean
7.635,41.67,map2_clean
8.099,41.667,map2_clean
8.14,41.666,map2_clean
8.182,41.666,map2_clean
8.244,41.666,map2_clean
7.504,41.654,map2_clean
8.431,41.647,map2_clean
7.469,41.638,map2_clean
9.924,41.619,map2_clean
9.945,41.619,map2_clean
9.987,41.619,map2_clean
10.028,41.618,map2_clean
10.09,41.618,map2_clean
10.132,41.617,map2_clean
10.194,41.617,map2_clean
10.236,41.617,map2_clean
10.277,41.616,map2_clean
10.339,41.616,map2_clean
10.381,41.616,map2_clean
10.443,41.615,map2_clean
10.485,41.615,map2_clean
10.526,41.614,map2_clean
7.448,41.621,map2_clean
7.49,41.621,map2_clean
7.531,41.621,map2_clean
8.14,41.616,map2_clean
8.182,41.616,map2_clean
8.244,41.615,map2_clean
8.285,41.615,map2_clean
8.327,41.615,map2_clean
8.389,41.614,map2_clean
8.43,41.614,map2_clean
8.493,41.613,map2_clean
9.855,41.586,map2_clean
7.414,41.588,map2_clean
8.527,41.579,map2_clean
10.042,41.568,map2_clean
10.395,41.565,map2_clean
10.478,41.564,map2_clean
7.386,41.571,map2_clean
7.428,41.571,map2_clean
7.49,41.571,map2_clean
8.161,41.565,map2_clean
8.181,41.565,map2_clean
8.244,41.565,map2_clean
8.43,41.563,map2_clean
9.751,41.536,map2_clean
9.738,41.52,map2_clean
9.779,41.519,map2_clean
9.841,41.519,map2_clean
9.883,41.519,map2_clean
9.945,41.518,map2_clean
9.987,41.518,map2_clean
10.028,41.518,map2_clean
10.09,41.517,map2_clean
10.132,41.517,map2_clean
10.194,41.516,map2_clean
10.236,41.516,map2_clean
10.277,41.516,map2_clean
10.339,41.515,map2_clean
10.381,41.515,map2_clean
7.358,41.521,map2_clean
7.379,41.521,map2_clean
8.168,41.515,map2_clean
8.188,41.515,map2_clean
8.23,41.515,map2_clean
8.292,41.514,map2_clean
8.334,41.514,map2_clean
8.375,41.513,map2_clean
8.437,41.513,map2_clean
8.479,41.513,map2_clean
8.541,41.512,map2_clean
8.583,41.512,map2_clean
9.648,41.504,map2_clean
9.689,41.503,map2_clean
9.613,41.487,map2_clean
7.324,41.488,map2_clean
8.638,41.478,map2_clean
9.378,41.472,map2_clean
9.731,41.469,map2_clean
10.042,41.467,map2_clean
7.317,41.471,map2_clean
7.338,41.471,map2_clean
7.379,41.471,map2_clean
8.195,41.464,map2_clean
8.237,41.464,map2_clean
8.278,41.464,map2_clean
8.444,41.463,map2_clean
8.742,41.46,map2_clean
9.205,41.457,map2_clean
9.191,41.423,map2_clean
9.233,41.423,map2_clean
9.295,41.422,map2_clean
9.336,41.422,map2_clean
9.378,41.422,map2_clean
9.44,41.421,map2_clean
9.482,41.421,map2_clean
9.544,41.421,map2_clean
9.585,41.42,map2_clean
9.627,41.42,map2_clean
9.689,41.419,map2_clean
9.731,41.419,map2_clean
9.793,41.419,map2_clean
9.834,41.418,map2_clean
9.876,41.418,map2_clean
9.938,41.417,map2_clean
9.979,41.417,map2_clean
10.042,41.417,map2_clean
10.083,41.416,map2_clean
10.145,41.416,map2_clean
10.187,41.416,map2_clean
10.228,41.415,map2_clean
10.291,41.415,map2_clean
10.332,41.414,map2_clean
7.275,41.421,map2_clean
7.337,41.421,map2_clean
8.216,41.414,map2_clean
8.237,41.414,map2_clean
8.278,41.413,map2_clean
8.34,41.413,map2_clean
8.382,41.413,map2_clean
8.444,41.412,map2_clean
8.486,41.412,map2_clean
8.527,41.412,map2_clean
8.589,41.411,map2_clean
8.631,41.411,map2_clean
8.693,41.41,map2_clean
8.735,41.41,map2_clean
8.776,41.41,map2_clean
8.838,41.409,map2_clean
9.17,41.407,map2_clean
8.88,41.392,map2_clean
9.385,41.371,map2_clean
9.737,41.369,map2_clean
10.028,41.366,map2_clean
10.339,41.364,map2_clean
7.261,41.371,map2_clean
7.282,41.371,map2_clean
8.23,41.363,map2_clean
8.292,41.363,map2_clean
8.437,41.362,map2_clean
8.728,41.36,map2_clean
8.797,41.325,map2_clean
8.838,41.325,map2_clean
8.88,41.325,map2_clean
9.136,41.323,map2_clean
9.177,41.323,map2_clean
9.239,41.322,map2_clean
9.281,41.322,map2_clean
9.343,41.321,map2_clean
9.385,41.321,map2_clean
9.426,41.321,map2_clean
9.488,41.32,map2_clean
9.53,41.32,map2_clean
9.592,41.319,map2_clean
9.634,41.319,map2_clean
9.675,41.319,map2_clean
9.737,41.318,map2_clean
9.779,41.318,map2_clean
9.841,41.317,map2_clean
9.883,41.317,map2_clean
9.945,41.317,map2_clean
9.986,41.316,map2_clean
10.028,41.316,map2_clean
10.09,41.316,map2_clean
10.132,41.315,map2_clean
10.194,41.315,map2_clean
10.235,41.314,map2_clean
10.277,41.314,map2_clean
7.247,41.321,map2_clean
7.289,41.32,map2_clean
8.23,41.313,map2_clean
8.292,41.313,map2_clean
8.333,41.312,map2_clean
8.375,41.312,map2_clean
8.437,41.311,map2_clean
8.479,41.311,map2_clean
8.541,41.311,map2_clean
8.582,41.31,map2_clean
8.645,41.31,map2_clean
8.686,41.31,map2_clean
8.728,41.309,map2_clean
9.108,41.306,map2_clean
8.223,41.296,map2_clean
8.762,41.275,map2_clean
9.08,41.273,map2_clean
9.391,41.271,map2_clean
9.744,41.268,map2_clean
10.035,41.266,map2_clean
7.24,41.27,map2_clean
7.282,41.27,map2_clean
8.229,41.263,map2_clean
8.437,41.261,map2_clean
8.223,41.229,map2_clean
8.7,41.225,map2_clean
8.741,41.225,map2_clean
8.783,41.225,map2_clean
8.845,41.224,map2_clean
8.886,41.224,map2_clean
8.928,41.224,map2_clean
8.99,41.223,map2_clean
9.032,41.223,map2_clean
9.094,41.222,map2_clean
9.135,41.222,map2_clean
9.177,41.222,map2_clean
9.239,41.221,map2_clean
9.281,41.221,map2_clean
9.343,41.221,map2_clean
9.384,41.22,map2_clean
9.426,41.22,map2_clean
9.488,41.219,map2_clean
9.53,41.219,map2_clean
9.592,41.219,map2_clean
9.633,41.218,map2_clean
9.675,41.218,map2_clean
9.737,41.218,map2_clean
9.779,41.217,map2_clean
9.841,41.217,map2_clean
9.882,41.216,map2_clean
9.945,41.216,map2_clean
9.986,41.216,map2_clean
10.028,41.215,map2_clean
10.09,41.215,map2_clean
10.131,41.215,map2_clean
7.254,41.22,map2_clean
7.275,41.22,map2_clean
8.229,41.212,map2_clean
8.292,41.212,map2_clean
8.333,41.212,map2_clean
8.375,41.211,map2_clean
8.437,41.211,map2_clean
8.478,41.21,map2_clean
8.541,41.21,map2_clean
8.582,41.21,map2_clean
8.644,41.209,map2_clean
8.734,41.175,map2_clean
9.087,41.172,map2_clean
9.377,41.17,map2_clean
9.73,41.167,map2_clean
10.041,41.165,map2_clean
7.268,41.169,map2_clean
7.289,41.169,map2_clean
8.236,41.162,map2_clean
8.444,41.16,map2_clean
7.33,41.152,map2_clean
8.61,41.125,map2_clean
8.63,41.125,map2_clean
8.693,41.125,map2_clean
8.734,41.124,map2_clean
8.776,41.124,map2_clean
8.838,41.124,map2_clean
8.879,41.123,map2_clean
8.942,41.123,map2_clean
8.983,41.123,map2_clean
9.045,41.122,map2_clean
9.087,41.122,map2_clean
9.128,41.121,map2_clean
9.191,41.121,map2_clean
9.232,41.121,map2_clean
9.294,41.12,map2_clean
9.336,41.12,map2_clean
9.377,41.12,map2_clean
9.44,41.119,map2_clean
9.481,41.119,map2_clean
9.543,41.118,map2_clean
9.585,41.118,map2_clean
9.626,41.118,map2_clean
9.689,41.117,map2_clean
9.73,41.117,map2_clean
9.792,41.116,map2_clean
9.834,41.116,map2_clean
9.875,41.116,map2_clean
9.938,41.115,map2_clean
9.979,41.115,map2_clean
10.041,41.114,map2_clean
10.083,41.114,map2_clean
10.2,41.113,map2_clean
7.275,41.119,map2_clean
7.337,41.118,map2_clean
8.229,41.112,map2_clean
8.292,41.111,map2_clean
8.333,41.111,map2_clean
8.375,41.11,map2_clean
8.437,41.11,map2_clean
8.478,41.11,map2_clean
8.541,41.109,map2_clean
1.97,41.143,map2_clean
8.202,41.078,map2_clean
8.741,41.074,map2_clean
9.094,41.071,map2_clean
9.384,41.069,map2_clean
9.737,41.066,map2_clean
10.027,41.064,map2_clean
10.131,41.063,map2_clean
7.289,41.068,map2_clean
7.33,41.068,map2_clean
8.181,41.062,map2_clean
8.243,41.061,map2_clean
8.285,41.061,map2_clean
8.43,41.06,map2_clean
7.268,41.052,map2_clean
8.153,41.045,map2_clean
8.506,41.025,map2_clean
8.527,41.025,map2_clean
8.589,41.025,map2_clean
8.63,41.025,map2_clean
8.693,41.024,map2_clean
8.734,41.024,map2_clean
8.776,41.023,map2_clean
8.838,41.023,map2_clean
8.879,41.023,map2_clean
8.942,41.022,map2_clean
8.983,41.022,map2_clean
9.045,41.021,map2_clean
9.087,41.021,map2_clean
9.128,41.021,map2_clean
9.191,41.02,map2_clean
9.232,41.02,map2_clean
9.294,41.019,map2_clean
9.336,41.019,map2_clean
9.377,41.019,map2_clean
9.439,41.018,map2_clean
9.481,41.018,map2_clean
9.543,41.018,map2_clean
9.585,41.017,map2_clean
9.626,41.017,map2_clean
9.688,41.016,map2_clean
9.73,41.016,map2_clean
9.792,41.016,map2_clean
9.834,41.015,map2_clean
9.875,41.015,map2_clean
9.937,41.015,map2_clean
9.979,41.014,map2_clean
10.041,41.014,map2_clean
10.083,41.013,map2_clean
1.479,41.062,map2_clean
7.282,41.018,map2_clean
7.344,41.018,map2_clean
8.125,41.012,map2_clean
8.146,41.011,map2_clean
8.188,41.011,map2_clean
8.229,41.011,map2_clean
8.291,41.01,map2_clean
8.333,41.01,map2_clean
8.395,41.01,map2_clean
8.437,41.009,map2_clean
8.727,40.973,map2_clean
9.08,40.971,map2_clean
9.391,40.968,map2_clean
9.744,40.966,map2_clean
10.034,40.963,map2_clean
1.465,41.012,map2_clean
1.5,41.012,map2_clean
7.275,40.968,map2_clean
7.337,40.967,map2_clean
8.153,40.961,map2_clean
8.194,40.961,map2_clean
8.236,40.96,map2_clean
8.277,40.96,map2_clean
8.34,40.96,map2_clean
8.381,40.959,map2_clean
8.443,40.959,map2_clean
7.268,40.951,map2_clean
8.409,40.925,map2_clean
8.43,40.925,map2_clean
8.492,40.925,map2_clean
8.533,40.925,map2_clean
8.596,40.924,map2_clean
8.637,40.924,map2_clean
8.679,40.923,map2_clean
8.741,40.923,map2_clean
8.782,40.923,map2_clean
8.845,40.922,map2_clean
8.886,40.922,map2_clean
8.928,40.922,map2_clean
8.99,40.921,map2_clean
9.031,40.921,map2_clean
9.094,40.92,map2_clean
9.135,40.92,map2_clean
9.177,40.92,map2_clean
9.239,40.919,map2_clean
9.28,40.919,map2_clean
9.343,40.918,map2_clean
9.384,40.918,map2_clean
9.426,40.918,map2_clean
9.488,40.917,map2_clean
9.529,40.917,map2_clean
9.592,40.916,map2_clean
9.633,40.916,map2_clean
9.675,40.916,map2_clean
9.737,40.915,map2_clean
9.778,40.915,map2_clean
9.841,40.915,map2_clean
9.882,40.914,map2_clean
9.944,40.914,map2_clean
9.986,40.913,map2_clean
7.247,40.918,map2_clean
7.288,40.917,map2_clean
8.34,40.909,map2_clean
8.499,40.874,map2_clean
8.54,40.874,map2_clean
8.727,40.873,map2_clean
9.08,40.87,map2_clean
9.391,40.868,map2_clean
9.744,40.865,map2_clean
9.827,40.864,map2_clean
9.889,40.864,map2_clean
9.93,40.863,map2_clean
7.24,40.867,map2_clean
7.281,40.867,map2_clean
8.443,40.858,map2_clean
8.464,40.824,map2_clean
8.485,40.824,map2_clean
8.526,40.824,map2_clean
8.589,40.823,map2_clean
8.63,40.823,map2_clean
8.692,40.823,map2_clean
8.734,40.822,map2_clean
8.775,40.822,map2_clean
8.838,40.821,map2_clean
8.879,40.821,map2_clean
8.941,40.821,map2_clean
8.983,40.82,map2_clean
9.045,40.82,map2_clean
9.087,40.82,map2_clean
9.128,40.819,map2_clean
9.19,40.819,map2_clean
9.232,40.818,map2_clean
9.294,40.818,map2_clean
9.335,40.818,map2_clean
9.377,40.817,map2_clean
9.439,40.817,map2_clean
9.481,40.817,map2_clean
9.543,40.816,map2_clean
9.584,40.816,map2_clean
9.626,40.815,map2_clean
9.688,40.815,map2_clean
9.73,40.815,map2_clean
9.792,40.814,map2_clean
7.198,40.817,map2_clean
7.24,40.817,map2_clean
7.281,40.817,map2_clean
4.1,40.807,map2_clean
4.141,40.807,map2_clean
4.183,40.807,map2_clean
4.245,40.806,map2_clean
8.519,40.774,map2_clean
8.54,40.773,map2_clean
8.582,40.773,map2_clean
8.727,40.772,map2_clean
9.08,40.769,map2_clean
9.391,40.767,map2_clean
4.045,40.791,map2_clean
7.178,40.767,map2_clean
7.24,40.767,map2_clean
4.044,40.774,map2_clean
4.086,40.774,map2_clean
4.127,40.774,map2_clean
4.19,40.773,map2_clean
4.231,40.773,map2_clean
4.024,40.758,map2_clean
7.157,40.734,map2_clean
8.547,40.723,map2_clean
8.588,40.723,map2_clean
8.63,40.722,map2_clean
8.692,40.722,map2_clean
8.734,40.722,map2_clean
8.775,40.721,map2_clean
8.837,40.721,map2_clean
8.879,40.72,map2_clean
8.941,40.72,map2_clean
8.983,40.72,map2_clean
9.045,40.719,map2_clean
9.086,40.719,map2_clean
9.128,40.718,map2_clean
9.19,40.718,map2_clean
9.232,40.718,map2_clean
9.294,40.717,map2_clean
9.335,40.717,map2_clean
9.377,40.717,map2_clean
9.439,40.716,map2_clean
9.481,40.716,map2_clean
9.543,40.715,map2_clean
9.584,40.715,map2_clean
9.626,40.715,map2_clean
4.28,40.739,map2_clean
7.15,40.717,map2_clean
7.191,40.717,map2_clean
7.233,40.716,map2_clean
4.017,40.724,map2_clean
4.038,40.724,map2_clean
4.079,40.724,map2_clean
4.141,40.723,map2_clean
4.183,40.723,map2_clean
4.245,40.722,map2_clean
4.286,40.722,map2_clean
4.328,40.705,map2_clean
8.554,40.673,map2_clean
8.595,40.672,map2_clean
8.637,40.672,map2_clean
8.741,40.671,map2_clean
9.093,40.668,map2_clean
9.342,40.666,map2_clean
9.384,40.666,map2_clean
9.446,40.666,map2_clean
9.487,40.665,map2_clean
9.529,40.665,map2_clean
9.591,40.665,map2_clean
9.633,40.664,map2_clean
4.383,40.688,map2_clean
4.446,40.687,map2_clean
7.122,40.667,map2_clean
7.143,40.667,map2_clean
4.134,40.673,map2_clean
4.176,40.672,map2_clean
4.238,40.672,map2_clean
4.28,40.672,map2_clean
4.342,40.671,map2_clean
4.383,40.671,map2_clean
4.446,40.67,map2_clean
4.487,40.67,map2_clean
4.528,40.67,map2_clean
4.591,40.669,map2_clean
4.632,40.652,map2_clean
8.581,40.622,map2_clean
8.644,40.621,map2_clean
8.685,40.621,map2_clean
8.727,40.621,map2_clean
8.789,40.62,map2_clean
8.83,40.62,map2_clean
8.893,40.62,map2_clean
8.934,40.619,map2_clean
8.976,40.619,map2_clean
9.038,40.618,map2_clean
9.079,40.618,map2_clean
9.142,40.618,map2_clean
9.183,40.617,map2_clean
9.245,40.617,map2_clean
9.287,40.617,map2_clean
9.467,40.615,map2_clean
9.487,40.615,map2_clean
7.101,40.616,map2_clean
7.143,40.616,map2_clean
4.252,40.621,map2_clean
4.293,40.621,map2_clean
4.335,40.621,map2_clean
4.376,40.621,map2_clean
4.439,40.62,map2_clean
4.48,40.62,map2_clean
4.542,40.619,map2_clean
4.584,40.619,map2_clean
4.646,40.618,map2_clean
3.761,40.608,map2_clean
8.63,40.571,map2_clean
8.692,40.571,map2_clean
8.733,40.57,map2_clean
9.086,40.568,map2_clean
7.094,40.566,map2_clean
7.136,40.566,map2_clean
4.307,40.571,map2_clean
4.328,40.571,map2_clean
4.39,40.57,map2_clean
4.432,40.57,map2_clean
4.494,40.569,map2_clean
4.625,40.568,map2_clean
4.646,40.568,map2_clean
4.687,40.568,map2_clean
7.074,40.55,map2_clean
8.664,40.521,map2_clean
8.685,40.52,map2_clean
8.726,40.52,map2_clean
8.789,40.52,map2_clean
8.83,40.519,map2_clean
8.892,40.519,map2_clean
8.934,40.518,map2_clean
8.996,40.518,map2_clean
9.038,40.518,map2_clean
9.079,40.517,map2_clean
9.141,40.517,map2_clean
9.183,40.517,map2_clean
7.025,40.516,map2_clean
7.046,40.516,map2_clean
3.657,40.525,map2_clean
3.678,40.525,map2_clean
4.653,40.518,map2_clean
4.694,40.517,map2_clean
8.719,40.47,map2_clean
8.74,40.47,map2_clean
8.782,40.469,map2_clean
8.844,40.469,map2_clean
8.885,40.468,map2_clean
9.093,40.467,map2_clean
9.176,40.466,map2_clean
3.622,40.492,map2_clean
7.004,40.466,map2_clean
7.046,40.466,map2_clean
4.667,40.467,map2_clean
4.687,40.467,map2_clean
3.622,40.458,map2_clean
3.643,40.458,map2_clean
8.816,40.419,map2_clean
8.837,40.418,map2_clean
8.879,40.418,map2_clean
8.941,40.418,map2_clean
8.982,40.417,map2_clean
9.044,40.417,map2_clean
9.086,40.417,map2_clean
9.127,40.416,map2_clean
4.736,40.433,map2_clean
5.337,40.428,map2_clean
5.379,40.428,map2_clean
6.645,40.418,map2_clean
6.977,40.416,map2_clean
7.039,40.415,map2_clean
3.574,40.425,map2_clean
3.594,40.425,map2_clean
4.729,40.416,map2_clean
5.324,40.412,map2_clean
5.344,40.412,map2_clean
5.386,40.411,map2_clean
5.427,40.411,map2_clean
5.559,40.41,map2_clean
5.579,40.41,map2_clean
6.61,40.402,map2_clean
6.693,40.401,map2_clean
6.949,40.399,map2_clean
5.49,40.394,map2_clean
6.568,40.385,map2_clean
6.921,40.383,map2_clean
8.865,40.368,map2_clean
8.885,40.368,map2_clean
8.927,40.367,map2_clean
8.989,40.367,map2_clean
9.031,40.367,map2_clean
5.628,40.376,map2_clean
6.437,40.37,map2_clean
6.478,40.369,map2_clean
6.541,40.369,map2_clean
6.582,40.369,map2_clean
6.644,40.368,map2_clean
6.686,40.368,map2_clean
6.727,40.367,map2_clean
6.866,40.366,map2_clean
6.887,40.366,map2_clean
6.928,40.366,map2_clean
6.99,40.365,map2_clean
4.777,40.366,map2_clean
5.303,40.362,map2_clean
5.344,40.361,map2_clean
5.386,40.361,map2_clean
5.427,40.361,map2_clean
5.489,40.36,map2_clean
5.531,40.36,map2_clean
5.593,40.359,map2_clean
5.635,40.359,map2_clean
5.676,40.359,map2_clean
6.146,40.355,map2_clean
6.188,40.355,map2_clean
6.229,40.354,map2_clean
6.292,40.354,map2_clean
6.333,40.354,map2_clean
6.375,40.353,map2_clean
6.79,40.35,map2_clean
3.546,40.358,map2_clean
5.732,40.342,map2_clean
8.885,40.317,map2_clean
8.927,40.317,map2_clean
4.832,40.332,map2_clean
5.642,40.325,map2_clean
5.683,40.325,map2_clean
5.745,40.325,map2_clean
6.119,40.322,map2_clean
6.14,40.322,map2_clean
6.181,40.321,map2_clean
6.243,40.321,map2_clean
6.285,40.32,map2_clean
6.506,40.319,map2_clean
6.527,40.319,map2_clean
3.532,40.325,map2_clean
4.791,40.315,map2_clean
4.832,40.315,map2_clean
5.268,40.311,map2_clean
5.289,40.311,map2_clean
5.538,40.309,map2_clean
5.579,40.309,map2_clean
5.787,40.308,map2_clean
4.888,40.298,map2_clean
5.586,40.275,map2_clean
5.628,40.275,map2_clean
5.69,40.275,map2_clean
5.731,40.274,map2_clean
5.794,40.274,map2_clean
6.091,40.272,map2_clean
6.133,40.271,map2_clean
3.546,40.274,map2_clean
4.901,40.264,map2_clean
4.943,40.264,map2_clean
5.254,40.261,map2_clean
5.275,40.261,map2_clean
5.828,40.257,map2_clean
6.05,40.255,map2_clean
6.022,40.239,map2_clean
4.984,40.23,map2_clean
5.814,40.223,map2_clean
5.835,40.223,map2_clean
6.008,40.222,map2_clean
6.029,40.222,map2_clean
3.511,40.224,map2_clean
3.532,40.224,map2_clean
4.971,40.213,map2_clean
4.991,40.213,map2_clean
5.261,40.211,map2_clean
5.282,40.211,map2_clean
5.897,40.206,map2_clean
5.973,40.205,map2_clean
1.381,40.224,map2_clean
5.026,40.196,map2_clean
1.374,40.207,map2_clean
3.58,40.19,map2_clean
5.863,40.173,map2_clean
5.883,40.172,map2_clean
5.946,40.172,map2_clean
5.987,40.172,map2_clean
6.029,40.171,map2_clean
3.47,40.174,map2_clean
3.49,40.174,map2_clean
3.532,40.174,map2_clean
4.984,40.163,map2_clean
5.026,40.162,map2_clean
5.088,40.162,map2_clean
5.226,40.161,map2_clean
1.319,40.174,map2_clean
1.339,40.174,map2_clean
1.381,40.173,map2_clean
1.443,40.173,map2_clean
3.58,40.156,map2_clean
5.219,40.144,map2_clean
1.27,40.157,map2_clean
1.478,40.156,map2_clean
3.414,40.141,map2_clean
5.143,40.128,map2_clean
1.526,40.139,map2_clean
3.407,40.124,map2_clean
3.428,40.124,map2_clean
3.49,40.124,map2_clean
3.532,40.123,map2_clean
3.594,40.123,map2_clean
5.06,40.112,map2_clean
5.081,40.111,map2_clean
5.143,40.111,map2_clean
5.185,40.111,map2_clean
5.226,40.11,map2_clean
1.208,40.124,map2_clean
1.229,40.124,map2_clean
1.291,40.124,map2_clean
1.332,40.123,map2_clean
1.395,40.123,map2_clean
1.436,40.123,map2_clean
1.478,40.122,map2_clean
1.54,40.122,map2_clean
3.373,40.108,map2_clean
3.331,40.074,map2_clean
3.393,40.074,map2_clean
3.435,40.074,map2_clean
3.476,40.073,map2_clean
3.539,40.073,map2_clean
3.58,40.073,map2_clean
1.173,40.074,map2_clean
1.194,40.074,map2_clean
1.236,40.074,map2_clean
1.277,40.073,map2_clean
1.339,40.073,map2_clean
1.381,40.073,map2_clean
1.443,40.072,map2_clean
1.485,40.072,map2_clean
1.526,40.071,map2_clean
3.297,40.058,map2_clean
3.248,40.041,map2_clean
1.581,40.037,map2_clean
3.234,40.025,map2_clean
3.276,40.024,map2_clean
3.338,40.024,map2_clean
3.38,40.024,map2_clean
3.442,40.023,map2_clean
3.483,40.023,map2_clean
3.546,40.022,map2_clean
3.587,40.022,map2_clean
1.125,40.024,map2_clean
1.146,40.024,map2_clean
1.187,40.024,map2_clean
1.229,40.023,map2_clean
1.291,40.023,map2_clean
1.332,40.023,map2_clean
1.395,40.022,map2_clean
1.436,40.022,map2_clean
1.478,40.021,map2_clean
1.54,40.021,map2_clean
1.581,40.021,map2_clean
1.644,40.02,map2_clean
3.207,40.008,map2_clean
3.172,39.975,map2_clean
3.234,39.974,map2_clean
3.276,39.974,map2_clean
3.338,39.974,map2_clean
3.379,39.973,map2_clean
3.442,39.973,map2_clean
3.483,39.973,map2_clean
3.545,39.972,map2_clean
3.587,39.972,map2_clean
1.125,39.974,map2_clean
1.146,39.974,map2_clean
1.187,39.973,map2_clean
1.229,39.973,map2_clean
1.291,39.973,map2_clean
1.332,39.972,map2_clean
1.395,39.972,map2_clean
1.436,39.971,map2_clean
1.478,39.971,map2_clean
1.54,39.971,map2_clean
1.581,39.97,map2_clean
1.644,39.97,map2_clean
3.165,39.958,map2_clean
3.186,39.958,map2_clean
3.117,39.925,map2_clean
3.137,39.925,map2_clean
3.179,39.924,map2_clean
3.241,39.924,map2_clean
3.283,39.924,map2_clean
3.345,39.923,map2_clean
3.386,39.923,map2_clean
3.428,39.923,map2_clean
3.49,39.922,map2_clean
3.532,39.922,map2_clean
1.097,39.924,map2_clean
1.139,39.923,map2_clean
1.18,39.923,map2_clean
1.242,39.923,map2_clean
1.284,39.922,map2_clean
1.346,39.922,map2_clean
1.388,39.921,map2_clean
1.429,39.921,map2_clean
1.491,39.921,map2_clean
1.533,39.92,map2_clean
1.595,39.92,map2_clean
1.637,39.92,map2_clean
3.137,39.874,map2_clean
3.179,39.874,map2_clean
3.241,39.874,map2_clean
3.283,39.873,map2_clean
3.345,39.873,map2_clean
3.386,39.873,map2_clean
3.428,39.872,map2_clean
3.49,39.872,map2_clean
3.532,39.871,map2_clean
1.097,39.873,map2_clean
1.138,39.873,map2_clean
1.18,39.873,map2_clean
1.242,39.872,map2_clean
1.284,39.872,map2_clean
1.346,39.871,map2_clean
1.387,39.871,map2_clean
1.429,39.871,map2_clean
1.491,39.87,map2_clean
1.533,39.87,map2_clean
1.595,39.869,map2_clean
1.636,39.869,map2_clean
3.068,39.858,map2_clean
3.089,39.858,map2_clean
3.006,39.842,map2_clean
2.971,39.825,map2_clean
2.992,39.825,map2_clean
3.033,39.825,map2_clean
3.075,39.825,map2_clean
3.137,39.824,map2_clean
3.179,39.824,map2_clean
3.241,39.823,map2_clean
3.282,39.823,map2_clean
3.345,39.822,map2_clean
3.386,39.822,map2_clean
3.428,39.822,map2_clean
3.49,39.821,map2_clean
1.09,39.823,map2_clean
1.132,39.823,map2_clean
1.194,39.822,map2_clean
1.235,39.822,map2_clean
1.277,39.822,map2_clean
1.339,39.821,map2_clean
1.38,39.821,map2_clean
1.443,39.82,map2_clean
1.484,39.82,map2_clean
1.526,39.82,map2_clean
1.588,39.819,map2_clean
1.629,39.819,map2_clean
2.902,39.809,map2_clean
2.874,39.793,map2_clean
2.75,39.777,map2_clean
2.791,39.776,map2_clean
2.916,39.775,map2_clean
2.937,39.775,map2_clean
2.978,39.775,map2_clean
3.04,39.774,map2_clean
3.082,39.774,map2_clean
3.144,39.774,map2_clean
3.186,39.773,map2_clean
3.227,39.773,map2_clean
3.289,39.773,map2_clean
3.331,39.772,map2_clean
3.393,39.772,map2_clean
3.435,39.771,map2_clean
3.476,39.771,map2_clean
1.076,39.773,map2_clean
1.138,39.772,map2_clean
1.18,39.772,map2_clean
1.242,39.771,map2_clean
1.284,39.771,map2_clean
1.346,39.771,map2_clean
1.387,39.77,map2_clean
1.429,39.77,map2_clean
1.491,39.77,map2_clean
1.533,39.769,map2_clean
2.722,39.76,map2_clean
2.743,39.76,map2_clean
2.784,39.76,map2_clean
2.826,39.759,map2_clean
1.069,39.739,map2_clean
2.86,39.725,map2_clean
2.881,39.725,map2_clean
2.943,39.725,map2_clean
2.985,39.724,map2_clean
3.026,39.724,map2_clean
3.089,39.724,map2_clean
3.13,39.723,map2_clean
3.192,39.723,map2_clean
3.234,39.723,map2_clean
3.275,39.722,map2_clean
3.338,39.722,map2_clean
3.379,39.721,map2_clean
3.441,39.721,map2_clean
1.041,39.723,map2_clean
1.083,39.722,map2_clean
1.145,39.722,map2_clean
1.187,39.721,map2_clean
1.228,39.721,map2_clean
1.29,39.721,map2_clean
1.332,39.72,map2_clean
1.394,39.72,map2_clean
1.436,39.72,map2_clean
1.477,39.719,map2_clean
1.539,39.719,map2_clean
2.667,39.71,map2_clean
2.688,39.71,map2_clean
2.729,39.71,map2_clean
2.791,39.709,map2_clean
1.021,39.689,map2_clean
2.805,39.675,map2_clean
2.826,39.675,map2_clean
2.888,39.675,map2_clean
2.93,39.675,map2_clean
2.992,39.674,map2_clean
3.033,39.674,map2_clean
3.075,39.673,map2_clean
3.137,39.673,map2_clean
3.179,39.673,map2_clean
3.241,39.672,map2_clean
3.282,39.672,map2_clean
3.345,39.671,map2_clean
3.386,39.671,map2_clean
3.428,39.671,map2_clean
1.041,39.672,map2_clean
1.083,39.672,map2_clean
1.145,39.671,map2_clean
1.187,39.671,map2_clean
1.228,39.671,map2_clean
1.29,39.67,map2_clean
1.332,39.67,map2_clean
1.394,39.67,map2_clean
1.436,39.669,map2_clean
1.477,39.669,map2_clean
1.539,39.668,map2_clean
2.653,39.66,map2_clean
2.694,39.66,map2_clean
2.736,39.659,map2_clean
2.625,39.627,map2_clean
2.77,39.625,map2_clean
2.791,39.625,map2_clean
2.833,39.625,map2_clean
2.895,39.624,map2_clean
2.936,39.624,map2_clean
2.978,39.624,map2_clean
3.04,39.623,map2_clean
3.082,39.623,map2_clean
3.144,39.623,map2_clean
3.185,39.622,map2_clean
3.227,39.622,map2_clean
3.289,39.621,map2_clean
0.806,39.624,map2_clean
1.062,39.622,map2_clean
1.083,39.622,map2_clean
1.145,39.621,map2_clean
1.187,39.621,map2_clean
1.228,39.62,map2_clean
1.29,39.62,map2_clean
1.332,39.62,map2_clean
1.394,39.619,map2_clean
1.436,39.619,map2_clean
1.477,39.618,map2_clean
1.539,39.618,map2_clean
2.611,39.61,map2_clean
2.632,39.61,map2_clean
2.694,39.609,map2_clean
2.57,39.593,map2_clean
0.772,39.59,map2_clean
2.84,39.574,map2_clean
2.881,39.574,map2_clean
2.943,39.574,map2_clean
2.985,39.573,map2_clean
3.026,39.573,map2_clean
3.088,39.573,map2_clean
3.13,39.572,map2_clean
3.192,39.572,map2_clean
3.234,39.571,map2_clean
3.51,39.569,map2_clean
1.069,39.571,map2_clean
1.09,39.571,map2_clean
1.131,39.571,map2_clean
1.193,39.57,map2_clean
1.235,39.57,map2_clean
1.276,39.57,map2_clean
1.339,39.569,map2_clean
1.38,39.569,map2_clean
1.442,39.568,map2_clean
1.484,39.568,map2_clean
1.546,39.568,map2_clean
2.514,39.56,map2_clean
2.535,39.56,map2_clean
2.577,39.56,map2_clean
2.639,39.559,map2_clean
2.68,39.559,map2_clean
2.743,39.558,map2_clean
2.784,39.558,map2_clean
2.452,39.544,map2_clean
3.282,39.538,map2_clean
3.344,39.537,map2_clean
0.716,39.54,map2_clean
2.418,39.527,map2_clean
2.667,39.525,map2_clean
2.687,39.525,map2_clean
2.729,39.525,map2_clean
2.791,39.524,map2_clean
2.833,39.524,map2_clean
2.888,39.524,map2_clean
2.929,39.523,map2_clean
2.992,39.523,map2_clean
3.033,39.523,map2_clean
3.075,39.522,map2_clean
3.137,39.522,map2_clean
3.178,39.522,map2_clean
3.241,39.521,map2_clean
3.282,39.521,map2_clean
3.344,39.52,map2_clean
1.097,39.521,map2_clean
1.138,39.52,map2_clean
1.18,39.52,map2_clean
1.242,39.52,map2_clean
1.283,39.519,map2_clean
1.346,39.519,map2_clean
1.387,39.518,map2_clean
1.429,39.518,map2_clean
1.491,39.518,map2_clean
1.532,39.517,map2_clean
2.39,39.511,map2_clean
2.431,39.51,map2_clean
2.494,39.51,map2_clean
2.535,39.51,map2_clean
2.577,39.509,map2_clean
2.362,39.494,map2_clean
1.594,39.483,map2_clean
2.749,39.474,map2_clean
2.978,39.473,map2_clean
3.04,39.472,map2_clean
3.081,39.472,map2_clean
3.144,39.471,map2_clean
3.185,39.471,map2_clean
1.11,39.47,map2_clean
1.131,39.47,map2_clean
1.193,39.47,map2_clean
1.235,39.469,map2_clean
1.276,39.469,map2_clean
1.339,39.468,map2_clean
1.38,39.468,map2_clean
1.442,39.468,map2_clean
1.484,39.467,map2_clean
1.546,39.467,map2_clean
1.588,39.467,map2_clean
2.341,39.461,map2_clean
2.383,39.46,map2_clean
2.445,39.46,map2_clean
2.487,39.46,map2_clean
2.528,39.459,map2_clean
2.59,39.459,map2_clean
2.632,39.459,map2_clean
2.694,39.458,map2_clean
1.636,39.433,map2_clean
2.576,39.425,map2_clean
2.639,39.425,map2_clean
2.68,39.425,map2_clean
3.005,39.422,map2_clean
3.026,39.422,map2_clean
3.088,39.421,map2_clean
3.13,39.421,map2_clean
3.192,39.421,map2_clean
1.089,39.42,map2_clean
1.131,39.42,map2_clean
1.193,39.419,map2_clean
1.235,39.419,map2_clean
1.276,39.419,map2_clean
1.338,39.418,map2_clean
1.38,39.418,map2_clean
1.442,39.417,map2_clean
1.484,39.417,map2_clean
1.546,39.416,map2_clean
1.587,39.416,map2_clean
1.629,39.416,map2_clean
2.307,39.411,map2_clean
2.327,39.411,map2_clean
2.39,39.41,map2_clean
2.431,39.41,map2_clean
2.493,39.409,map2_clean
2.535,39.409,map2_clean
1.062,39.387,map2_clean
1.684,39.382,map2_clean
2.646,39.374,map2_clean
3.088,39.371,map2_clean
3.13,39.371,map2_clean
1.055,39.37,map2_clean
1.076,39.37,map2_clean
1.138,39.369,map2_clean
1.179,39.369,map2_clean
1.242,39.368,map2_clean
1.283,39.368,map2_clean
1.345,39.368,map2_clean
1.387,39.367,map2_clean
1.428,39.367,map2_clean
1.491,39.367,map2_clean
1.532,39.366,map2_clean
1.594,39.366,map2_clean
1.636,39.365,map2_clean
1.677,39.365,map2_clean
2.314,39.36,map2_clean
2.334,39.36,map2_clean
2.376,39.36,map2_clean
2.438,39.359,map2_clean
2.48,39.359,map2_clean
2.542,39.358,map2_clean
2.583,39.358,map2_clean
1.733,39.331,map2_clean
2.473,39.325,map2_clean
2.493,39.325,map2_clean
2.535,39.325,map2_clean
2.576,39.325,map2_clean
1.034,39.32,map2_clean
1.076,39.319,map2_clean
1.138,39.319,map2_clean
1.179,39.319,map2_clean
1.242,39.318,map2_clean
1.283,39.318,map2_clean
1.345,39.317,map2_clean
1.387,39.317,map2_clean
1.428,39.317,map2_clean
1.49,39.316,map2_clean
1.532,39.316,map2_clean
1.594,39.315,map2_clean
1.636,39.315,map2_clean
1.677,39.315,map2_clean
1.739,39.314,map2_clean
2.286,39.31,map2_clean
2.327,39.31,map2_clean
2.39,39.309,map2_clean
1.781,39.297,map2_clean
2.265,39.277,map2_clean
2.431,39.275,map2_clean
2.493,39.275,map2_clean
2.535,39.275,map2_clean
2.576,39.274,map2_clean
1.027,39.269,map2_clean
1.089,39.269,map2_clean
1.131,39.269,map2_clean
1.193,39.268,map2_clean
1.235,39.268,map2_clean
1.276,39.267,map2_clean
1.338,39.267,map2_clean
1.38,39.267,map2_clean
1.442,39.266,map2_clean
1.484,39.266,map2_clean
1.546,39.265,map2_clean
1.587,39.265,map2_clean
1.629,39.265,map2_clean
1.691,39.264,map2_clean
1.733,39.264,map2_clean
1.795,39.263,map2_clean
2.272,39.26,map2_clean
2.293,39.26,map2_clean
2.334,39.259,map2_clean
2.376,39.259,map2_clean
1.013,39.253,map2_clean
1.836,39.23,map2_clean
2.369,39.225,map2_clean
2.389,39.225,map2_clean
2.431,39.225,map2_clean
2.493,39.225,map2_clean
2.535,39.224,map2_clean
0.972,39.219,map2_clean
0.992,39.219,map2_clean
1.034,39.219,map2_clean
1.096,39.218,map2_clean
1.138,39.218,map2_clean
1.179,39.218,map2_clean
1.241,39.217,map2_clean
1.283,39.217,map2_clean
1.345,39.217,map2_clean
1.387,39.216,map2_clean
1.428,39.216,map2_clean
1.49,39.215,map2_clean
1.532,39.215,map2_clean
1.594,39.215,map2_clean
1.636,39.214,map2_clean
1.677,39.214,map2_clean
1.739,39.214,map2_clean
1.781,39.213,map2_clean
1.843,39.213,map2_clean
2.251,39.21,map2_clean
2.293,39.209,map2_clean
2.327,39.175,map2_clean
2.389,39.175,map2_clean
2.431,39.175,map2_clean
2.493,39.174,map2_clean
2.535,39.174,map2_clean
0.958,39.169,map2_clean
0.979,39.169,map2_clean
1.041,39.168,map2_clean
1.082,39.168,map2_clean
1.144,39.168,map2_clean
1.186,39.167,map2_clean
1.227,39.167,map2_clean
1.29,39.167,map2_clean
1.331,39.166,map2_clean
1.393,39.166,map2_clean
1.435,39.165,map2_clean
1.476,39.165,map2_clean
1.539,39.165,map2_clean
1.58,39.164,map2_clean
1.642,39.164,map2_clean
1.684,39.164,map2_clean
1.746,39.163,map2_clean
1.788,39.163,map2_clean
1.829,39.162,map2_clean
2.23,39.159,map2_clean
2.293,39.159,map2_clean
1.878,39.145,map2_clean
2.272,39.125,map2_clean
2.293,39.125,map2_clean
2.334,39.125,map2_clean
2.376,39.125,map2_clean
2.438,39.124,map2_clean
2.479,39.124,map2_clean
0.93,39.119,map2_clean
0.992,39.118,map2_clean
1.034,39.118,map2_clean
1.096,39.118,map2_clean
1.138,39.117,map2_clean
1.179,39.117,map2_clean
1.241,39.117,map2_clean
1.283,39.116,map2_clean
1.345,39.116,map2_clean
1.386,39.115,map2_clean
1.428,39.115,map2_clean
1.49,39.115,map2_clean
1.532,39.114,map2_clean
1.594,39.114,map2_clean
1.635,39.114,map2_clean
1.677,39.113,map2_clean
1.739,39.113,map2_clean
1.781,39.112,map2_clean
1.843,39.112,map2_clean
1.884,39.112,map2_clean
2.223,39.109,map2_clean
0.916,39.085,map2_clean
2.355,39.074,map2_clean
2.375,39.074,map2_clean
2.438,39.074,map2_clean
2.479,39.074,map2_clean
0.909,39.069,map2_clean
0.93,39.069,map2_clean
0.992,39.068,map2_clean
1.034,39.068,map2_clean
1.096,39.067,map2_clean
1.137,39.067,map2_clean
1.179,39.067,map2_clean
1.241,39.066,map2_clean
1.283,39.066,map2_clean
1.345,39.065,map2_clean
1.386,39.065,map2_clean
1.428,39.065,map2_clean
1.49,39.064,map2_clean
1.532,39.064,map2_clean
1.594,39.064,map2_clean
1.635,39.063,map2_clean
1.677,39.063,map2_clean
1.739,39.062,map2_clean
1.781,39.062,map2_clean
1.843,39.062,map2_clean
1.884,39.061,map2_clean
2.209,39.059,map2_clean
2.23,39.059,map2_clean
2.292,39.058,map2_clean
1.926,39.044,map2_clean
2.216,39.025,map2_clean
2.237,39.025,map2_clean
2.279,39.025,map2_clean
2.341,39.024,map2_clean
2.382,39.024,map2_clean
2.445,39.023,map2_clean
0.881,39.019,map2_clean
0.944,39.018,map2_clean
0.985,39.018,map2_clean
1.027,39.017,map2_clean
1.089,39.017,map2_clean
1.13,39.017,map2_clean
1.193,39.016,map2_clean
1.234,39.016,map2_clean
1.276,39.016,map2_clean
1.338,39.015,map2_clean
1.379,39.015,map2_clean
1.442,39.014,map2_clean
1.483,39.014,map2_clean
1.545,39.014,map2_clean
1.587,39.013,map2_clean
1.628,39.013,map2_clean
1.691,39.012,map2_clean
1.732,39.012,map2_clean
1.794,39.012,map2_clean
1.836,39.011,map2_clean
1.877,39.011,map2_clean
1.94,39.01,map2_clean
0.861,39.002,map2_clean
2.175,38.975,map2_clean
2.258,38.974,map2_clean
2.279,38.974,map2_clean
2.341,38.974,map2_clean
2.382,38.974,map2_clean
0.854,38.968,map2_clean
0.895,38.968,map2_clean
0.937,38.968,map2_clean
0.978,38.967,map2_clean
1.04,38.967,map2_clean
1.082,38.967,map2_clean
1.144,38.966,map2_clean
1.186,38.966,map2_clean
1.227,38.966,map2_clean
1.289,38.965,map2_clean
1.331,38.965,map2_clean
1.393,38.964,map2_clean
1.435,38.964,map2_clean
1.476,38.964,map2_clean
1.538,38.963,map2_clean
1.58,38.963,map2_clean
1.642,38.962,map2_clean
1.684,38.962,map2_clean
1.746,38.962,map2_clean
1.787,38.961,map2_clean
1.829,38.961,map2_clean
1.891,38.96,map2_clean
1.933,38.96,map2_clean
2.161,38.958,map2_clean
2.182,38.958,map2_clean
2.14,38.925,map2_clean
2.182,38.925,map2_clean
2.244,38.924,map2_clean
2.285,38.924,map2_clean
2.327,38.924,map2_clean
2.389,38.923,map2_clean
0.833,38.918,map2_clean
0.895,38.918,map2_clean
0.937,38.917,map2_clean
0.978,38.917,map2_clean
1.04,38.917,map2_clean
1.082,38.916,map2_clean
1.144,38.916,map2_clean
1.186,38.916,map2_clean
1.227,38.915,map2_clean
1.289,38.915,map2_clean
1.331,38.914,map2_clean
1.393,38.914,map2_clean
1.435,38.914,map2_clean
1.476,38.913,map2_clean
1.538,38.913,map2_clean
1.58,38.913,map2_clean
1.642,38.912,map2_clean
1.684,38.912,map2_clean
1.746,38.911,map2_clean
1.787,38.911,map2_clean
1.829,38.911,map2_clean
1.891,38.91,map2_clean
1.933,38.91,map2_clean
2.106,38.908,map2_clean
0.805,38.902,map2_clean
1.988,38.893,map2_clean
2.175,38.874,map2_clean
2.195,38.874,map2_clean
2.237,38.874,map2_clean
2.278,38.874,map2_clean
0.791,38.868,map2_clean
0.833,38.868,map2_clean
0.895,38.867,map2_clean
0.937,38.867,map2_clean
0.978,38.867,map2_clean
1.04,38.866,map2_clean
1.082,38.866,map2_clean
1.144,38.865,map2_clean
1.186,38.865,map2_clean
1.227,38.865,map2_clean
1.289,38.864,map2_clean
1.331,38.864,map2_clean
1.393,38.864,map2_clean
1.435,38.863,map2_clean
1.476,38.863,map2_clean
1.538,38.862,map2_clean
1.58,38.862,map2_clean
1.642,38.862,map2_clean
1.684,38.861,map2_clean
1.746,38.861,map2_clean
1.787,38.861,map2_clean
1.829,38.86,map2_clean
1.891,38.86,map2_clean
1.933,38.859,map2_clean
1.995,38.859,map2_clean
2.057,38.858,map2_clean
2.078,38.858,map2_clean
1.995,38.825,map2_clean
2.036,38.825,map2_clean
2.078,38.825,map2_clean
2.14,38.824,map2_clean
2.181,38.824,map2_clean
2.244,38.823,map2_clean
0.771,38.818,map2_clean
0.791,38.818,map2_clean
0.833,38.817,map2_clean
0.895,38.817,map2_clean
0.937,38.817,map2_clean
0.978,38.816,map2_clean
1.04,38.816,map2_clean
1.082,38.816,map2_clean
1.144,38.815,map2_clean
1.186,38.815,map2_clean
1.227,38.814,map2_clean
1.289,38.814,map2_clean
1.331,38.814,map2_clean
1.393,38.813,map2_clean
1.435,38.813,map2_clean
1.476,38.813,map2_clean
1.538,38.812,map2_clean
1.58,38.812,map2_clean
1.642,38.811,map2_clean
1.683,38.811,map2_clean
1.746,38.81,map2_clean
1.787,38.81,map2_clean
1.829,38.81,map2_clean
1.891,38.809,map2_clean
1.932,38.809,map2_clean
1.946,38.775,map2_clean
1.988,38.775,map2_clean
2.029,38.775,map2_clean
2.092,38.774,map2_clean
2.133,38.774,map2_clean
2.195,38.773,map2_clean
0.777,38.768,map2_clean
0.84,38.767,map2_clean
0.881,38.767,map2_clean
0.943,38.766,map2_clean
0.985,38.766,map2_clean
1.026,38.766,map2_clean
1.089,38.765,map2_clean
1.13,38.765,map2_clean
1.192,38.764,map2_clean
1.234,38.764,map2_clean
1.296,38.764,map2_clean
1.338,38.763,map2_clean
1.379,38.763,map2_clean
1.441,38.762,map2_clean
1.483,38.762,map2_clean
1.545,38.762,map2_clean
1.587,38.761,map2_clean
1.628,38.761,map2_clean
1.69,38.761,map2_clean
1.732,38.76,map2_clean
1.794,38.76,map2_clean
1.836,38.759,map2_clean
1.877,38.759,map2_clean
0.77,38.751,map2_clean
1.884,38.725,map2_clean
1.946,38.725,map2_clean
1.988,38.725,map2_clean
2.029,38.724,map2_clean
2.091,38.724,map2_clean
2.403,38.722,map2_clean
0.757,38.717,map2_clean
0.777,38.717,map2_clean
0.84,38.717,map2_clean
0.881,38.716,map2_clean
0.943,38.716,map2_clean
0.985,38.716,map2_clean
1.026,38.715,map2_clean
1.089,38.715,map2_clean
1.13,38.714,map2_clean
1.192,38.714,map2_clean
1.234,38.714,map2_clean
1.296,38.713,map2_clean
1.338,38.713,map2_clean
1.379,38.713,map2_clean
1.441,38.712,map2_clean
1.483,38.712,map2_clean
1.545,38.711,map2_clean
1.587,38.711,map2_clean
1.628,38.711,map2_clean
1.69,38.71,map2_clean
1.732,38.71,map2_clean
1.794,38.709,map2_clean
1.836,38.709,map2_clean
1.842,38.675,map2_clean
1.884,38.675,map2_clean
1.946,38.675,map2_clean
1.988,38.674,map2_clean
0.736,38.667,map2_clean
0.777,38.667,map2_clean
0.84,38.666,map2_clean
0.881,38.666,map2_clean
0.943,38.666,map2_clean
0.985,38.665,map2_clean
1.026,38.665,map2_clean
1.089,38.664,map2_clean
1.13,38.664,map2_clean
1.192,38.664,map2_clean
1.234,38.663,map2_clean
1.296,38.663,map2_clean
1.337,38.663,map2_clean
1.379,38.662,map2_clean
1.441,38.662,map2_clean
1.483,38.661,map2_clean
1.545,38.661,map2_clean
1.586,38.661,map2_clean
1.628,38.66,map2_clean
1.69,38.66,map2_clean
1.732,38.659,map2_clean
1.794,38.659,map2_clean
1.787,38.625,map2_clean
1.828,38.625,map2_clean
1.891,38.625,map2_clean
1.932,38.624,map2_clean
0.75,38.617,map2_clean
0.791,38.616,map2_clean
0.833,38.616,map2_clean
0.895,38.616,map2_clean
0.936,38.615,map2_clean
0.985,38.615,map2_clean
1.026,38.615,map2_clean
1.088,38.614,map2_clean
1.13,38.614,map2_clean
1.192,38.613,map2_clean
1.234,38.613,map2_clean
1.296,38.612,map2_clean
1.337,38.612,map2_clean
1.379,38.612,map2_clean
1.441,38.611,map2_clean
1.483,38.611,map2_clean
1.545,38.611,map2_clean
1.586,38.61,map2_clean
1.628,38.61,map2_clean
1.69,38.609,map2_clean
1.732,38.609,map2_clean
0.743,38.566,map2_clean
0.784,38.566,map2_clean
0.826,38.566,map2_clean
0.888,38.565,map2_clean
0.929,38.565,map2_clean
1.026,38.564,map2_clean
1.088,38.564,map2_clean
1.13,38.563,map2_clean
1.192,38.563,map2_clean
1.234,38.563,map2_clean
1.296,38.562,map2_clean
1.337,38.562,map2_clean
1.379,38.561,map2_clean
1.441,38.561,map2_clean
1.483,38.561,map2_clean
0.743,38.516,map2_clean
0.784,38.516,map2_clean
0.846,38.515,map2_clean
0.888,38.515,map2_clean
1.047,38.514,map2_clean
1.088,38.513,map2_clean
1.13,38.513,map2_clean
1.192,38.512,map2_clean
1.234,38.512,map2_clean
1.296,38.512,map2_clean
1.337,38.511,map2_clean
1.379,38.511,map2_clean
0.729,38.466,map2_clean
0.791,38.465,map2_clean
0.832,38.465,map2_clean
0.895,38.464,map2_clean
1.081,38.463,map2_clean
1.144,38.462,map2_clean
1.185,38.462,map2_clean
1.227,38.462,map2_clean
1.289,38.461,map2_clean
1.33,38.461,map2_clean
0.846,38.414,map2_clean
0.888,38.414,map2_clean
1.102,38.412,map2_clean
1.144,38.412,map2_clean
1.185,38.412,map2_clean
1.227,38.411,map2_clean
1.289,38.411,map2_clean
1.33,38.411,map2_clean
1.123,38.362,map2_clean
1.143,38.362,map2_clean
1.185,38.361,map2_clean
1.226,38.361,map2_clean
1.289,38.361,map2_clean
1.15,38.311,map2_clean
1.192,38.311,map2_clean
1.233,38.311,map2_clean
1.282,38.277,map2_clean
1.178,38.261,map2_clean
1.24,38.26,map2_clean
1.282,38.26,map2_clean
1.219,38.21,map2_clean
1.24,38.21,map2_clean
1.282,38.21,map2_clean
1.268,38.159,map2_clean
1.288,38.159,map2_clean
1.33,38.142,map2_clean
1.337,38.125,map2_clean
1.378,38.125,map2_clean
1.413,38.074,map2_clean
1.44,38.074,map2_clean
1.475,38.023,map2_clean
3.01,38.012,map2_clean
3.031,38.011,map2_clean
1.496,37.973,map2_clean
2.92,37.962,map2_clean
2.941,37.962,map2_clean
2.983,37.961,map2_clean
3.045,37.961,map2_clean
3.086,37.927,map2_clean
2.969,37.911,map2_clean
2.99,37.911,map2_clean
3.072,37.91,map2_clean
3.093,37.91,map2_clean
2.989,37.861,map2_clean
3.031,37.86,map2_clean
3.093,37.86,map2_clean
2.969,37.827,map2_clean
2.955,37.811,map2_clean
2.976,37.81,map2_clean
3.038,37.81,map2_clean
3.01,37.76,map2_clean
3.031,37.76,map2_clean
3.486,37.001,map2_clean
3.188,36.684,map2_clean
3.23,36.65,map2_clean
3.278,36.364,map2_clean
3.299,36.314,map2_clean
3.326,36.297,map2_clean
3.34,36.263,map2_clean
3.582,36.127,map2_clean
3.575,36.093,map2_clean
3.485,35.792,map2_clean
3.471,35.708,map2_clean
3.492,35.708,map2_clean
3.478,35.674,map2_clean
3.491,35.607,map2_clean
3.484,35.557,map2_clean
2.148,33.972,map2_clean
2.196,33.971,map2_clean
2.182,33.921,map2_clean
2.182,33.871,map2_clean
2.21,33.82,map2_clean
2.23,33.82,map2_clean
2.21,33.77,map2_clean
2.23,33.77,map2_clean
4.194,33.755,map2_clean
4.236,33.737,map2_clean
4.194,33.721,map2_clean
4.236,33.721,map2_clean
2.223,33.719,map2_clean
2.244,33.719,map2_clean
2.285,33.702,map2_clean
2.327,33.685,map2_clean
4.215,33.67,map2_clean
4.236,33.67,map2_clean
2.237,33.669,map2_clean
2.299,33.668,map2_clean
2.341,33.668,map2_clean
2.223,33.652,map2_clean
4.215,33.62,map2_clean
4.236,33.62,map2_clean
2.23,33.618,map2_clean
2.375,33.617,map2_clean
2.444,33.6,map2_clean
2.223,33.585,map2_clean
2.493,33.583,map2_clean
4.236,33.57,map2_clean
2.237,33.568,map2_clean
2.437,33.567,map2_clean
2.479,33.566,map2_clean
2.534,33.549,map2_clean
2.244,33.518,map2_clean
2.465,33.516,map2_clean
2.278,33.484,map2_clean
2.237,33.467,map2_clean
2.278,33.467,map2_clean
2.652,33.464,map2_clean
2.237,33.417,map2_clean
2.278,33.417,map2_clean
2.472,33.415,map2_clean
2.23,33.367,map2_clean
2.479,33.365,map2_clean
2.278,33.349,map2_clean
1.967,33.318,map2_clean
2.237,33.316,map2_clean
2.278,33.316,map2_clean
2.223,33.3,map2_clean
2.499,33.297,map2_clean
2.23,33.266,map2_clean
2.492,33.264,map2_clean
2.223,33.249,map2_clean
2.216,33.216,map2_clean
2.236,33.215,map2_clean
2.209,33.165,map2_clean
2.229,33.165,map2_clean
2.216,33.115,map2_clean
2.236,33.115,map2_clean
2.209,33.065,map2_clean
2.229,33.064,map2_clean
2.202,33.014,map2_clean
2.236,32.997,map2_clean
2.181,32.964,map2_clean
2.658,32.944,map2_clean
2.181,32.914,map2_clean
2.651,32.91,map2_clean
2.167,32.88,map2_clean
2.174,32.863,map2_clean
2.194,32.863,map2_clean
2.651,32.86,map2_clean
2.174,32.813,map2_clean
2.194,32.813,map2_clean
2.637,32.793,map2_clean
2.153,32.763,map2_clean
2.194,32.762,map2_clean
2.63,32.759,map2_clean
2.609,32.742,map2_clean
2.146,32.712,map2_clean
2.187,32.712,map2_clean
2.602,32.692,map2_clean
2.125,32.662,map2_clean
2.146,32.662,map2_clean
2.568,32.659,map2_clean
2.588,32.659,map2_clean
2.554,32.625,map2_clean
2.575,32.625,map2_clean
2.125,32.612,map2_clean
2.146,32.612,map2_clean
2.097,32.562,map2_clean
2.139,32.561,map2_clean
2.526,32.558,map2_clean
2.519,32.525,map2_clean
2.09,32.511,map2_clean
2.132,32.511,map2_clean
3.086,32.487,map2_clean
2.097,32.461,map2_clean
2.498,32.458,map2_clean
2.484,32.424,map2_clean
2.069,32.411,map2_clean
2.09,32.411,map2_clean
2.464,32.391,map2_clean
2.457,32.374,map2_clean
2.477,32.374,map2_clean
2.056,32.361,map2_clean
2.076,32.36,map2_clean
2.45,32.324,map2_clean
2.042,32.31,map2_clean
2.083,32.31,map2_clean
2.021,32.294,map2_clean
2.436,32.274,map2_clean
2.0,32.26,map2_clean
2.422,32.257,map2_clean
2.422,32.223,map2_clean
1.958,32.21,map2_clean
1.979,32.21,map2_clean
2.401,32.173,map2_clean
1.938,32.16,map2_clean
1.917,32.143,map2_clean
2.38,32.123,map2_clean
1.889,32.11,map2_clean
2.373,32.106,map2_clean
1.868,32.077,map2_clean
1.827,32.06,map2_clean
1.799,32.027,map2_clean
2.339,32.023,map2_clean
1.792,32.01,map2_clean
1.834,32.01,map2_clean
2.325,31.989,map2_clean
2.345,31.972,map2_clean
1.744,31.96,map2_clean
1.688,31.927,map2_clean
2.283,31.922,map2_clean
1.695,31.91,map2_clean
2.345,31.905,map2_clean
2.255,31.889,map2_clean
1.668,31.877,map2_clean
1.661,31.86,map2_clean
1.681,31.86,map2_clean
1.619,31.827,map2_clean
2.248,31.822,map2_clean
1.612,31.81,map2_clean
1.633,31.81,map2_clean
2.276,31.805,map2_clean
2.241,31.771,map2_clean
1.577,31.743,map2_clean
1.114,31.595,map2_clean
1.135,31.595,map2_clean
1.107,31.562,map2_clean
1.128,31.562,map2_clean
1.065,31.512,map2_clean
1.086,31.512,map2_clean
1.051,31.462,map2_clean
1.079,31.445,map2_clean
1.031,31.411,map2_clean
1.01,31.395,map2_clean
1.01,31.361,map2_clean
1.031,31.361,map2_clean
0.954,31.328,map2_clean
0.961,31.311,map2_clean
0.982,31.311,map2_clean
0.934,31.261,map2_clean
0.892,31.228,map2_clean
0.885,31.211,map2_clean
0.864,31.194,map2_clean
0.837,31.161,map2_clean
0.823,31.127,map2_clean
0.788,31.111,map2_clean
0.83,31.111,map2_clean
0.747,31.061,map2_clean
0.788,31.061,map2_clean
0.712,31.028,map2_clean
0.712,31.011,map2_clean
0.733,31.011,map2_clean
0.67,30.961,map2_clean
0.691,30.961,map2_clean
0.726,30.943,map2_clean
0.663,30.91,map2_clean
0.684,30.91,map2_clean
0.726,30.91,map2_clean
0.795,30.893,map2_clean
0.622,30.877,map2_clean
0.622,30.86,map2_clean
0.753,30.859,map2_clean
0.795,30.859,map2_clean
0.788,30.825,map2_clean
0.587,30.81,map2_clean
0.753,30.809,map2_clean
0.712,30.792,map2_clean
0.753,30.775,map2_clean
0.587,30.76,map2_clean
0.566,30.743,map2_clean
0.532,30.71,map2_clean
0.525,30.676,map2_clean
0.518,30.66,map2_clean
0.497,30.609,map2_clean
0.462,30.593,map2_clean
0.428,30.56,map2_clean
0.393,30.543,map2_clean
0.372,30.526,map2_clean
0.345,30.51,map2_clean
0.386,30.51,map2_clean
0.303,30.46,map2_clean
0.276,30.41,map2_clean
-0.056,30.395,map2_clean
-0.015,30.395,map2_clean
0.262,30.393,map2_clean
-0.022,30.362,map2_clean
0.262,30.359,map2_clean
0.234,30.309,map2_clean
1.596,30.282,map2_clean
1.589,30.265,map2_clean
0.206,30.259,map2_clean
0.227,30.259,map2_clean
0.275,30.225,map2_clean
1.465,30.216,map2_clean
1.617,30.215,map2_clean
1.437,30.166,map2_clean
1.638,30.164,map2_clean
1.437,30.115,map2_clean
1.658,30.114,map2_clean
1.451,30.065,map2_clean
1.672,30.063,map2_clean
1.693,30.029,map2_clean
1.451,30.014,map2_clean
1.686,30.013,map2_clean
1.437,29.964,map2_clean
1.734,29.945,map2_clean
1.72,29.928,map2_clean
1.437,29.914,map2_clean
1.727,29.912,map2_clean
1.457,29.863,map2_clean
1.485,29.846,map2_clean
0.918,29.834,map2_clean
0.939,29.834,map2_clean
1.796,29.827,map2_clean
0.939,29.817,map2_clean
0.98,29.817,map2_clean
1.084,29.816,map2_clean
1.146,29.815,map2_clean
1.188,29.815,map2_clean
1.229,29.815,map2_clean
1.291,29.814,map2_clean
1.333,29.814,map2_clean
1.471,29.813,map2_clean
1.492,29.813,map2_clean
1.686,29.71,map2_clean
1.796,29.659,map2_clean
1.824,29.625,map2_clean
1.851,29.608,map2_clean
1.927,29.557,map2_clean
2.149,29.539,map2_clean
2.19,29.539,map2_clean
2.232,29.538,map2_clean
1.934,29.524,map2_clean
2.19,29.522,map2_clean
2.232,29.522,map2_clean
1.976,29.49,map2_clean
1.976,29.473,map2_clean
2.854,29.466,map2_clean
2.875,29.466,map2_clean
2.93,29.449,map2_clean
2.992,29.449,map2_clean
1.969,29.44,map2_clean
1.983,29.423,map2_clean
3.124,29.414,map2_clean
3.144,29.414,map2_clean
2.003,29.372,map2_clean
5.932,29.309,map2_clean
2.01,29.322,map2_clean
2.017,29.271,map2_clean
2.051,29.187,map2_clean
2.058,29.17,map2_clean
5.814,29.108,map2_clean
2.065,29.12,map2_clean
5.502,29.094,map2_clean
7.432,29.045,map2_clean
2.058,29.07,map2_clean
7.543,28.994,map2_clean
2.01,28.969,map2_clean
2.003,28.919,map2_clean
7.999,28.739,map2_clean
7.999,28.722,map2_clean
1.982,28.751,map2_clean
8.165,28.637,map2_clean
8.199,28.62,map2_clean
8.234,28.603,map2_clean
8.434,28.551,map2_clean
8.434,28.517,map2_clean
8.476,28.517,map2_clean
2.189,28.397,map2_clean
2.209,28.363,map2_clean
2.251,28.312,map2_clean
2.285,28.279,map2_clean
2.285,28.262,map2_clean
2.306,28.211,map2_clean
2.327,28.194,map2_clean
2.334,28.161,map2_clean
2.347,28.11,map2_clean
2.382,28.076,map2_clean
8.149,27.579,map2_clean
8.143,27.562,map2_clean
8.184,27.562,map2_clean
8.239,27.528,map2_clean
8.149,27.512,map2_clean
8.191,27.511,map2_clean
8.232,27.511,map2_clean
8.295,27.511,map2_clean
8.336,27.494,map2_clean
2.838,27.502,map2_clean
8.149,27.461,map2_clean
8.191,27.461,map2_clean
8.232,27.461,map2_clean
8.295,27.46,map2_clean
8.336,27.46,map2_clean
8.378,27.46,map2_clean
2.838,27.468,map2_clean
8.426,27.426,map2_clean
8.156,27.411,map2_clean
8.177,27.411,map2_clean
8.239,27.41,map2_clean
8.281,27.41,map2_clean
8.343,27.41,map2_clean
8.384,27.409,map2_clean
8.426,27.409,map2_clean
8.495,27.392,map2_clean
8.537,27.391,map2_clean
8.543,27.374,map2_clean
8.585,27.374,map2_clean
8.156,27.361,map2_clean
8.177,27.36,map2_clean
8.239,27.36,map2_clean
8.281,27.36,map2_clean
8.343,27.359,map2_clean
8.384,27.359,map2_clean
8.426,27.359,map2_clean
8.488,27.358,map2_clean
8.626,27.34,map2_clean
8.37,27.325,map2_clean
8.391,27.325,map2_clean
8.433,27.325,map2_clean
8.495,27.324,map2_clean
8.536,27.324,map2_clean
8.578,27.324,map2_clean
8.64,27.323,map2_clean
8.177,27.31,map2_clean
8.239,27.31,map2_clean
8.281,27.309,map2_clean
8.17,27.293,map2_clean
8.315,27.275,map2_clean
8.336,27.275,map2_clean
8.377,27.275,map2_clean
8.44,27.274,map2_clean
8.481,27.274,map2_clean
8.543,27.274,map2_clean
8.585,27.273,map2_clean
8.626,27.273,map2_clean
8.225,27.259,map2_clean
8.246,27.259,map2_clean
8.336,27.225,map2_clean
8.377,27.225,map2_clean
8.439,27.224,map2_clean
8.481,27.224,map2_clean
2.837,27.25,map2_clean
8.21,25.916,map2_clean
4.577,24.785,map2_clean
4.341,23.881,map2_clean
8.309,22.876,map2_clean
7.625,22.865,map2_clean
8.302,22.843,map2_clean
5.743,22.812,map2_clean
5.619,22.712,map2_clean
6.628,22.704,map2_clean
7.431,22.564,map2_clean
8.745,22.47,map2_clean
5.266,22.362,map2_clean
8.862,22.234,map2_clean
8.869,22.217,map2_clean
8.91,21.982,map2_clean
8.75,21.362,map2_clean
8.784,21.21,map2_clean
8.473,21.078,map2_clean
8.473,21.062,map2_clean
8.494,21.062,map2_clean
8.528,20.826,map2_clean
8.535,20.793,map2_clean
9.026,20.722,map2_clean
9.026,20.671,map2_clean
10.803,20.624,map2_clean
9.026,20.621,map2_clean
8.611,20.607,map2_clean
9.088,20.453,map2_clean
9.088,20.419,map2_clean
8.818,20.169,map2_clean
8.818,20.119,map2_clean
6.341,20.037,map2_clean
6.341,19.936,map2_clean
6.341,19.886,map2_clean
8.907,19.715,map2_clean
10.497,19.384,map2_clean
10.469,19.283,map2_clean
8.906,19.195,map2_clean
10.49,19.099,map2_clean
6.209,18.98,map2_clean
11.007,18.121,map2_clean
11.083,17.885,map2_clean
11.318,17.531,map2_clean
11.318,17.497,map2_clean
8.807,17.281,map2_clean
8.807,17.214,map2_clean
8.958,16.222,map2_clean
8.958,16.172,map2_clean
9.144,15.835,map2_clean
8.646,15.771,map2_clean
9.303,15.666,map2_clean
9.303,15.615,map2_clean
8.853,15.367,map2_clean
9.475,15.144,map2_clean
9.482,15.127,map2_clean
9.482,15.11,map2_clean
9.903,14.754,map2_clean
9.862,14.704,map2_clean
9.08,14.525,map2_clean
9.018,14.509,map2_clean
10.256,14.483,map2_clean
10.263,14.466,map2_clean
10.919,13.907,map2_clean
10.933,13.806,map2_clean
10.919,13.773,map2_clean
9.038,13.77,map2_clean
10.843,13.756,map2_clean
10.808,13.74,map2_clean
10.794,13.723,map2_clean
10.836,13.723,map2_clean
10.877,13.723,map2_clean
10.773,13.707,map2_clean
10.78,13.673,map2_clean
9.037,13.636,map2_clean
9.058,13.535,map2_clean
10.856,13.504,map2_clean
9.065,13.501,map2_clean
10.808,13.471,map2_clean
10.828,13.471,map2_clean
10.752,13.438,map2_clean
10.974,13.436,map2_clean
10.725,13.422,map2_clean
10.745,13.421,map2_clean
10.787,13.421,map2_clean
10.828,13.421,map2_clean
10.745,13.371,map2_clean
10.787,13.371,map2_clean
10.828,13.37,map2_clean
10.794,13.32,map2_clean
10.835,13.32,map2_clean
10.877,13.32,map2_clean
10.96,13.235,map2_clean
10.98,13.235,map2_clean
10.987,13.218,map2_clean
10.973,13.201,map2_clean
10.966,13.168,map2_clean
10.987,13.168,map2_clean
10.959,13.117,map2_clean
10.98,13.117,map2_clean
10.973,13.067,map2_clean
8.981,13.049,map2_clean
10.966,13.017,map2_clean
10.918,12.849,map2_clean
8.891,12.68,map2_clean
8.849,12.613,map2_clean
9.202,12.56,map2_clean
8.268,12.063,map2_clean
9.277,11.938,map2_clean
12.403,11.881,map2_clean
12.417,11.78,map2_clean
12.424,11.746,map2_clean
12.424,11.696,map2_clean
12.438,11.679,map2_clean
9.028,11.688,map2_clean
12.417,11.662,map2_clean
12.438,11.662,map2_clean
12.479,11.662,map2_clean
12.541,11.645,map2_clean
12.465,11.612,map2_clean
12.486,11.611,map2_clean
12.527,11.611,map2_clean
9.014,11.604,map2_clean
12.548,11.561,map2_clean
9.0,11.554,map2_clean
12.59,11.51,map2_clean
8.993,11.521,map2_clean
8.972,11.504,map2_clean
12.679,11.408,map2_clean
8.945,11.42,map2_clean
12.755,11.307,map2_clean
12.797,11.206,map2_clean
12.838,11.122,map2_clean
17.921,10.932,map2_clean
13.606,10.948,map2_clean
13.626,10.948,map2_clean
12.872,10.937,map2_clean
13.675,10.931,map2_clean
12.879,10.92,map2_clean
13.571,10.915,map2_clean
13.592,10.915,map2_clean
13.633,10.914,map2_clean
13.675,10.914,map2_clean
8.965,10.933,map2_clean
12.935,10.903,map2_clean
13.744,10.897,map2_clean
8.965,10.916,map2_clean
8.985,10.916,map2_clean
13.488,10.882,map2_clean
13.778,10.88,map2_clean
12.914,10.869,map2_clean
12.935,10.869,map2_clean
12.976,10.869,map2_clean
13.225,10.867,map2_clean
13.467,10.865,map2_clean
13.488,10.865,map2_clean
13.529,10.865,map2_clean
13.592,10.864,map2_clean
13.633,10.864,map2_clean
13.675,10.864,map2_clean
13.737,10.863,map2_clean
13.778,10.863,map2_clean
13.17,10.851,map2_clean
13.232,10.85,map2_clean
13.294,10.85,map2_clean
13.35,10.849,map2_clean
13.391,10.849,map2_clean
17.589,10.817,map2_clean
13.045,10.835,map2_clean
13.121,10.834,map2_clean
12.962,10.819,map2_clean
12.983,10.818,map2_clean
13.045,10.818,map2_clean
13.087,10.818,map2_clean
13.128,10.817,map2_clean
13.19,10.817,map2_clean
13.232,10.817,map2_clean
13.294,10.816,map2_clean
13.336,10.816,map2_clean
13.377,10.815,map2_clean
13.543,10.814,map2_clean
13.585,10.814,map2_clean
13.626,10.814,map2_clean
13.688,10.813,map2_clean
13.73,10.813,map2_clean
13.778,10.796,map2_clean
12.997,10.768,map2_clean
13.038,10.768,map2_clean
13.08,10.767,map2_clean
13.142,10.767,map2_clean
13.183,10.767,map2_clean
13.246,10.766,map2_clean
13.287,10.766,map2_clean
13.329,10.765,map2_clean
13.702,10.763,map2_clean
13.744,10.762,map2_clean
13.785,10.762,map2_clean
13.833,10.728,map2_clean
13.1,10.717,map2_clean
13.142,10.717,map2_clean
13.183,10.716,map2_clean
13.246,10.716,map2_clean
13.744,10.712,map2_clean
13.785,10.712,map2_clean
13.827,10.711,map2_clean
13.806,10.661,map2_clean
13.826,10.661,map2_clean
13.889,10.644,map2_clean
13.854,10.61,map2_clean
13.875,10.61,map2_clean
13.937,10.61,map2_clean
13.985,10.593,map2_clean
13.889,10.56,map2_clean
13.93,10.559,map2_clean
13.992,10.559,map2_clean
14.041,10.542,map2_clean
13.985,10.525,map2_clean
14.027,10.525,map2_clean
13.909,10.509,map2_clean
13.93,10.509,map2_clean
14.096,10.491,map2_clean
13.937,10.475,map2_clean
13.985,10.475,map2_clean
14.027,10.475,map2_clean
14.089,10.474,map2_clean
9.324,10.494,map2_clean
14.02,10.424,map2_clean
14.041,10.424,map2_clean
14.082,10.424,map2_clean
10.008,10.405,map2_clean
14.158,10.373,map2_clean
10.361,10.385,map2_clean
10.022,10.354,map2_clean
10.402,10.318,map2_clean
14.109,10.205,map2_clean
17.63,10.178,map2_clean
14.137,10.188,map2_clean
14.179,10.188,map2_clean
14.241,10.188,map2_clean
14.282,10.187,map2_clean
17.623,10.162,map2_clean
14.179,10.171,map2_clean
14.241,10.171,map2_clean
14.282,10.17,map2_clean
17.63,10.145,map2_clean
14.345,10.153,map2_clean
14.255,10.12,map2_clean
14.275,10.12,map2_clean
14.338,10.12,map2_clean
9.448,10.124,map2_clean
14.386,10.086,map2_clean
14.324,10.069,map2_clean
14.344,10.069,map2_clean
14.386,10.069,map2_clean
14.365,10.019,map2_clean
14.386,10.019,map2_clean
14.427,10.018,map2_clean
17.602,9.977,map2_clean
17.567,9.961,map2_clean
17.588,9.96,map2_clean
14.393,9.968,map2_clean
14.434,9.968,map2_clean
14.476,9.968,map2_clean
14.42,9.918,map2_clean
14.441,9.917,map2_clean
14.483,9.917,map2_clean
14.538,9.9,map2_clean
14.427,9.867,map2_clean
14.489,9.867,map2_clean
14.531,9.866,map2_clean
14.593,9.849,map2_clean
14.42,9.834,map2_clean
14.413,9.817,map2_clean
14.434,9.817,map2_clean
14.476,9.816,map2_clean
14.538,9.816,map2_clean
14.579,9.816,map2_clean
14.635,9.782,map2_clean
9.627,9.803,map2_clean
14.42,9.766,map2_clean
14.441,9.766,map2_clean
14.482,9.766,map2_clean
14.545,9.765,map2_clean
14.586,9.765,map2_clean
14.628,9.765,map2_clean
9.62,9.786,map2_clean
9.627,9.77,map2_clean
14.676,9.731,map2_clean
14.441,9.716,map2_clean
14.482,9.716,map2_clean
14.545,9.715,map2_clean
14.586,9.715,map2_clean
14.628,9.714,map2_clean
14.69,9.714,map2_clean
9.634,9.719,map2_clean
14.51,9.665,map2_clean
14.531,9.665,map2_clean
14.593,9.664,map2_clean
14.634,9.664,map2_clean
14.676,9.664,map2_clean
14.738,9.663,map2_clean
9.634,9.669,map2_clean
10.803,9.66,map2_clean
14.565,9.614,map2_clean
14.586,9.614,map2_clean
14.627,9.614,map2_clean
14.69,9.613,map2_clean
14.731,9.613,map2_clean
14.897,9.595,map2_clean
10.837,9.609,map2_clean
14.786,9.579,map2_clean
14.849,9.578,map2_clean
14.932,9.578,map2_clean
14.994,9.577,map2_clean
14.634,9.563,map2_clean
14.676,9.563,map2_clean
14.738,9.563,map2_clean
14.78,9.562,map2_clean
14.842,9.562,map2_clean
14.883,9.561,map2_clean
14.945,9.561,map2_clean
14.987,9.561,map2_clean
10.803,9.576,map2_clean
12.144,9.566,map2_clean
12.186,9.565,map2_clean
10.803,9.559,map2_clean
12.124,9.549,map2_clean
14.669,9.513,map2_clean
14.69,9.513,map2_clean
14.731,9.512,map2_clean
14.793,9.512,map2_clean
14.835,9.511,map2_clean
14.876,9.511,map2_clean
14.939,9.511,map2_clean
14.98,9.51,map2_clean
15.042,9.51,map2_clean
11.052,9.507,map2_clean
15.077,9.476,map2_clean
14.683,9.462,map2_clean
14.745,9.462,map2_clean
14.786,9.461,map2_clean
14.828,9.461,map2_clean
14.89,9.461,map2_clean
14.932,9.46,map2_clean
14.994,9.46,map2_clean
15.035,9.46,map2_clean
15.077,9.459,map2_clean
17.131,9.443,map2_clean
9.585,9.468,map2_clean
15.097,9.425,map2_clean
15.388,9.423,map2_clean
15.429,9.423,map2_clean
15.492,9.422,map2_clean
14.738,9.411,map2_clean
14.779,9.411,map2_clean
14.842,9.411,map2_clean
14.883,9.41,map2_clean
14.945,9.41,map2_clean
14.987,9.41,map2_clean
15.028,9.409,map2_clean
15.291,9.407,map2_clean
15.333,9.407,map2_clean
15.132,9.392,map2_clean
15.236,9.391,map2_clean
15.526,9.389,map2_clean
15.588,9.388,map2_clean
9.592,9.417,map2_clean
10.968,9.407,map2_clean
15.187,9.374,map2_clean
15.229,9.374,map2_clean
15.291,9.374,map2_clean
15.333,9.373,map2_clean
15.395,9.373,map2_clean
15.436,9.372,map2_clean
15.478,9.372,map2_clean
15.54,9.372,map2_clean
15.582,9.371,map2_clean
15.644,9.371,map2_clean
14.772,9.361,map2_clean
14.793,9.361,map2_clean
14.835,9.36,map2_clean
14.876,9.36,map2_clean
14.938,9.36,map2_clean
14.98,9.359,map2_clean
15.042,9.359,map2_clean
15.084,9.358,map2_clean
15.146,9.358,map2_clean
20.271,9.319,map2_clean
15.685,9.337,map2_clean
15.001,9.325,map2_clean
15.042,9.325,map2_clean
15.084,9.325,map2_clean
15.146,9.324,map2_clean
15.187,9.324,map2_clean
15.229,9.324,map2_clean
15.291,9.323,map2_clean
15.332,9.323,map2_clean
15.395,9.322,map2_clean
15.436,9.322,map2_clean
15.478,9.322,map2_clean
15.54,9.321,map2_clean
15.581,9.321,map2_clean
15.644,9.321,map2_clean
15.685,9.32,map2_clean
15.727,9.32,map2_clean
14.841,9.31,map2_clean
14.876,9.31,map2_clean
14.938,9.309,map2_clean
15.789,9.303,map2_clean
11.369,9.32,map2_clean
9.599,9.316,map2_clean
15.09,9.274,map2_clean
15.132,9.274,map2_clean
15.194,9.274,map2_clean
15.236,9.273,map2_clean
15.277,9.273,map2_clean
15.339,9.272,map2_clean
15.381,9.272,map2_clean
15.443,9.272,map2_clean
15.485,9.271,map2_clean
15.526,9.271,map2_clean
15.588,9.271,map2_clean
15.63,9.27,map2_clean
15.692,9.27,map2_clean
15.734,9.269,map2_clean
15.775,9.269,map2_clean
14.98,9.258,map2_clean
15.042,9.258,map2_clean
15.83,9.252,map2_clean
15.007,9.225,map2_clean
15.028,9.224,map2_clean
15.076,9.224,map2_clean
15.139,9.224,map2_clean
15.18,9.223,map2_clean
15.242,9.223,map2_clean
15.284,9.223,map2_clean
15.346,9.222,map2_clean
15.388,9.222,map2_clean
15.429,9.221,map2_clean
15.491,9.221,map2_clean
15.533,9.221,map2_clean
15.595,9.22,map2_clean
15.637,9.22,map2_clean
15.678,9.22,map2_clean
15.761,9.219,map2_clean
15.782,9.219,map2_clean
15.844,9.218,map2_clean
15.948,9.184,map2_clean
11.501,9.201,map2_clean
15.125,9.173,map2_clean
15.146,9.173,map2_clean
15.187,9.173,map2_clean
15.229,9.173,map2_clean
15.291,9.172,map2_clean
15.332,9.172,map2_clean
15.395,9.171,map2_clean
15.436,9.171,map2_clean
15.478,9.171,map2_clean
15.54,9.17,map2_clean
15.581,9.17,map2_clean
15.955,9.167,map2_clean
15.976,9.167,map2_clean
9.613,9.199,map2_clean
15.166,9.123,map2_clean
15.187,9.123,map2_clean
15.228,9.122,map2_clean
15.291,9.122,map2_clean
15.332,9.121,map2_clean
15.394,9.121,map2_clean
15.436,9.121,map2_clean
15.477,9.12,map2_clean
15.969,9.117,map2_clean
15.989,9.116,map2_clean
11.542,9.083,map2_clean
11.542,9.066,map2_clean
9.488,9.015,map2_clean
9.488,8.965,map2_clean
9.515,8.914,map2_clean
11.535,8.882,map2_clean
16.535,8.793,map2_clean
16.508,8.777,map2_clean
19.938,8.75,map2_clean
16.535,8.76,map2_clean
9.633,8.678,map2_clean
12.474,7.985,map2_clean
12.543,7.816,map2_clean
12.571,7.715,map2_clean
12.592,7.715,map2_clean
12.633,7.681,map2_clean
12.605,7.665,map2_clean
12.626,7.665,map2_clean
12.681,7.647,map2_clean
12.64,7.614,map2_clean
15.42,7.475,map2_clean
15.441,7.475,map2_clean
15.482,7.475,map2_clean
15.544,7.441,map2_clean
15.372,7.425,map2_clean
15.392,7.425,map2_clean
15.434,7.425,map2_clean
15.475,7.424,map2_clean
15.538,7.424,map2_clean
15.441,7.374,map2_clean
15.482,7.374,map2_clean
15.323,7.358,map2_clean
15.344,7.358,map2_clean
15.385,7.358,map2_clean
15.302,7.325,map2_clean
15.344,7.325,map2_clean
15.385,7.324,map2_clean
15.427,7.324,map2_clean
15.268,7.275,map2_clean
15.33,7.274,map2_clean
15.392,7.274,map2_clean
15.268,7.258,map2_clean
15.288,7.258,map2_clean
15.233,7.225,map2_clean
15.295,7.224,map2_clean
15.212,7.191,map2_clean
11.63,7.202,map2_clean
15.247,7.174,map2_clean
15.212,7.158,map2_clean
13.02,7.091,map2_clean
13.02,7.074,map2_clean
13.04,7.074,map2_clean
13.019,7.024,map2_clean
13.04,7.023,map2_clean
13.054,6.973,map2_clean
13.082,6.956,map2_clean
11.899,6.797,map2_clean
14.672,6.625,map2_clean
14.679,6.574,map2_clean
13.219,6.552,map2_clean
12.05,6.443,map2_clean
12.043,6.41,map2_clean
19.043,6.339,map2_clean
12.043,6.359,map2_clean
13.392,6.282,map2_clean
13.551,6.18,map2_clean
13.537,6.163,map2_clean
13.579,6.163,map2_clean
13.627,6.129,map2_clean
13.634,6.112,map2_clean
13.62,6.095,map2_clean
13.682,6.095,map2_clean
14.007,5.857,map2_clean
18.426,5.706,map2_clean
14.097,5.706,map2_clean
18.426,5.672,map2_clean
14.11,5.672,map2_clean
14.131,5.655,map2_clean
14.131,5.621,map2_clean
14.256,5.604,map2_clean
17.748,5.543,map2_clean
17.79,5.543,map2_clean
17.831,5.543,map2_clean
16.6,5.535,map2_clean
16.69,5.535,map2_clean
16.732,5.534,map2_clean
17.714,5.527,map2_clean
17.976,5.525,map2_clean
18.046,5.524,map2_clean
18.087,5.524,map2_clean
16.732,5.518,map2_clean
17.679,5.51,map2_clean
17.741,5.51,map2_clean
17.783,5.509,map2_clean
14.753,5.465,map2_clean
14.664,5.449,map2_clean
14.684,5.449,map2_clean
14.788,5.448,map2_clean
14.622,5.416,map2_clean
14.643,5.416,map2_clean
14.684,5.416,map2_clean
14.726,5.415,map2_clean
14.788,5.415,map2_clean
14.829,5.415,map2_clean
14.885,5.381,map2_clean
14.677,5.365,map2_clean
14.739,5.365,map2_clean
14.781,5.365,map2_clean
14.843,5.364,map2_clean
14.885,5.364,map2_clean
14.926,5.363,map2_clean
14.988,5.363,map2_clean
14.67,5.349,map2_clean
15.044,5.346,map2_clean
15.085,5.345,map2_clean
15.134,5.328,map2_clean
15.175,5.328,map2_clean
14.892,5.313,map2_clean
14.933,5.313,map2_clean
14.975,5.313,map2_clean
15.037,5.312,map2_clean
15.078,5.312,map2_clean
15.141,5.311,map2_clean
15.182,5.311,map2_clean
15.265,5.31,map2_clean
15.286,5.31,map2_clean
15.32,5.26,map2_clean
15.327,5.243,map2_clean
15.645,5.224,map2_clean
15.625,5.207,map2_clean
15.583,5.174,map2_clean
18.719,2.01,map2_clean
18.74,2.01,map2_clean
18.698,1.96,map2_clean
