1488.14123535156,1437.79309082031,3.24459099769592,0.742781162261963,0,12.3083810806274,0.601074278354645,0.202807366847992,0,9.2541332244873
370.611053466797,327.233459472656,3.1127495765686,0.898293137550354,0,12.3523035049438,0.616539478302002,0.277063965797424,0,1.9256899356842
163.049392700195,119.717308044434,2.98156046867371,1.13024485111237,0,10.5371255874634,0.853262484073639,0.464475125074387,0,0.563820242881775
102.799545288086,53.9797477722168,2.66081762313843,1.97057712078094,0,8.54073619842529,1.25357115268707,0.723419368267059,0,0.366897732019424
73.6232833862305,25.1470241546631,2.00060057640076,2.55729150772095,0,6.99735593795776,1.70613646507263,1.01725471019745,0,0.168522924184799
60.331916809082,10.3277759552002,1.764408826828,2.88004660606384,0,6.45247507095337,2.16304183006287,1.38481843471527,0,0.0782125219702721
59.4541320800781,6.47331857681274,1.47598946094513,3.45348739624023,0,5.36167621612549,2.3235764503479,1.45895075798035,0,0.0677397921681404
55.2647590637207,7.57605695724487,1.02930903434753,3.38224792480469,0,4.63359975814819,2.2760922908783,1.4254035949707,0,0.0652946010231972
49.4397048950195,5.05095481872559,0.779051601886749,3.33307695388794,0,4.15812349319458,2.11102986335754,1.30165195465088,0,0.051568403840065
44.7956962585449,7.10647344589233,0.820892632007599,2.65555596351624,0,3.944340467453,1.9427946805954,1.12967717647552,0,0.0616123490035534
44.1016082763672,9.7410135269165,0.723075151443481,2.45963954925537,0,3.66826319694519,1.63933074474335,0.92933851480484,0,0.136361867189407
44.7358818054199,9.51770877838135,0.913658976554871,2.38722538948059,0,4.0873818397522,1.30444872379303,0.832938849925995,0,0.103330552577972
39.7042465209961,11.9300203323364,0.707336246967316,1.87178659439087,0,4.52030324935913,1.11649167537689,0.677050232887268,0,0.183157369494438
34.8609161376953,14.1465177536011,0.730978727340698,1.17820286750793,0,4.26878833770752,0.884195506572723,0.536793768405914,0,0.161851972341537
32.6513633728027,10.6616258621216,0.685703456401825,1.35810124874115,0,4.19470405578613,0.79189270734787,0.537346363067627,0,0.139988034963608
29.7194328308105,9.67866802215576,0.669323027133942,1.17641758918762,0,4.62251472473145,0.734388113021851,0.543543517589569,0,0.169724851846695
28.4289608001709,8.65115737915039,0.771075665950775,1.06110191345215,0,4.53148031234741,0.640479028224945,0.481473565101624,0,0.187004432082176
23.8845882415771,6.88455486297607,0.650369167327881,0.911632418632507,0,4.86046695709229,0.570472955703735,0.481180310249329,0,0.129987984895706
22.8999633789062,6.08285713195801,0.772385835647583,0.774712562561035,0,4.94828605651855,0.513000965118408,0.467317819595337,0,0.141231447458267
22.0290927886963,6.39144039154053,0.505960643291473,0.94019216299057,0,5.34497022628784,0.405718505382538,0.376218289136887,0,0.141689822077751
21.0584659576416,7.23178672790527,0.72899603843689,0.546350240707397,0,6.05709981918335,0.327810853719711,0.325473099946976,0,0.118246845901012
20.5234985351562,6.55695676803589,0.595587074756622,0.702263832092285,0,5.63356637954712,0.283867090940475,0.291084408760071,0,0.127795055508614
21.8802852630615,7.78833246231079,0.773415207862854,0.537694334983826,0,6.22040033340454,0.232238173484802,0.26691210269928,0,0.153351023793221
19.7882194519043,6.35076189041138,0.73933881521225,0.511903166770935,0,6.40148210525513,0.215995997190475,0.245476916432381,0,0.128749758005142
16.6192741394043,5.49424266815186,0.535200119018555,0.488862276077271,0,6.83115673065186,0.181301385164261,0.229509487748146,0,0.107932843267918
17.9398765563965,5.07204914093018,0.610893130302429,0.596225738525391,0,6.30904483795166,0.141761228442192,0.198518455028534,0,0.112528547644615
16.5329170227051,4.31838703155518,0.635021090507507,0.501551449298859,0,6.89417219161987,0.154831320047379,0.203702360391617,0,0.121125496923923
17.0636711120605,4.37869071960449,0.790769219398499,0.400493711233139,0,5.99947023391724,0.147591531276703,0.200450852513313,0,0.0979047864675522
15.788535118103,3.36082911491394,0.807582259178162,0.353939771652222,0,6.86747598648071,0.140038445591927,0.195355802774429,0,0.106059201061726
14.0873546600342,3.28122615814209,0.605784237384796,0.396036803722382,0,6.97319936752319,0.151282325387001,0.18695741891861,0,0.0831809043884277
12.5174474716187,2.84978580474854,0.458400428295135,0.434149086475372,0,7.29332780838013,0.139274448156357,0.163427978754044,0,0.0627211257815361
14.9719772338867,2.39697790145874,0.709609746932983,0.47275584936142,0,7.74893665313721,0.158246442675591,0.142639338970184,0,0.0708139464259148
12.8705739974976,2.25548028945923,0.572422385215759,0.417999237775803,0,6.66853952407837,0.173851773142815,0.132822498679161,0,0.0912900045514107
12.363694190979,2.90601468086243,0.494206607341766,0.38192430138588,0,6.86220455169678,0.202117845416069,0.119075089693069,0,0.0735885575413704
12.0781240463257,2.41654109954834,0.665975749492645,0.227712169289589,0,7.70068502426147,0.204294934868813,0.100898668169975,0,0.086173839867115
11.7458868026733,2.95771265029907,0.569709956645966,0.233601495623589,0,7.60737466812134,0.241061896085739,0.106888666749001,0,0.0938272997736931
12.6791305541992,2.65639734268188,0.705170094966888,0.226854845881462,0,7.34271478652954,0.214425295591354,0.0973729640245438,0,0.0820759609341621
12.0216360092163,2.41536641120911,0.587859511375427,0.300595670938492,0,7.48429822921753,0.216949954628944,0.082608126103878,0,0.115115657448769
11.9487342834473,2.4119668006897,0.638279438018799,0.243752345442772,0,7.05758190155029,0.18075267970562,0.0845981538295746,0,0.146297827363014
11.5598077774048,2.12444996833801,0.59099292755127,0.281261920928955,0,7.26533985137939,0.17801496386528,0.0798721238970757,0,0.140726700425148
12.9669275283813,2.33729314804077,0.718689918518066,0.275744140148163,0,7.42989730834961,0.169197127223015,0.0964692607522011,0,0.0844950750470161
12.4579496383667,1.66483962535858,0.755261063575745,0.257002651691437,0,7.23276805877686,0.145147040486336,0.102596305310726,0,0.0823667123913765
12.0003137588501,1.61212193965912,0.682215690612793,0.284162223339081,0,7.59248399734497,0.133931621909142,0.107652515172958,0,0.116343192756176
13.0984554290771,1.41017472743988,0.837849080562592,0.263295441865921,0,7.56549978256226,0.132929354906082,0.0990849882364273,0,0.0834695249795914
10.8886489868164,1.62112307548523,0.537429690361023,0.326395899057388,0,7.23256206512451,0.131541877985001,0.0904247686266899,0,0.0662326142191887
12.6422557830811,1.72233414649963,0.769967079162598,0.255348980426788,0,7.91022968292236,0.130161643028259,0.0905287563800812,0,0.070376068353653
11.2188549041748,1.43853771686554,0.645310878753662,0.266094416379929,0,8.06616497039795,0.132181346416473,0.0831303820014,0,0.0721700415015221
10.1600694656372,1.5303430557251,0.546380221843719,0.245321601629257,0,8.51392841339111,0.129831910133362,0.0877707004547119,0,0.0904411673545837
11.4028339385986,1.82705795764923,0.649894118309021,0.242781683802605,0,7.5820894241333,0.125973060727119,0.0866039022803307,0,0.0770210772752762
10.7936210632324,1.51409900188446,0.620279133319855,0.241774022579193,0,7.98955917358398,0.111388452351093,0.0836107656359673,0,0.0784026607871056
10.8651037216187,1.55335938930511,0.716678500175476,0.148984909057617,0,7.803626537323,0.11129155755043,0.0825603753328323,0,0.0854423716664314
10.2519769668579,1.42548704147339,0.598616421222687,0.213699772953987,0,7.60152101516724,0.115595921874046,0.0860433802008629,0,0.136387780308723
9.63570022583008,1.50438785552979,0.435925036668777,0.308748513460159,0,7.86996269226074,0.116935908794403,0.088679201900959,0,0.0995920822024345
11.1986169815063,1.67322707176208,0.612447142601013,0.274755746126175,0,7.67433786392212,0.105920411646366,0.0770784094929695,0,0.101065702736378
11.2553396224976,1.68274569511414,0.648439884185791,0.234158515930176,0,7.80829954147339,0.111054867506027,0.0847660452127457,0,0.173518255352974
9.9882345199585,1.5286500453949,0.552219748497009,0.224148467183113,0,7.83448553085327,0.108744509518147,0.0868142023682594,0,0.119584389030933
12.1188297271729,1.26904618740082,0.756481885910034,0.259634852409363,0,8.13870525360107,0.101839736104012,0.0681682005524635,0,0.128508940339088
11.5011730194092,1.49524509906769,0.657606065273285,0.276243835687637,0,7.39601421356201,0.104557298123837,0.0721170455217361,0,0.137174814939499
9.38961601257324,1.39214539527893,0.459924340248108,0.274765729904175,0,6.94833135604858,0.103828333318233,0.0657522976398468,0,0.152610823512077
10.6570930480957,1.46415066719055,0.67499703168869,0.183073177933693,0,6.36540699005127,0.10205090790987,0.0623242743313313,0,0.149457812309265
8.898362159729,1.49440598487854,0.516212582588196,0.16514641046524,0,7.11052560806274,0.09639822691679,0.0678835362195969,0,0.0848161354660988
10.2638959884644,1.49083971977234,0.607526302337646,0.209739074110985,0,5.95632743835449,0.0927269384264946,0.0748041123151779,0,0.14401564002037
11.2898893356323,1.52579832077026,0.681099951267242,0.235678747296333,0,6.65244483947754,0.0937449559569359,0.0731698796153069,0,0.107054881751537
8.19388580322266,1.11920893192291,0.481372982263565,0.16095432639122,0,7.11344861984253,0.0902005955576897,0.0734650567173958,0,0.140433564782143
12.2771501541138,1.235067486763,0.839066088199615,0.206378474831581,0,6.4424090385437,0.0893817991018295,0.084051713347435,0,0.0947471261024475
12.7333154678345,1.09041917324066,0.920513033866882,0.179814130067825,0,6.66764402389526,0.0955198705196381,0.086097739636898,0,0.129335716366768
7.48916101455688,1.11267161369324,0.365876525640488,0.211772739887238,0,6.88304805755615,0.0867412686347961,0.0782318338751793,0,0.0951260402798653
8.60328578948975,0.979687094688416,0.463854610919952,0.23470863699913,0,7.1732611656189,0.0882190316915512,0.0891242772340775,0,0.10150782763958
9.96533489227295,0.940463423728943,0.615891814231873,0.220834732055664,0,7.09443283081055,0.0895138457417488,0.0746206343173981,0,0.146195605397224
10.1983642578125,1.00811862945557,0.644897043704987,0.212512955069542,0,6.48506021499634,0.089762918651104,0.0783961936831474,0,0.129416033625603
10.7960147857666,1.28941655158997,0.619853973388672,0.273987263441086,0,5.46446943283081,0.0845542326569557,0.0740846320986748,0,0.141557544469833
9.46213912963867,1.45006287097931,0.554181039333344,0.193146586418152,0,5.97270059585571,0.0957289040088654,0.064264751970768,0,0.0959025174379349
10.4622020721436,1.24880540370941,0.637531697750092,0.220172449946404,0,6.89471912384033,0.0832665339112282,0.0658743977546692,0,0.151173159480095
9.24398994445801,1.0719313621521,0.587807416915894,0.165362238883972,0,6.77945375442505,0.082542859017849,0.076850987970829,0,0.144841030240059
11.2556219100952,1.24381601810455,0.705701649188995,0.222711697220802,0,6.85047483444214,0.0846516191959381,0.0775067135691643,0,0.226561859250069
7.97356748580933,1.25382196903229,0.42698273062706,0.18871396780014,0,5.25639343261719,0.0880932211875916,0.0801693350076675,0,0.135658413171768
8.74633312225342,1.05828964710236,0.470424741506577,0.236890256404877,0,6.71673536300659,0.083792582154274,0.0681250169873238,0,0.134974658489227
8.30055332183838,1.02170562744141,0.486161559820175,0.183242589235306,0,6.25250864028931,0.0798251703381538,0.0708609372377396,0,0.125976800918579
8.18484306335449,0.900008082389832,0.506551921367645,0.162509113550186,0,6.52085018157959,0.0765487104654312,0.073519803583622,0,0.119627967476845
9.71327590942383,0.976142287254333,0.517161667346954,0.294281095266342,0,6.93879318237305,0.0791869387030602,0.0754339247941971,0,0.123021475970745
10.1450147628784,0.853108465671539,0.66331958770752,0.20374758541584,0,7.0101318359375,0.0817114859819412,0.0655660107731819,0,0.131523802876472
8.72716331481934,1.02849471569061,0.565066993236542,0.150204718112946,0,5.97159767150879,0.0697095766663551,0.0663636848330498,0,0.112970232963562
8.77798748016357,0.930051267147064,0.562720894813538,0.162356182932854,0,6.82063007354736,0.070845440030098,0.0673114955425262,0,0.119744084775448
8.96229457855225,0.915406048297882,0.580241501331329,0.165537029504776,0,6.31735515594482,0.0738401561975479,0.0751593559980392,0,0.123576335608959
9.54927635192871,0.956553816795349,0.668691039085388,0.135039120912552,0,5.16187572479248,0.0707209557294846,0.0752757489681244,0,0.149052336812019
7.19789791107178,0.841087639331818,0.421296983957291,0.153671056032181,0,5.39639234542847,0.0748355984687805,0.0752060785889626,0,0.18708336353302
8.89338111877441,0.932415187358856,0.497584104537964,0.239192396402359,0,5.99065256118774,0.0657246187329292,0.0679328292608261,0,0.15890596807003
9.42267990112305,1.28742015361786,0.55726569890976,0.195305585861206,0,5.56922197341919,0.070149302482605,0.0655758380889893,0,0.1976468116045
9.51719093322754,0.979742348194122,0.613409996032715,0.183477580547333,0,5.99986457824707,0.0691580548882484,0.0708468034863472,0,0.127730712294579
8.79265117645264,1.1141083240509,0.51898455619812,0.190525114536285,0,6.26290082931519,0.067382887005806,0.0617187134921551,0,0.144031554460526
9.27676296234131,0.894769608974457,0.579180955886841,0.205036163330078,0,5.8071813583374,0.0673585683107376,0.0600420534610748,0,0.125721424818039
7.97862005233765,1.0964183807373,0.460068464279175,0.168926760554314,0,6.23491144180298,0.0636322796344757,0.0658983588218689,0,0.149840369820595
8.96694660186768,1.00111782550812,0.584800362586975,0.159899890422821,0,5.83918046951294,0.0657571703195572,0.067461758852005,0,0.0927958711981773
9.04040050506592,1.02055108547211,0.557496428489685,0.190106093883514,0,5.16941118240356,0.063540481030941,0.0693290308117867,0,0.149589747190475
10.0089054107666,0.777043998241425,0.68606835603714,0.187772542238235,0,4.97385597229004,0.0640703439712524,0.0655068159103394,0,0.114465653896332
6.64984941482544,0.659706354141235,0.40989351272583,0.131154760718346,0,6.35900259017944,0.0679412335157394,0.0801909193396568,0,0.10745295137167
8.76309490203857,0.777193546295166,0.541604936122894,0.199588775634766,0,6.39936542510986,0.0637309327721596,0.0733387023210526,0,0.112122543156147
8.5253791809082,0.820896089076996,0.551933228969574,0.156843289732933,0,6.8600811958313,0.0594642050564289,0.0798825696110725,0,0.124159015715122
8.37928009033203,0.823393225669861,0.524790048599243,0.171323537826538,0,6.31486463546753,0.0611335262656212,0.0764862298965454,0,0.133711412549019
8.53757381439209,0.854980647563934,0.571713626384735,0.138216450810432,0,6.38430547714233,0.0601652190089226,0.0764796361327171,0,0.11927480250597
9.10864543914795,0.70592737197876,0.641557931900024,0.130581617355347,0,7.83421039581299,0.0588259324431419,0.0819439589977264,0,0.137283474206924
8.70341300964355,0.779098689556122,0.55446070432663,0.181535750627518,0,6.32307720184326,0.0596834383904934,0.0742786377668381,0,0.1069375872612
9.72736644744873,0.77955836057663,0.595100939273834,0.237916171550751,0,6.88492774963379,0.0572046749293804,0.0610261633992195,0,0.153249189257622
7.76711750030518,0.838069140911102,0.46564245223999,0.160471454262733,0,5.44599962234497,0.0542573295533657,0.0606442391872406,0,0.277515113353729
7.25778341293335,0.829570293426514,0.411680966615677,0.17569537460804,0,5.39066362380981,0.0575507916510105,0.0630046203732491,0,0.161634653806686
10.001708984375,0.979623079299927,0.643235683441162,0.204299077391624,0,5.68448734283447,0.0628349184989929,0.0638271048665047,0,0.135356113314629
9.02070617675781,0.785836338996887,0.562226593494415,0.209451958537102,0,5.34138011932373,0.0539005473256111,0.0566731728613377,0,0.139056071639061
9.86196994781494,0.870328962802887,0.690557539463043,0.15465359389782,0,5.12451362609863,0.0659017264842987,0.0628120824694633,0,0.15613529086113
8.47769451141357,0.765864610671997,0.533864498138428,0.18966169655323,0,4.83891773223877,0.054493211209774,0.0546751990914345,0,0.125362038612366
8.98851871490479,0.846707582473755,0.596959233283997,0.167123660445213,0,5.15525817871094,0.0525147914886475,0.0543488636612892,0,0.135438799858093
9.88232040405273,0.698597252368927,0.615725040435791,0.245485901832581,0,6.19538736343384,0.0499549396336079,0.0536803044378757,0,0.156345650553703
7.98570823669434,0.671392917633057,0.532520174980164,0.151819616556168,0,4.91869497299194,0.0532454065978527,0.0581569708883762,0,0.111123882234097
8.01927280426025,0.794114053249359,0.440584033727646,0.225798323750496,0,5.5566029548645,0.0558566302061081,0.0675517171621323,0,0.154248997569084
7.57722902297974,0.7367063164711,0.436284154653549,0.191305235028267,0,5.76015377044678,0.0518507957458496,0.0627884939312935,0,0.156512871384621
8.20759963989258,0.732194840908051,0.529289126396179,0.161995455622673,0,5.70442008972168,0.0517173148691654,0.0652357414364815,0,0.153625190258026
7.949875831604,0.712111115455627,0.541289567947388,0.132020801305771,0,5.09140396118164,0.0499530211091042,0.0587772354483604,0,0.136948749423027
7.63721370697021,0.911442279815674,0.457776546478271,0.15182463824749,0,6.78937816619873,0.0510467849671841,0.0649947077035904,0,0.167275309562683
9.94266128540039,0.773750603199005,0.650986731052399,0.199499577283859,0,6.77410936355591,0.0487699508666992,0.0711014270782471,0,0.19430473446846
7.28084421157837,0.787936866283417,0.434713661670685,0.149912819266319,0,6.36734580993652,0.0514484532177448,0.0656291991472244,0,0.204106897115707
7.90775156021118,0.805908918380737,0.515687704086304,0.13531656563282,0,6.42777729034424,0.0491092912852764,0.0702968388795853,0,0.140411198139191
7.81963348388672,0.82334691286087,0.483057945966721,0.156659036874771,0,6.04366254806519,0.0502323359251022,0.0674086064100266,0,0.17070460319519
7.85174798965454,0.876167833805084,0.441096782684326,0.190221920609474,0,7.32907104492188,0.0428360477089882,0.0680026337504387,0,0.172517344355583
8.16394805908203,0.805501401424408,0.554017066955566,0.1281917989254,0,5.51067638397217,0.0454459376633167,0.0699690282344818,0,0.13314688205719
9.42863178253174,0.677505314350128,0.560123860836029,0.252857357263565,0,7.56076526641846,0.0445765107870102,0.067722387611866,0,0.119403958320618
7.34211158752441,0.703791201114655,0.408829301595688,0.190404370427132,0,7.68099737167358,0.0448932163417339,0.0701697245240211,0,0.134232476353645
8.56218147277832,0.572547733783722,0.517175495624542,0.219066187739372,0,7.20723104476929,0.0470151789486408,0.0646964311599731,0,0.146303355693817
8.27273082733154,0.79137909412384,0.532882273197174,0.163908734917641,0,5.05321073532104,0.0407490879297256,0.0683808252215385,0,0.137835443019867
6.91413021087646,0.653529226779938,0.419579207897186,0.144603073596954,0,6.8934473991394,0.0442124605178833,0.0587208829820156,0,0.163918271660805
9.11122512817383,0.692125678062439,0.614500224590302,0.167464286088943,0,5.87103128433228,0.0457842536270618,0.0744448974728584,0,0.171342596411705
7.89942693710327,0.807042479515076,0.481326341629028,0.158709198236465,0,7.44910764694214,0.0461532436311245,0.0658274590969086,0,0.197755724191666
7.65223836898804,0.930994510650635,0.498132288455963,0.110364228487015,0,6.88431835174561,0.0487352646887302,0.0612214989960194,0,0.17586275935173
7.00058364868164,0.827292621135712,0.453432738780975,0.100564248859882,0,6.33822345733643,0.0450235642492771,0.0793225765228271,0,0.174914345145226
7.78054141998291,0.760404586791992,0.504628539085388,0.136489719152451,0,6.50242805480957,0.0449489057064056,0.0653779730200768,0,0.163291439414024
7.15563678741455,0.694154500961304,0.464368164539337,0.116412326693535,0,7.03319215774536,0.040663406252861,0.0643272697925568,0,0.185194715857506
7.56077194213867,0.619257211685181,0.502217471599579,0.129018634557724,0,7.34222650527954,0.0446882620453835,0.0719586089253426,0,0.131760835647583
8.23867511749268,0.669461488723755,0.522272288799286,0.179037764668465,0,6.38268375396729,0.0407140031456947,0.0632481053471565,0,0.12174965441227
6.64873647689819,0.641827762126923,0.390226155519485,0.150666564702988,0,7.0227165222168,0.0418201386928558,0.06317538022995,0,0.131172299385071
8.22645092010498,0.712440550327301,0.50324022769928,0.191272377967834,0,6.58937120437622,0.0395619198679924,0.0616851672530174,0,0.127107188105583
10.2440986633301,0.607272207736969,0.746718943119049,0.161879435181618,0,6.42330455780029,0.0392227806150913,0.0672349855303764,0,0.109213903546333
7.01486921310425,0.705754995346069,0.437119364738464,0.138059183955193,0,6.08114242553711,0.0378192104399204,0.0592051036655903,0,0.145554184913635
8.05555820465088,0.627851784229279,0.547187387943268,0.144159927964211,0,5.67951345443726,0.0415761135518551,0.059785533696413,0,0.119791433215141
7.11494874954224,0.7053382396698,0.442444205284119,0.143753677606583,0,5.6226544380188,0.0390025824308395,0.0503324940800667,0,0.171498969197273
7.05782604217529,0.716507971286774,0.42650631070137,0.150622993707657,0,6.22240829467773,0.0422832518815994,0.0582385882735252,0,0.150405079126358
6.35910654067993,0.651257455348969,0.364438146352768,0.150643691420555,0,6.14306497573853,0.0379367060959339,0.0562549531459808,0,0.146526545286179
7.58534812927246,0.728226840496063,0.490358084440231,0.131441444158554,0,7.15498542785645,0.0413479506969452,0.0579049922525883,0,0.173845618963242
6.31802749633789,0.744953215122223,0.402144342660904,0.0970536470413208,0,6.4850172996521,0.0386301130056381,0.0557493455708027,0,0.153904914855957
8.48052597045898,0.767905414104462,0.542387783527374,0.162824973464012,0,6.7479419708252,0.0406894311308861,0.0658066719770432,0,0.20404140651226
7.91379976272583,0.641619741916656,0.513633847236633,0.143366292119026,0,7.96089887619019,0.0373638235032558,0.0676103383302689,0,0.184036090970039
6.34510564804077,0.79682058095932,0.340243101119995,0.16156867146492,0,5.12511730194092,0.0348377712070942,0.0555314160883427,0,0.173194825649261
8.14161682128906,0.688277125358582,0.558939576148987,0.130098819732666,0,6.21857595443726,0.03579331189394,0.0654457807540894,0,0.13596123456955
7.63266754150391,0.535629093647003,0.490646094083786,0.163934022188187,0,6.1557354927063,0.0346143953502178,0.0628613084554672,0,0.131850779056549
7.52036428451538,0.755018532276154,0.46432164311409,0.161759480834007,0,5.51940441131592,0.0355704464018345,0.0649323835968971,0,0.113380111753941
7.6417031288147,0.620274543762207,0.492711037397385,0.147728070616722,0,7.48470449447632,0.0358510836958885,0.0603141821920872,0,0.134405419230461
8.89774990081787,0.692842721939087,0.571643054485321,0.186336487531662,0,6.19616460800171,0.0371915139257908,0.0647228881716728,0,0.199623718857765
7.84157037734985,0.734899699687958,0.48003613948822,0.17045646905899,0,5.88363599777222,0.0331097841262817,0.0614683143794537,0,0.19880522787571
7.80476856231689,0.918852746486664,0.469972252845764,0.160029724240303,0,5.97127914428711,0.035193208605051,0.0596154779195786,0,0.180312812328339
8.99769115447998,0.868112087249756,0.61892831325531,0.13774648308754,0,6.3826003074646,0.0339972376823425,0.0509977489709854,0,0.150205567479134
5.92814159393311,0.854543328285217,0.29979345202446,0.155541360378265,0,4.71691370010376,0.0335592031478882,0.0646515637636185,0,0.170647844672203
7.96260976791382,0.798951089382172,0.473026752471924,0.180712029337883,0,6.7353343963623,0.0351212918758392,0.0632134154438972,0,0.177123591303825
7.72247552871704,0.750205636024475,0.512517273426056,0.122846581041813,0,6.06874132156372,0.0310554169118404,0.0609327740967274,0,0.208267644047737
6.6227593421936,0.673803806304932,0.402358949184418,0.13142503798008,0,6.15882396697998,0.0314418710768223,0.0545448586344719,0,0.205636441707611
6.69060468673706,0.533388376235962,0.427630513906479,0.13564957678318,0,4.94946146011353,0.034111812710762,0.0607670433819294,0,0.168735355138779
6.89370489120483,0.669640302658081,0.411478698253632,0.151591330766678,0,6.86978769302368,0.0343858301639557,0.0616305358707905,0,0.140236467123032
7.04453563690186,0.607385814189911,0.431161910295486,0.153666794300079,0,6.43461656570435,0.0338482744991779,0.0668404102325439,0,0.149947509169579
7.4629487991333,0.539413392543793,0.483889251947403,0.153089702129364,0,5.80888080596924,0.0335099808871746,0.0675294771790504,0,0.145252481102943
6.80267143249512,0.523504018783569,0.429501414299011,0.143052726984024,0,6.35454177856445,0.032740630209446,0.0646158754825592,0,0.122604265809059
6.17319011688232,0.484290927648544,0.3267542719841,0.187320396304131,0,5.98834037780762,0.0301799010485411,0.0621717646718025,0,0.140388041734695
6.34168434143066,0.621330142021179,0.373699843883514,0.140663251280785,0,5.48324823379517,0.031770370900631,0.0652800276875496,0,0.188755720853806
8.00380992889404,0.713124632835388,0.539917349815369,0.138625100255013,0,4.58615064620972,0.02884959615767,0.0634967386722565,0,0.166282713413239
6.88895845413208,0.609518110752106,0.436877489089966,0.135488390922546,0,5.08752632141113,0.0353937372565269,0.0624693147838116,0,0.190004751086235
7.37115812301636,0.729917466640472,0.465063095092773,0.147681623697281,0,5.21908760070801,0.0378842651844025,0.0541441105306149,0,0.152680456638336
8.3134708404541,0.682992935180664,0.558958232402802,0.14917229115963,0,5.05673313140869,0.0379914790391922,0.0592450238764286,0,0.188473358750343
7.38837051391602,0.681821882724762,0.478703588247299,0.140124753117561,0,4.52742052078247,0.0352369882166386,0.0557648912072182,0,0.190628588199615
6.46919107437134,0.645617723464966,0.387016743421555,0.147659331560135,0,4.23094034194946,0.0350465402007103,0.0572445206344128,0,0.161875814199448
6.8372368812561,0.742241621017456,0.402660042047501,0.15615177154541,0,5.13024520874023,0.0307023357599974,0.0527260974049568,0,0.155924782156944
6.89801216125488,0.587243497371674,0.445005357265472,0.130417719483376,0,5.0385913848877,0.0287107657641172,0.0631555318832397,0,0.195519238710403
7.66846418380737,0.560365617275238,0.516866147518158,0.134282350540161,0,6.17303419113159,0.0278456155210733,0.0657703429460526,0,0.175383046269417
6.99544620513916,0.546230733394623,0.478152871131897,0.112557679414749,0,5.5642147064209,0.0284772515296936,0.057264681905508,0,0.163764148950577
8.13788318634033,0.59269767999649,0.537554264068604,0.149452835321426,0,7.25297737121582,0.0261957831680775,0.0688755065202713,0,0.196054697036743
7.77142143249512,0.686315536499023,0.493144780397415,0.154794901609421,0,7.19511222839355,0.0297205466777086,0.0663975924253464,0,0.131496772170067
8.03632068634033,0.499277979135513,0.516116797924042,0.178618133068085,0,5.91942119598389,0.0263765957206488,0.0649476125836372,0,0.183112174272537
8.63499641418457,0.675769507884979,0.585871338844299,0.156459301710129,0,5.67448854446411,0.0276133436709642,0.0631156712770462,0,0.143716871738434
6.33580541610718,0.583625972270966,0.350895524024963,0.164152517914772,0,6.43556594848633,0.0268345978111029,0.0576104298233986,0,0.180087760090828
8.32073307037354,0.676751554012299,0.589734315872192,0.123352691531181,0,5.13029003143311,0.0290793012827635,0.056556548923254,0,0.157221615314484
7.29090785980225,0.609282851219177,0.451563745737076,0.164684146642685,0,5.66577863693237,0.0283743645995855,0.0510030537843704,0,0.145164757966995
7.27291440963745,0.665485024452209,0.494113773107529,0.116269037127495,0,5.28488302230835,0.028651025146246,0.0559335798025131,0,0.141131430864334
7.70737743377686,0.589485645294189,0.523670494556427,0.132985338568687,0,6.01020860671997,0.0262195970863104,0.0519149675965309,0,0.159840896725655
7.10883903503418,0.611554563045502,0.450349867343903,0.146921157836914,0,4.95226764678955,0.0282160378992558,0.0524257123470306,0,0.184214353561401
5.91138505935669,0.483448565006256,0.34588685631752,0.141167789697647,0,6.20430421829224,0.0278534032404423,0.0586575902998447,0,0.145262375473976
6.75397157669067,0.520140707492828,0.437667280435562,0.124008446931839,0,6.80772256851196,0.025936521589756,0.0618542581796646,0,0.170937851071358
7.07242298126221,0.459910988807678,0.468425035476685,0.132482424378395,0,6.18033456802368,0.0240022800862789,0.0651774480938911,0,0.184653148055077
8.45169734954834,0.600812196731567,0.557853221893311,0.166649460792542,0,6.62361526489258,0.0235966444015503,0.064575269818306,0,0.166017785668373
6.97028493881226,0.610961675643921,0.452039867639542,0.12075212597847,0,6.53853273391724,0.025188097730279,0.0670894607901573,0,0.191248416900635
6.1468186378479,0.710956752300262,0.332516610622406,0.152553170919418,0,6.12618446350098,0.0227566715329885,0.0564986988902092,0,0.182728096842766
7.50611972808838,0.652990639209747,0.430776953697205,0.196059465408325,0,5.38983631134033,0.0245288126170635,0.0586855933070183,0,0.214980185031891
6.0936861038208,0.707868337631226,0.322703272104263,0.15296782553196,0,6.56741285324097,0.0261829849332571,0.0554222725331783,0,0.204511731863022
7.63159275054932,0.553447961807251,0.51649409532547,0.134540349245071,0,6.3416223526001,0.0227275937795639,0.0622359365224838,0,0.146001905202866
7.98053884506226,0.551616907119751,0.543028235435486,0.141857534646988,0,6.04267930984497,0.0251294486224651,0.0535170584917068,0,0.18509005010128
7.09850215911865,0.502747714519501,0.443413406610489,0.154183834791183,0,7.46834373474121,0.0223234053701162,0.0554900467395782,0,0.151967883110046
9.12546157836914,0.534812211990356,0.657635390758514,0.148830741643906,0,5.38208866119385,0.0240606851875782,0.05949417501688,0,0.155612170696259
8.29824066162109,0.590901076793671,0.574046492576599,0.139585718512535,0,5.95060253143311,0.0223103761672974,0.0562116764485836,0,0.17801521718502
7.9181022644043,0.683036506175995,0.502829015254974,0.164498642086983,0,6.28280878067017,0.022666098549962,0.0478447563946247,0,0.164548918604851
7.35628986358643,0.624941825866699,0.490121364593506,0.127910628914833,0,5.37072896957397,0.0232525989413261,0.051746129989624,0,0.193246215581894
7.15011644363403,0.743856489658356,0.490832358598709,0.0964141562581062,0,5.37854480743408,0.0231474973261356,0.0512580014765263,0,0.176406815648079
4.99304676055908,0.817399740219116,0.236129090189934,0.124844253063202,0,5.25614738464355,0.0232124850153923,0.0509120263159275,0,0.215132147073746
6.27015161514282,0.578785955905914,0.35134881734848,0.152992621064186,0,6.79361438751221,0.0218006912618876,0.0520835556089878,0,0.219244554638863
6.37133359909058,0.557896554470062,0.366620063781738,0.159431502223015,0,5.73715591430664,0.0213550310581923,0.0546483471989632,0,0.173413977026939
7.32470369338989,0.602064967155457,0.514988780021667,0.101677417755127,0,5.52725172042847,0.022211791947484,0.0545020438730717,0,0.186754643917084
6.98273038864136,0.557524502277374,0.420814663171768,0.156364649534225,0,7.96521043777466,0.0227304082363844,0.05299973487854,0,0.164286553859711
6.83908843994141,0.526303052902222,0.465023308992386,0.109352871775627,0,6.0810718536377,0.0237680934369564,0.0560582019388676,0,0.168997928500175
7.23112630844116,0.524446427822113,0.45391970872879,0.16095282137394,0,5.95225763320923,0.0238115545362234,0.0526492036879063,0,0.169462516903877
7.24881219863892,0.525246202945709,0.486001670360565,0.134003281593323,0,5.29440069198608,0.0207545403391123,0.0546859465539455,0,0.166389837861061
6.676194190979,0.62160062789917,0.400281250476837,0.148599103093147,0,5.86830806732178,0.0208128113299608,0.0571676008403301,0,0.176216542720795
8.12023639678955,0.586590051651001,0.551615953445435,0.147113904356956,0,6.08027839660645,0.0224771983921528,0.0500207133591175,0,0.156063973903656
7.48499202728271,0.549866080284119,0.506477534770966,0.122694812715054,0,7.90594720840454,0.0190361756831408,0.0541251376271248,0,0.157398581504822
7.13061237335205,0.517136096954346,0.420889139175415,0.186493754386902,0,6.10024642944336,0.0212107375264168,0.0512078665196896,0,0.14721791446209
7.05058813095093,0.500399351119995,0.447193145751953,0.148895770311356,0,6.68941116333008,0.0190854333341122,0.0523135848343372,0,0.166815847158432
7.05883836746216,0.46496307849884,0.479632049798965,0.126295953989029,0,5.63363790512085,0.0205667335540056,0.0585163682699203,0,0.154855281114578
7.12179231643677,0.543392598628998,0.446507543325424,0.147530823945999,0,7.21519708633423,0.0203447118401527,0.054825734347105,0,0.184845492243767
6.76253080368042,0.503416657447815,0.423112064599991,0.146099895238876,0,6.58996343612671,0.0198779758065939,0.0545665994286537,0,0.145707279443741
7.08952569961548,0.486194163560867,0.473269909620285,0.13209442794323,0,6.03115272521973,0.0191292762756348,0.0489914305508137,0,0.16507850587368
6.34149599075317,0.488682359457016,0.447492450475693,0.0846539586782455,0,5.1777195930481,0.0198168326169252,0.0441712290048599,0,0.196298524737358
6.77492952346802,0.516913652420044,0.450161457061768,0.117190487682819,0,5.91174459457397,0.0209394544363022,0.0479776635766029,0,0.20647269487381
8.15550518035889,0.56663703918457,0.577716171741486,0.129126384854317,0,4.74031209945679,0.0204960647970438,0.0450622066855431,0,0.205585852265358
7.24636936187744,0.658416509628296,0.493416339159012,0.113335713744164,0,5.64902973175049,0.0186158884316683,0.0386845506727695,0,0.170646399259567
6.40222930908203,0.498356372117996,0.379454135894775,0.160563066601753,0,5.14598512649536,0.0186520144343376,0.0423606298863888,0,0.173534885048866
6.90462493896484,0.563208103179932,0.439603507518768,0.141662448644638,0,5.73143625259399,0.0178271811455488,0.0469056181609631,0,0.162913143634796
6.20891571044922,0.59374475479126,0.372875422239304,0.133751153945923,0,5.80151844024658,0.0190923139452934,0.0529995262622833,0,0.169783815741539
6.80000019073486,0.500843405723572,0.455446034669876,0.11792528629303,0,5.82085704803467,0.0195480566471815,0.0513044930994511,0,0.187669321894646
6.89110231399536,0.56994891166687,0.442737370729446,0.135825976729393,0,4.43253612518311,0.0213367771357298,0.0594569556415081,0,0.214039534330368
6.76087713241577,0.574742257595062,0.459439724683762,0.0953375026583672,0,7.06390810012817,0.0200925841927528,0.0610032826662064,0,0.183616146445274
6.44706869125366,0.525190114974976,0.37921079993248,0.150918424129486,0,6.86762428283691,0.0186288151890039,0.0599610432982445,0,0.177948907017708
6.69949007034302,0.579608082771301,0.408274203538895,0.14074182510376,0,6.34130239486694,0.0188199020922184,0.0633704215288162,0,0.208190724253654
7.54433250427246,0.507130980491638,0.474940896034241,0.171579003334045,0,5.55360984802246,0.018608070909977,0.0593509897589684,0,0.195991694927216
5.93478536605835,0.5952188372612,0.37762451171875,0.0935035720467567,0,6.35213375091553,0.0170616582036018,0.0574665553867817,0,0.215948417782784
7.20113801956177,0.669866025447845,0.470662981271744,0.122457064688206,0,5.85953235626221,0.0171680375933647,0.0603436194360256,0,0.207995519042015
6.63524866104126,0.651854395866394,0.411848396062851,0.129680454730988,0,5.77408504486084,0.0163569450378418,0.0605754815042019,0,0.180359363555908
5.8612642288208,0.601529359817505,0.351236671209335,0.110375814139843,0,6.89536619186401,0.0165178366005421,0.0508572831749916,0,0.214296951889992
6.42255020141602,0.557415366172791,0.399210602045059,0.131974428892136,0,5.45623588562012,0.0171818118542433,0.0530584864318371,0,0.192294225096703
7.52262496948242,0.405923813581467,0.497988522052765,0.155451998114586,0,6.0757794380188,0.0160203762352467,0.0544791556894779,0,0.18877737224102
7.11972093582153,0.51526415348053,0.453806400299072,0.156818494200706,0,5.0031681060791,0.0176759641617537,0.0469483099877834,0,0.168788895010948
6.65144348144531,0.437193691730499,0.408474057912827,0.154194459319115,0,6.05092430114746,0.016008086502552,0.0515140146017075,0,0.199743255972862
7.00495719909668,0.461346864700317,0.461789429187775,0.142258211970329,0,4.47307538986206,0.0171123426407576,0.0462612882256508,0,0.201532453298569
7.01411151885986,0.574113667011261,0.448441058397293,0.13718818128109,0,6.1703405380249,0.0166414305567741,0.0430515818297863,0,0.202289432287216
6.43850708007812,0.526858389377594,0.432133823633194,0.103259027004242,0,4.83116579055786,0.0171354990452528,0.0450959578156471,0,0.239950075745583
7.32612562179565,0.535556674003601,0.481304436922073,0.140610784292221,0,5.44495582580566,0.0183267500251532,0.0476291216909885,0,0.218561708927155
7.10772705078125,0.529688596725464,0.489100158214569,0.1086655408144,0,5.65923690795898,0.0170821510255337,0.050350159406662,0,0.233352825045586
7.95591592788696,0.704118490219116,0.533920466899872,0.128060445189476,0,6.40226078033447,0.015380060300231,0.0540298745036125,0,0.22314028441906
8.45668506622314,0.595905959606171,0.591479957103729,0.132990971207619,0,6.21907949447632,0.0158236306160688,0.0549164786934853,0,0.214829578995705
7.16380596160889,0.534058511257172,0.463340133428574,0.144396260380745,0,5.3073582649231,0.0156066892668605,0.0563556104898453,0,0.194678574800491
7.64234209060669,0.515558063983917,0.527936279773712,0.124125264585018,0,6.38617134094238,0.0140327680855989,0.0703938379883766,0,0.174252346158028
6.00284004211426,0.483648866415024,0.363216906785965,0.126402720808983,0,6.06837940216064,0.0136740924790502,0.0573344975709915,0,0.226737082004547
5.90658521652222,0.425104409456253,0.365747362375259,0.120377838611603,0,6.49487733840942,0.0145908379927278,0.0612379610538483,0,0.19633261859417
6.55383205413818,0.484464734792709,0.403805792331696,0.147706657648087,0,5.76282596588135,0.0144484117627144,0.055957417935133,0,0.174941316246986
6.51472091674805,0.484908699989319,0.402120888233185,0.149105623364449,0,5.15262269973755,0.0128918718546629,0.0559328682720661,0,0.169571131467819
6.55378150939941,0.443924456834793,0.418141305446625,0.126011162996292,0,8.09199810028076,0.0126351118087769,0.0496719963848591,0,0.182905986905098
7.13154458999634,0.519080877304077,0.484162658452988,0.12189245223999,0,5.65313911437988,0.015028509311378,0.0522740073502064,0,0.183330178260803
6.45362615585327,0.49784043431282,0.411005407571793,0.137091115117073,0,4.3193564414978,0.0145397642627358,0.0436358153820038,0,0.186129406094551
7.25000333786011,0.501821339130402,0.480396062135696,0.140043333172798,0,5.59165525436401,0.0159068387001753,0.0389102473855019,0,0.197885394096375
6.70391321182251,0.508264064788818,0.410608768463135,0.158547341823578,0,5.50405073165894,0.0135037181898952,0.0414146408438683,0,0.160011485219002
7.14792490005493,0.447502911090851,0.494135826826096,0.121031180024147,0,5.72958374023438,0.013029795140028,0.0453958883881569,0,0.187663808465004
6.77891111373901,0.508015215396881,0.453594833612442,0.124221675097942,0,5.01379346847534,0.0136980377137661,0.0466871596872807,0,0.165162086486816
6.40543746948242,0.581777513027191,0.400372266769409,0.12139518558979,0,5.91804218292236,0.011860890313983,0.0459103249013424,0,0.235287472605705
7.01755714416504,0.427396953105927,0.454044997692108,0.154984086751938,0,5.03055667877197,0.0135274371132255,0.0519012957811356,0,0.163725733757019
6.17881917953491,0.463359117507935,0.40584072470665,0.110099896788597,0,5.7690258026123,0.015073181129992,0.060980249196291,0,0.168595880270004
6.60697221755981,0.401840448379517,0.42513120174408,0.13367572426796,0,6.75572395324707,0.0155502632260323,0.0647256821393967,0,0.174412697553635
6.41733264923096,0.400822669267654,0.411374062299728,0.127485409379005,0,6.7215576171875,0.0167743600904942,0.0630074217915535,0,0.188939720392227
7.05261659622192,0.46002072095871,0.446227937936783,0.151380509138107,0,6.40884399414062,0.0151283629238605,0.0638088583946228,0,0.192792341113091
6.1949520111084,0.467635959386826,0.37568011879921,0.136322915554047,0,6.60208606719971,0.0144034270197153,0.052636556327343,0,0.191024899482727
5.84883213043213,0.456996381282806,0.351769208908081,0.122369170188904,0,7.01453447341919,0.0130664827302098,0.0482189282774925,0,0.220863506197929
7.74661111831665,0.617795944213867,0.540512919425964,0.116765707731247,0,5.12224054336548,0.0126848146319389,0.0566506572067738,0,0.208598002791405
6.44417238235474,0.533186376094818,0.392289161682129,0.144096612930298,0,5.67032098770142,0.012494602240622,0.0453192219138145,0,0.189385816454887
6.47338533401489,0.596540927886963,0.400101065635681,0.132123231887817,0,5.48427438735962,0.012328315526247,0.0475085973739624,0,0.202960684895515
6.28720331192017,0.566184163093567,0.37606343626976,0.139749482274055,0,5.79275131225586,0.013596611097455,0.040655393153429,0,0.205471187829971
6.46904563903809,0.60722678899765,0.445489823818207,0.0894705131649971,0,4.98616647720337,0.0141579601913691,0.0486361496150494,0,0.182873532176018
6.50780010223389,0.499798327684402,0.425658524036407,0.120054267346859,0,5.59214115142822,0.0127237318083644,0.0508178174495697,0,0.188678026199341
6.19540929794312,0.473431766033173,0.409298866987228,0.109038285911083,0,5.51226186752319,0.0142921470105648,0.0605234429240227,0,0.165062099695206
6.08564805984497,0.443395465612411,0.402367055416107,0.103216744959354,0,5.63090467453003,0.0132275437936187,0.06667610257864,0,0.198241114616394
6.11726427078247,0.426453679800034,0.398552447557449,0.107407070696354,0,6.07432174682617,0.0141623010858893,0.077729195356369,0,0.203824535012245
6.71166181564331,0.445159137248993,0.43867427110672,0.132101446390152,0,5.68208169937134,0.0136607168242335,0.0656053572893143,0,0.169403478503227
6.47105264663696,0.4410759806633,0.447664827108383,0.0951454415917397,0,6.34523487091064,0.0135130193084478,0.0709443986415863,0,0.171438962221146
6.07681512832642,0.426229387521744,0.382499873638153,0.122352622449398,0,6.56505012512207,0.0128491595387459,0.0561878234148026,0,0.183102190494537
6.03708410263062,0.430745273828506,0.391945749521255,0.12104869633913,0,4.71305799484253,0.0111768189817667,0.0564235225319862,0,0.150517836213112
5.67188405990601,0.401959121227264,0.351844489574432,0.117345102131367,0,6.25941038131714,0.01158781722188,0.0530055612325668,0,0.179755866527557
6.86998081207275,0.48945289850235,0.466636151075363,0.119225040078163,0,5.22375011444092,0.0119175259023905,0.0521175377070904,0,0.17659392952919
6.73317432403564,0.553995430469513,0.438052415847778,0.126166582107544,0,5.26385068893433,0.0124406442046165,0.0474218800663948,0,0.196443066000938
6.51284790039062,0.583773612976074,0.44788447022438,0.0872989892959595,0,6.47201251983643,0.0119299767538905,0.0517866462469101,0,0.16999439895153
6.93921947479248,0.489605605602264,0.477143168449402,0.111035577952862,0,5.00717210769653,0.0120681617408991,0.058666467666626,0,0.223433926701546
6.48931169509888,0.581312656402588,0.411224693059921,0.123550437390804,0,5.47174739837646,0.0113598704338074,0.0552980937063694,0,0.198033109307289
5.6462197303772,0.467998325824738,0.359984487295151,0.0975000411272049,0,6.66406393051147,0.0111880274489522,0.0632090494036674,0,0.169765636324883
7.18247604370117,0.539413571357727,0.42314213514328,0.18224786221981,0,5.67301988601685,0.0113952662795782,0.0610837563872337,0,0.208187818527222
6.22112274169922,0.485689550638199,0.387246996164322,0.117236964404583,0,8.23284149169922,0.0133094284683466,0.0634746700525284,0,0.1770850867033
7.87558364868164,0.513952314853668,0.546111047267914,0.121718727052212,0,6.64177846908569,0.0128342127427459,0.0750807821750641,0,0.232205852866173
5.6811957359314,0.365072906017303,0.356256574392319,0.110295064747334,0,7.25782060623169,0.0114718712866306,0.0647902488708496,0,0.184794098138809
7.19231653213501,0.469431698322296,0.484627336263657,0.128876730799675,0,5.94739723205566,0.0118634151294827,0.0624627098441124,0,0.190848052501678
6.34090232849121,0.406050652265549,0.428029239177704,0.113932430744171,0,5.01081800460815,0.0132515132427216,0.056918028742075,0,0.172691524028778
6.41152715682983,0.439337879419327,0.440600574016571,0.0988602787256241,0,6.42421817779541,0.0115934666246176,0.0585790127515793,0,0.162704527378082
5.99837398529053,0.455117136240005,0.361957907676697,0.140829011797905,0,5.65584945678711,0.0122942365705967,0.0476280301809311,0,0.155006155371666
7.87400484085083,0.447449803352356,0.555456101894379,0.137407049536705,0,5.15983772277832,0.0123499277979136,0.0436754412949085,0,0.168243363499641
6.15746879577637,0.457708120346069,0.38893324136734,0.134268835186958,0,4.47834873199463,0.0113227237015963,0.0530246049165726,0,0.158624202013016
6.89950513839722,0.467739880084991,0.459649324417114,0.130049675703049,0,5.65009498596191,0.012381736189127,0.0393768548965454,0,0.187014520168304
6.12797403335571,0.414685010910034,0.382151514291763,0.13307648897171,0,6.0593433380127,0.0112972781062126,0.0464546903967857,0,0.182711184024811
7.14258003234863,0.39934828877449,0.514943361282349,0.0951433852314949,0,7.07641839981079,0.0102203143760562,0.0484825596213341,0,0.210709348320961
6.61209344863892,0.434621959924698,0.450666338205338,0.106062866747379,0,6.18616533279419,0.0103043559938669,0.0494854487478733,0,0.22149071097374
6.20740985870361,0.391206741333008,0.360579431056976,0.161871701478958,0,6.26376914978027,0.0106408419087529,0.053555678576231,0,0.192849308252335
6.74021196365356,0.469820469617844,0.465181827545166,0.103098459541798,0,6.12109518051147,0.0101473685353994,0.054840087890625,0,0.194200485944748
6.5197958946228,0.374957323074341,0.425179928541183,0.132409498095512,0,6.19537210464478,0.00972452480345964,0.0498800650238991,0,0.179493635892868
7.53194665908813,0.422874718904495,0.533336341381073,0.118992701172829,0,6.37316656112671,0.0106164813041687,0.0497269779443741,0,0.1872239112854
6.91162014007568,0.420491904020309,0.463957548141479,0.124656654894352,0,6.44382381439209,0.00970129109919071,0.0456544645130634,0,0.20946229994297
7.04700040817261,0.46460884809494,0.462820768356323,0.139456644654274,0,6.07722616195679,0.0101762935519218,0.0454900413751602,0,0.182432949542999
6.05518436431885,0.475703150033951,0.377662003040314,0.122850134968758,0,5.8088321685791,0.00939523708075285,0.0489173792302608,0,0.205844432115555
6.2480411529541,0.500193536281586,0.418866097927094,0.096008263528347,0,6.44738340377808,0.0083247572183609,0.0473140254616737,0,0.201601460576057
6.24417781829834,0.565860390663147,0.38885024189949,0.120607256889343,0,5.76806211471558,0.00934762135148048,0.0439194217324257,0,0.224786013364792
6.55740976333618,0.542341589927673,0.433542728424072,0.109110601246357,0,6.54104137420654,0.00863849837332964,0.0421591438353062,0,0.193924948573112
6.10335159301758,0.516428053379059,0.392299771308899,0.103092819452286,0,7.03479242324829,0.00966529920697212,0.0473871566355228,0,0.205344676971436
5.41387557983398,0.479953467845917,0.352258175611496,0.0912134498357773,0,4.74615573883057,0.00958495866507292,0.0500676333904266,0,0.182003900408745
6.72605562210083,0.466712564229965,0.446470201015472,0.116973668336868,0,6.7669620513916,0.00894462876021862,0.0514036230742931,0,0.204978689551353
6.52372789382935,0.410383611917496,0.417066216468811,0.127679735422134,0,6.77880907058716,0.00925019662827253,0.0502206236124039,0,0.24698843061924
6.14304876327515,0.5046107172966,0.378996074199677,0.118876054883003,0,6.87723064422607,0.00943533051759005,0.0482831560075283,0,0.238712593913078
6.98697948455811,0.478432774543762,0.468153566122055,0.120147578418255,0,6.86471796035767,0.00905435066670179,0.0561540611088276,0,0.193541765213013
5.76880359649658,0.404534071683884,0.373774528503418,0.105258911848068,0,5.51007556915283,0.00920589547604322,0.0482269078493118,0,0.22148859500885
7.02101278305054,0.447763174772263,0.490349531173706,0.108833573758602,0,6.45878982543945,0.00933012366294861,0.0469724461436272,0,0.183355122804642
6.16069889068604,0.476480036973953,0.391478568315506,0.121458634734154,0,5.71175718307495,0.00884458050131798,0.0453334152698517,0,0.196836307644844
5.98678922653198,0.485928952693939,0.355801343917847,0.135362386703491,0,5.85170269012451,0.00875718984752893,0.0408796034753323,0,0.230939760804176
6.61668968200684,0.49630469083786,0.45321974158287,0.111658737063408,0,4.51618957519531,0.00917495507746935,0.0429764650762081,0,0.176738649606705
6.54573965072632,0.458420246839523,0.422077059745789,0.130228817462921,0,5.35252571105957,0.00883262604475021,0.0434725247323513,0,0.227008774876595
5.72239208221436,0.416972279548645,0.348061263561249,0.127825856208801,0,4.80847311019897,0.00918057188391685,0.0505189411342144,0,0.22575631737709
6.62206268310547,0.42087122797966,0.426146596670151,0.140875667333603,0,4.9546275138855,0.00846952572464943,0.0500092543661594,0,0.203988656401634
5.77551078796387,0.365821927785873,0.382705986499786,0.103395566344261,0,5.8582878112793,0.0088117802515626,0.0484614819288254,0,0.178660660982132
7.51003837585449,0.403275847434998,0.546498596668243,0.107692927122116,0,5.62463855743408,0.00811572000384331,0.052864097058773,0,0.200260892510414
5.69443225860596,0.389015048742294,0.356779724359512,0.114900059998035,0,5.84667158126831,0.0086549399420619,0.0577893070876598,0,0.205274641513824
6.91260814666748,0.379778206348419,0.477606743574142,0.111321464180946,0,7.19332456588745,0.00899608619511127,0.0523224249482155,0,0.200900107622147
5.67987728118896,0.412877649068832,0.355172246694565,0.119752369821072,0,4.93639850616455,0.00905163865536451,0.0592651329934597,0,0.177510365843773
6.69698619842529,0.524996161460876,0.42750346660614,0.132983073592186,0,5.73149061203003,0.00913090724498034,0.0476058274507523,0,0.204576030373573
6.43828392028809,0.495138972997665,0.438985168933868,0.0992696657776833,0,5.8624849319458,0.00870236195623875,0.0415024794638157,0,0.20086695253849
7.29791259765625,0.53949773311615,0.490113347768784,0.136427730321884,0,4.60897159576416,0.00869170576334,0.0419380441308022,0,0.19530214369297
5.96826076507568,0.661940395832062,0.38605597615242,0.0867576748132706,0,5.25627422332764,0.0100412694737315,0.0363017208874226,0,0.255897581577301
6.66809988021851,0.509547710418701,0.437775731086731,0.120214819908142,0,5.66188335418701,0.0091281346976757,0.0351116694509983,0,0.23832081258297
5.73626279830933,0.444860339164734,0.355941772460938,0.116819895803928,0,5.11112499237061,0.00837910920381546,0.0428980588912964,0,0.239692598581314
6.25791549682617,0.482753485441208,0.379041939973831,0.136794611811638,0,6.47014760971069,0.0087134912610054,0.047274611890316,0,0.218020543456078
6.94003248214722,0.380075424909592,0.474956095218658,0.128079727292061,0,5.69752550125122,0.00847309455275536,0.0442028716206551,0,0.174181342124939
5.99601459503174,0.412964820861816,0.369980692863464,0.124207764863968,0,6.78156614303589,0.00798707827925682,0.0517092980444431,0,0.220529213547707
6.2812385559082,0.511847138404846,0.397430270910263,0.122803755104542,0,5.86472463607788,0.00772179197520018,0.0474975109100342,0,0.198707610368729
6.34603691101074,0.455008208751678,0.432347387075424,0.0987227112054825,0,6.01416826248169,0.00752951996400952,0.0467010289430618,0,0.2058035582304
6.44211626052856,0.392653733491898,0.441450595855713,0.0949916169047356,0,8.31016826629639,0.00835310760885477,0.0548066236078739,0,0.183145210146904
6.51498079299927,0.474560856819153,0.434446066617966,0.111481204628944,0,5.5624566078186,0.00767259020358324,0.0469416417181492,0,0.228775918483734
6.05948305130005,0.390311688184738,0.3897844851017,0.112850353121758,0,6.2894172668457,0.00710015604272485,0.0526404567062855,0,0.245840907096863
6.43902921676636,0.479972243309021,0.410394370555878,0.129553109407425,0,5.45080423355103,0.00769413402304053,0.0422014817595482,0,0.219892755150795
7.82560873031616,0.543362975120544,0.562973380088806,0.104521468281746,0,5.97983407974243,0.00831991154700518,0.0449349842965603,0,0.236743077635765
6.74196195602417,0.507220208644867,0.444781064987183,0.124652735888958,0,5.09203720092773,0.00837722141295671,0.0435267463326454,0,0.216323286294937
6.08353090286255,0.471164852380753,0.397839397192001,0.103974163532257,0,5.79621028900146,0.00753914704546332,0.0419580079615116,0,0.237713694572449
6.62103652954102,0.455006211996078,0.43494239449501,0.122627183794975,0,5.36272287368774,0.00794489029794931,0.0450765267014503,0,0.250611215829849
5.40448141098022,0.487316161394119,0.340854674577713,0.0997447371482849,0,4.93555498123169,0.00767616741359234,0.0453856214880943,0,0.192477226257324
6.90062856674194,0.463416546583176,0.439299404621124,0.141229197382927,0,7.21428155899048,0.00758911669254303,0.0515843965113163,0,0.190041080117226
5.99191951751709,0.455096215009689,0.389055252075195,0.103885725140572,0,6.8186149597168,0.00791817810386419,0.0486166104674339,0,0.189598083496094
5.99089431762695,0.429214984178543,0.37373411655426,0.121102668344975,0,6.19098949432373,0.00737057067453861,0.040768526494503,0,0.238923415541649
6.91678047180176,0.463704109191895,0.466388911008835,0.121113933622837,0,5.90538215637207,0.0077682095579803,0.0450223498046398,0,0.211361363530159
5.6800389289856,0.491909593343735,0.357951134443283,0.104578465223312,0,5.26255655288696,0.0067741977982223,0.0448189750313759,0,0.229089990258217
6.20441579818726,0.422323822975159,0.400937736034393,0.115206822752953,0,6.53006267547607,0.00724421860650182,0.0479516685009003,0,0.21859347820282
6.30027103424072,0.457642644643784,0.409364134073257,0.115986011922359,0,5.61918163299561,0.00748597923666239,0.047526441514492,0,0.233135253190994
5.17786884307861,0.441323667764664,0.307679057121277,0.108593583106995,0,5.621741771698,0.00683863833546638,0.0475298352539539,0,0.218017742037773
6.93906021118164,0.467937916517258,0.468389242887497,0.120322741568089,0,5.56646156311035,0.00725180096924305,0.0526993237435818,0,0.22300423681736
6.62743616104126,0.417081981897354,0.44228795170784,0.108922958374023,0,7.94485187530518,0.00737800076603889,0.0497086048126221,0,0.222750887274742
6.18499994277954,0.493816554546356,0.40519642829895,0.104230530560017,0,6.2384467124939,0.00649051647633314,0.0490937046706676,0,0.208105430006981
6.02604675292969,0.497666388750076,0.401391625404358,0.0957236066460609,0,5.48239183425903,0.00725317187607288,0.0460862033069134,0,0.210352405905724
6.48378849029541,0.46507003903389,0.418591201305389,0.128267541527748,0,5.20471668243408,0.00693395501002669,0.0443156622350216,0,0.219954520463943
6.63591527938843,0.512051939964294,0.445992439985275,0.108399868011475,0,5.5153660774231,0.00728890113532543,0.0502491481602192,0,0.225154101848602
6.81513023376465,0.436698108911514,0.447753816843033,0.127053916454315,0,6.44842386245728,0.00685661099851131,0.051657035946846,0,0.227019906044006
5.97187995910645,0.423691302537918,0.379662126302719,0.11086131632328,0,6.8566746711731,0.00695639848709106,0.0468229949474335,0,0.226408675312996
6.23645210266113,0.484246790409088,0.392430782318115,0.122367292642593,0,5.8966326713562,0.00699313543736935,0.0518916547298431,0,0.228059023618698
6.09316539764404,0.512695372104645,0.382729738950729,0.110923379659653,0,7.08854866027832,0.00721392268314958,0.0553498715162277,0,0.202879503369331
5.91101837158203,0.395168751478195,0.378080666065216,0.106255985796452,0,7.09373044967651,0.00655432883650064,0.0612317025661469,0,0.222671791911125
5.86936902999878,0.441927194595337,0.355686098337173,0.124914698302746,0,6.51027822494507,0.00654749339446425,0.05715087428689,0,0.20691978931427
5.12014198303223,0.422536998987198,0.291005373001099,0.123917281627655,0,5.2099871635437,0.00685332762077451,0.0444273948669434,0,0.217811733484268
5.96395111083984,0.440853297710419,0.36675438284874,0.121861688792706,0,5.67682313919067,0.00650131748989224,0.0479554273188114,0,0.277912080287933
6.20547008514404,0.388109982013702,0.419938027858734,0.111210465431213,0,5.17344808578491,0.00694005005061626,0.0427419804036617,0,0.179619267582893
5.77210330963135,0.367826759815216,0.371686786413193,0.112619273364544,0,6.33101940155029,0.00626467121765018,0.0375312156975269,0,0.185236126184464
6.93099117279053,0.471094489097595,0.468207806348801,0.125830620527267,0,4.88489532470703,0.00704422313719988,0.0356374457478523,0,0.218289226293564
7.70755434036255,0.407552868127823,0.544975221157074,0.132648378610611,0,5.39471292495728,0.00705689378082752,0.0364948473870754,0,0.195758849382401
6.64207696914673,0.478976219892502,0.445277452468872,0.121470414102077,0,4.53946399688721,0.00637133419513702,0.0369485765695572,0,0.210040792822838
6.10353803634644,0.425448805093765,0.394986629486084,0.117943584918976,0,6.22119998931885,0.00610789796337485,0.0424435809254646,0,0.171007752418518
6.01448202133179,0.3492271900177,0.415261775255203,0.0960024893283844,0,5.83020973205566,0.00692530162632465,0.041718702763319,0,0.195060223340988
5.49161958694458,0.438532948493958,0.328697144985199,0.124989330768585,0,5.38499402999878,0.00705875875428319,0.0474625937640667,0,0.172248885035515
5.76677894592285,0.372920393943787,0.362969040870667,0.12322786450386,0,5.53425741195679,0.00755322678014636,0.0537765994668007,0,0.170735344290733
5.3716459274292,0.404341816902161,0.334643840789795,0.108703665435314,0,5.73691701889038,0.00836905557662249,0.0534966811537743,0,0.162553623318672
5.70028209686279,0.338924586772919,0.364026963710785,0.119003936648369,0,5.03816270828247,0.00874199345707893,0.0454986095428467,0,0.206520810723305
6.73918962478638,0.312363922595978,0.495388120412827,0.0967003554105759,0,5.01503801345825,0.00789307337254286,0.0471328273415565,0,0.180543512105942
5.96204090118408,0.390330046415329,0.372220933437347,0.129894658923149,0,5.86569261550903,0.00694961892440915,0.0453550964593887,0,0.185763448476791
5.7314395904541,0.329302668571472,0.362904280424118,0.118593707680702,0,6.43700695037842,0.00639990996569395,0.046974640339613,0,0.191644906997681
5.68802928924561,0.433299839496613,0.34713089466095,0.120544575154781,0,5.73436260223389,0.00574001297354698,0.045082189142704,0,0.22076378762722
6.16961288452148,0.362311124801636,0.414374887943268,0.109521478414536,0,5.70728635787964,0.00622844928875566,0.0383215546607971,0,0.22237765789032
5.87708330154419,0.386911809444427,0.394139915704727,0.101978816092014,0,4.38163042068481,0.00569373369216919,0.0404402501881123,0,0.24639555811882
5.48352003097534,0.398303866386414,0.3569615483284,0.0981253385543823,0,5.37267017364502,0.0058759874664247,0.0426850020885468,0,0.198748424649239
5.26547431945801,0.349897027015686,0.317358165979385,0.123816564679146,0,4.99558973312378,0.00575468549504876,0.0433669835329056,0,0.186122506856918
6.61790132522583,0.365293949842453,0.447729021310806,0.118038177490234,0,6.61214923858643,0.00566997332498431,0.0400140583515167,0,0.201472356915474
6.43319749832153,0.397682189941406,0.434735536575317,0.11732954531908,0,4.73674726486206,0.00567336333915591,0.0478126779198647,0,0.203471139073372
5.91199207305908,0.435342282056808,0.367726415395737,0.126211613416672,0,4.59556818008423,0.00589395454153419,0.0464628599584103,0,0.23484979569912
5.2660231590271,0.453372091054916,0.313097476959229,0.108770847320557,0,6.20532464981079,0.00562784308567643,0.0480717569589615,0,0.208780109882355
6.0809645652771,0.434523314237595,0.3881895840168,0.115914553403854,0,6.337317943573,0.00509528629481792,0.0461431592702866,0,0.216770932078362
5.68050050735474,0.345915228128433,0.36051481962204,0.116390720009804,0,6.13508319854736,0.00509300781413913,0.0485314950346947,0,0.183432102203369
7.07941007614136,0.463119775056839,0.4732586145401,0.130217522382736,0,6.47790813446045,0.00545529369264841,0.0467904694378376,0,0.184720322489738
6.20390558242798,0.382111698389053,0.421335637569427,0.100954085588455,0,6.35888528823853,0.00563897890970111,0.045535497367382,0,0.209829792380333
5.19872951507568,0.38571372628212,0.308352708816528,0.120263703167439,0,5.28889036178589,0.0057044755667448,0.0376181416213512,0,0.203127965331078
6.55711317062378,0.458196640014648,0.454708814620972,0.0956757143139839,0,6.85293197631836,0.00590842589735985,0.0448910184204578,0,0.182134374976158
5.84322690963745,0.462394028902054,0.352977186441422,0.131841346621513,0,5.4145565032959,0.00561967864632607,0.0416398234665394,0,0.196649923920631
6.26210832595825,0.381655871868134,0.405446767807007,0.126469835639,0,6.17884635925293,0.00603706063702703,0.0435221008956432,0,0.184042513370514
5.75656986236572,0.355913758277893,0.370114415884018,0.106896810233593,0,7.70490741729736,0.00522064790129662,0.0397770553827286,0,0.183022662997246
5.7740740776062,0.352268606424332,0.37443670630455,0.117268353700638,0,5.23750925064087,0.00481980200856924,0.0438647568225861,0,0.174671724438667
6.45351696014404,0.356603473424911,0.442712515592575,0.107439741492271,0,6.44457054138184,0.00525185698643327,0.0425776019692421,0,0.206669852137566
6.31184387207031,0.341335952281952,0.42216083407402,0.116438262164593,0,6.52600336074829,0.00571781815961003,0.0443251021206379,0,0.188870206475258
5.41535472869873,0.363562762737274,0.337356269359589,0.112191751599312,0,6.39395523071289,0.00587793765589595,0.0483656674623489,0,0.161126375198364
6.67204427719116,0.38214448094368,0.450586020946503,0.116647079586983,0,7.036461353302,0.00560892466455698,0.0493358932435513,0,0.188937693834305
5.60274839401245,0.358760863542557,0.346617937088013,0.120744124054909,0,6.29722118377686,0.00537687074393034,0.0454470440745354,0,0.184647098183632
6.15967893600464,0.431385606527328,0.400865256786346,0.0972942113876343,0,8.60403347015381,0.00532427662983537,0.0472504422068596,0,0.242959633469582
5.8963418006897,0.469274669885635,0.371164679527283,0.10374865680933,0,7.27425098419189,0.0055625750683248,0.0506222248077393,0,0.235506147146225
5.67113494873047,0.43002587556839,0.35817477107048,0.105720356106758,0,5.99962949752808,0.00527474237605929,0.0459981709718704,0,0.230541348457336
6.07472276687622,0.48271656036377,0.398870199918747,0.102620162069798,0,5.56140518188477,0.00478052953258157,0.0483130924403667,0,0.224172249436378
6.61852407455444,0.498913943767548,0.445016503334045,0.0977191850543022,0,7.3032078742981,0.00469365064054728,0.0450193211436272,0,0.257217139005661
6.97702646255493,0.424397200345993,0.484846830368042,0.103733614087105,0,7.33740091323853,0.00522039644420147,0.0478528514504433,0,0.225565329194069
6.39694738388062,0.448929935693741,0.423646062612534,0.112531058490276,0,6.2000846862793,0.00474992999807,0.0470804646611214,0,0.203246667981148
5.21433639526367,0.365194350481033,0.327414453029633,0.0997175201773643,0,5.71224975585938,0.00426440592855215,0.0479538552463055,0,0.218146443367004
6.45229387283325,0.42833024263382,0.43720018863678,0.110762238502502,0,5.4070463180542,0.00502766901627183,0.0480046309530735,0,0.199466273188591
6.05911827087402,0.34466415643692,0.410602122545242,0.105891063809395,0,5.75400257110596,0.00496521079912782,0.0438033305108547,0,0.19363509118557
6.3484992980957,0.412058442831039,0.413875639438629,0.121991828083992,0,5.96066474914551,0.00482765072956681,0.0460467673838139,0,0.208248987793922
6.17857122421265,0.385896265506744,0.403602480888367,0.122501246631145,0,5.70716047286987,0.00436050305142999,0.0516690872609615,0,0.166595935821533
5.55607748031616,0.411210149526596,0.341580837965012,0.123614154756069,0,4.37440347671509,0.00455444911494851,0.0527822412550449,0,0.192746609449387
5.29992580413818,0.391300648450851,0.327970802783966,0.102221615612507,0,6.73810768127441,0.00485883885994554,0.0533173270523548,0,0.187389612197876
5.82032155990601,0.360355734825134,0.398786157369614,0.0943007692694664,0,5.23263835906982,0.00495724286884069,0.0560131520032883,0,0.180965736508369
5.83528757095337,0.356455236673355,0.392029166221619,0.0990673676133156,0,5.80185747146606,0.00534067675471306,0.0583752579987049,0,0.187541022896767
5.97074031829834,0.361942261457443,0.399072349071503,0.104836165904999,0,6.37896871566772,0.00477350642904639,0.0501957982778549,0,0.173084110021591
4.71534538269043,0.363948553800583,0.266542226076126,0.108124628663063,0,6.6229190826416,0.00480677559971809,0.052453774958849,0,0.192498847842216
5.59077501296997,0.405050963163376,0.376454204320908,0.0903773158788681,0,4.87233686447144,0.00449209846556187,0.0528068877756596,0,0.192335784435272
5.97270488739014,0.462915152311325,0.411577522754669,0.0798126831650734,0,6.83965253829956,0.00422111758962274,0.0467839874327183,0,0.181618764996529
6.00149202346802,0.382919996976852,0.404240906238556,0.0915190726518631,0,7.85539674758911,0.00428972765803337,0.0484298504889011,0,0.193413451313972
5.75804138183594,0.439205974340439,0.378046631813049,0.0904054045677185,0,6.49774408340454,0.0041849110275507,0.0421469174325466,0,0.244114845991135
6.0132269859314,0.488133281469345,0.360560446977615,0.139183104038239,0,4.89538955688477,0.00479938788339496,0.0395879000425339,0,0.221107125282288
6.46105241775513,0.371519684791565,0.445132583379745,0.103581115603447,0,5.69428062438965,0.00416122050955892,0.0467924028635025,0,0.24541212618351
5.49440050125122,0.37154757976532,0.361707031726837,0.0960376709699631,0,5.42099571228027,0.00418019155040383,0.0469765514135361,0,0.201801463961601
6.82608890533447,0.332506775856018,0.470975011587143,0.115021243691444,0,7.06618642807007,0.00411333097144961,0.047622062265873,0,0.206821113824844
6.04512882232666,0.297299832105637,0.397503942251205,0.111271366477013,0,7.69072675704956,0.00451535824686289,0.0504685156047344,0,0.197578832507133
5.57227087020874,0.395831137895584,0.368766695261002,0.0980038121342659,0,5.34012699127197,0.00444016046822071,0.0414565354585648,0,0.177323520183563
6.68260669708252,0.345797032117844,0.465095728635788,0.104057893157005,0,6.98610353469849,0.00471654487773776,0.0479864701628685,0,0.221630588173866
5.87361669540405,0.353519886732101,0.38305538892746,0.112043134868145,0,6.0821099281311,0.00427621882408857,0.0399222411215305,0,0.202984109520912
5.25355434417725,0.336347073316574,0.297781765460968,0.133867233991623,0,6.77951669692993,0.00492937164381146,0.0408186167478561,0,0.198049291968346
6.2385687828064,0.3586665391922,0.405247360467911,0.123120233416557,0,5.97782707214355,0.00453433953225613,0.0407066717743874,0,0.234007179737091
5.65648412704468,0.43755641579628,0.362459540367126,0.106686927378178,0,4.93782615661621,0.00450355652719736,0.0409974083304405,0,0.216823607683182
5.25482988357544,0.359009623527527,0.314737647771835,0.112999141216278,0,6.29469156265259,0.00453291600570083,0.0462472997605801,0,0.232080519199371
6.48369216918945,0.369141936302185,0.463621616363525,0.0885609015822411,0,6.62108516693115,0.00453752232715487,0.0434673726558685,0,0.194200694561005
6.52664947509766,0.299734741449356,0.452924162149429,0.113181427121162,0,5.72566175460815,0.00423785904422402,0.049077857285738,0,0.203839838504791
6.72366094589233,0.378724128007889,0.478146433830261,0.101775906980038,0,5.548743724823,0.00438985833898187,0.0455944053828716,0,0.197689056396484
6.05776453018188,0.323354125022888,0.401316732168198,0.114716373383999,0,6.00560188293457,0.00405638478696346,0.0453669354319572,0,0.203720614314079
5.28349113464355,0.297066301107407,0.305925667285919,0.137076810002327,0,5.66162109375,0.00391308730468154,0.0433561280369759,0,0.206328466534615
6.22396564483643,0.325213849544525,0.442436784505844,0.0922941118478775,0,5.69028854370117,0.00371039216406643,0.0489134304225445,0,0.191703051328659
5.8709568977356,0.340766072273254,0.38861620426178,0.110151715576649,0,5.37685012817383,0.00378337688744068,0.0401636473834515,0,0.211531788110733
6.12221002578735,0.321691662073135,0.418862968683243,0.105721190571785,0,5.37536573410034,0.00426893401890993,0.0406424030661583,0,0.222810879349709
6.25887107849121,0.321804910898209,0.421872824430466,0.116047933697701,0,5.76747941970825,0.00414040964096785,0.0373259410262108,0,0.21142552793026
5.49628829956055,0.302596181631088,0.349954694509506,0.107912167906761,0,6.66230583190918,0.00372444489039481,0.0375466905534267,0,0.223726242780685
5.57664203643799,0.271939277648926,0.370238780975342,0.105792574584484,0,5.70539855957031,0.00368342897854745,0.0398467443883419,0,0.197507634758949
6.26276922225952,0.337377369403839,0.428046613931656,0.106384888291359,0,6.01886606216431,0.00363410357385874,0.0407073795795441,0,0.217255115509033
6.3749623298645,0.308495551347733,0.436737149953842,0.117426663637161,0,5.55665874481201,0.00353813078254461,0.0415576919913292,0,0.182889848947525
6.02791118621826,0.335000157356262,0.407532781362534,0.109424836933613,0,5.38000440597534,0.00348535645753145,0.0378995127975941,0,0.195742815732956
6.1124529838562,0.327935636043549,0.428723931312561,0.0917739719152451,0,6.46142816543579,0.00381621811538935,0.0438191182911396,0,0.188829705119133
5.70351839065552,0.298062205314636,0.377384811639786,0.107327356934547,0,5.51534414291382,0.00362790888175368,0.0467890277504921,0,0.21056917309761
5.93582439422607,0.397650450468063,0.383652299642563,0.113437965512276,0,6.4494252204895,0.00393305858597159,0.0460135377943516,0,0.173813432455063
5.73375177383423,0.356393396854401,0.367030799388885,0.103680528700352,0,7.39388847351074,0.00370010454207659,0.0463761575520039,0,0.229136690497398
5.37490081787109,0.343963623046875,0.346407681703568,0.102505229413509,0,5.20130968093872,0.0036635035648942,0.0450536459684372,0,0.212330266833305
6.60158252716064,0.304338365793228,0.468628197908401,0.105473302304745,0,5.18765449523926,0.00355557329021394,0.0443096868693829,0,0.228604048490524
6.60495710372925,0.359689474105835,0.44998025894165,0.116770669817924,0,5.77323722839355,0.00331389927305281,0.0462910570204258,0,0.218002676963806
5.70219755172729,0.495018690824509,0.363289952278137,0.0977761372923851,0,6.38682079315186,0.003882703371346,0.0392484292387962,0,0.21636275947094
6.31763601303101,0.426528215408325,0.425186157226562,0.10495287925005,0,6.314049243927,0.0035849460400641,0.0412293486297131,0,0.210378438234329
6.0098557472229,0.425692319869995,0.401650220155716,0.101097017526627,0,5.00939226150513,0.0036489327903837,0.0437503047287464,0,0.238771185278893
5.76847314834595,0.446075707674026,0.352005392313004,0.123104505240917,0,6.17194938659668,0.00357105862349272,0.0425142869353294,0,0.197144031524658
6.14434337615967,0.435220539569855,0.392551571130753,0.113615728914738,0,6.78220987319946,0.00365963648073375,0.0446090586483479,0,0.239596024155617
5.34866523742676,0.40409791469574,0.332750380039215,0.106449976563454,0,5.40026426315308,0.00373529316857457,0.0443906970322132,0,0.214096426963806
5.56678485870361,0.317312777042389,0.357958823442459,0.108241580426693,0,5.90936994552612,0.00350276031531394,0.0447647571563721,0,0.223101198673248
5.64202642440796,0.369493871927261,0.354141771793365,0.119113072752953,0,5.42021465301514,0.00305426749400795,0.0466705411672592,0,0.197440043091774
5.54827404022217,0.332675248384476,0.363819539546967,0.094202995300293,0,7.2104377746582,0.0031707463786006,0.0459822118282318,0,0.204292252659798
6.20480823516846,0.33852431178093,0.41650316119194,0.106809109449387,0,7.04709577560425,0.0032702311873436,0.0467416383326054,0,0.209059342741966
6.14559650421143,0.404564499855042,0.402798593044281,0.107365451753139,0,7.0840220451355,0.00358464056625962,0.0417007654905319,0,0.220846727490425
5.97853469848633,0.357672691345215,0.386073589324951,0.114469654858112,0,6.63803720474243,0.00342036481015384,0.0390740893781185,0,0.223205879330635
6.31321096420288,0.382395476102829,0.425071805715561,0.110117115080357,0,6.36955499649048,0.00315759982913733,0.041205145418644,0,0.197062686085701
5.92561960220337,0.374855607748032,0.393639773130417,0.100749522447586,0,6.97174453735352,0.00321264658123255,0.0405009835958481,0,0.195926114916801
5.07301568984985,0.336441278457642,0.335721880197525,0.0816714987158775,0,6.10065174102783,0.00357423373498023,0.0408147089183331,0,0.194598749279976
5.28398132324219,0.418922185897827,0.330276340246201,0.0954000726342201,0,6.50379753112793,0.00327870924957097,0.0445855110883713,0,0.214587390422821
5.56541538238525,0.407552003860474,0.345173120498657,0.112458437681198,0,6.02484369277954,0.00345881818793714,0.0441982410848141,0,0.2122782766819
6.73794078826904,0.411545634269714,0.460321068763733,0.108066871762276,0,6.94324398040771,0.00343050574883819,0.0442872159183025,0,0.227207735180855
5.70971870422363,0.304642498493195,0.381053149700165,0.100183539092541,0,6.49623250961304,0.00344356684945524,0.044864472001791,0,0.198879212141037
5.993971824646,0.318724364042282,0.376669824123383,0.122932203114033,0,7.22354555130005,0.00330991856753826,0.0438526570796967,0,0.25061559677124
6.33942270278931,0.296333909034729,0.436353027820587,0.114837981760502,0,5.29639053344727,0.00307959644123912,0.0428745970129967,0,0.200507625937462
5.68553590774536,0.313382416963577,0.383699417114258,0.0943069979548454,0,6.2776460647583,0.00332216173410416,0.0455359369516373,0,0.208241358399391
6.27130365371704,0.354251474142075,0.421135634183884,0.110751204192638,0,6.0660138130188,0.00340147083625197,0.0420713387429714,0,0.230075463652611
6.63790512084961,0.327888399362564,0.465082168579102,0.105361439287663,0,6.11382436752319,0.003138113534078,0.0479450263082981,0,0.226402208209038
5.72464656829834,0.315375417470932,0.378445237874985,0.106136098504066,0,5.52348136901855,0.00302015454508364,0.0406554266810417,0,0.224790707230568
5.94458055496216,0.327396839857101,0.400408774614334,0.109171092510223,0,5.00692319869995,0.00324912602081895,0.0413548722863197,0,0.207381680607796
6.07503604888916,0.427414089441299,0.385946273803711,0.121605977416039,0,5.81804037094116,0.00329281925223768,0.0427834317088127,0,0.215375885367393
6.60441780090332,0.406757742166519,0.451562017202377,0.104438431560993,0,6.6222357749939,0.00313036772422493,0.0419373549520969,0,0.24207216501236
6.85665512084961,0.360857427120209,0.474342256784439,0.11685099452734,0,5.87075805664062,0.00315851997584105,0.037605706602335,0,0.232339277863503
5.67590045928955,0.29297724366188,0.359277933835983,0.113755576312542,0,7.03505849838257,0.00318556698039174,0.0446166172623634,0,0.232317224144936
4.9238338470459,0.32346573472023,0.305648982524872,0.0966102033853531,0,6.03539085388184,0.00330866221338511,0.0484456308186054,0,0.201683446764946
5.59791564941406,0.302589058876038,0.360242277383804,0.108439393341541,0,6.22568416595459,0.00326436525210738,0.0481842309236526,0,0.223317846655846
6.41519117355347,0.326923608779907,0.444201946258545,0.102432496845722,0,6.42415046691895,0.00321344961412251,0.0495351254940033,0,0.224806144833565
5.98295259475708,0.343956917524338,0.365856528282166,0.122217200696468,0,8.59907150268555,0.00341463601216674,0.0523888431489468,0,0.24801379442215
5.29641532897949,0.374645471572876,0.327165186405182,0.103187888860703,0,6.66022539138794,0.00301760784350336,0.0455072373151779,0,0.215458884835243
6.30395746231079,0.352076023817062,0.415006846189499,0.117369934916496,0,6.87503337860107,0.00318145332857966,0.0441161058843136,0,0.216597378253937
5.79767608642578,0.359722405672073,0.368425041437149,0.1136364787817,0,6.5692663192749,0.0027872072532773,0.049341157078743,0,0.213469177484512
5.56637144088745,0.330503195524216,0.346883505582809,0.108600303530693,0,7.56557416915894,0.00319853285327554,0.0476548857986927,0,0.229669392108917
5.76685285568237,0.318176835775375,0.390611410140991,0.0958391278982162,0,5.43183517456055,0.00313636870123446,0.0425656475126743,0,0.247162416577339
5.38503074645996,0.316360026597977,0.346707254648209,0.105009436607361,0,5.21247291564941,0.00293067400343716,0.0469659864902496,0,0.218966320157051
5.99771070480347,0.291645467281342,0.4057976603508,0.108501508831978,0,5.45104503631592,0.00280646956525743,0.0450208075344563,0,0.221586495637894
6.38834095001221,0.390381008386612,0.430193603038788,0.110984027385712,0,5.8249135017395,0.00308800302445889,0.0451349690556526,0,0.225691750645638
5.60987854003906,0.332697451114655,0.355685710906982,0.109680816531181,0,6.28293418884277,0.00271074450574815,0.0443118661642075,0,0.241546675562859
6.17928171157837,0.345305591821671,0.410023868083954,0.114761032164097,0,5.44883441925049,0.00272328173741698,0.0529741197824478,0,0.232862576842308
5.93851518630981,0.33923065662384,0.400371521711349,0.0938641801476479,0,6.15707778930664,0.00288094766438007,0.0484118349850178,0,0.275015950202942
5.8156943321228,0.343492329120636,0.374320268630981,0.107365652918816,0,6.24493598937988,0.00279575400054455,0.0447245799005032,0,0.274610787630081
5.70828151702881,0.359540909528732,0.367282897233963,0.106926947832108,0,5.9940333366394,0.00277966074645519,0.0451078042387962,0,0.237889140844345
6.00114965438843,0.312279731035233,0.401106745004654,0.110067754983902,0,5.51138973236084,0.00270811677910388,0.0401591956615448,0,0.239962533116341
6.06208610534668,0.368106007575989,0.397433549165726,0.112592816352844,0,5.26799821853638,0.0028409012593329,0.0460912324488163,0,0.259759366512299
6.53522443771362,0.355784058570862,0.431689023971558,0.133700177073479,0,5.05190324783325,0.00274219270795584,0.0445992462337017,0,0.204683557152748
5.78404331207275,0.400550544261932,0.388672947883606,0.0937316864728928,0,5.01868963241577,0.00253320951014757,0.0489948093891144,0,0.233753204345703
5.86726045608521,0.346486240625381,0.385494887828827,0.105026938021183,0,6.75037336349487,0.00274737202562392,0.0440650805830956,0,0.210565909743309
6.07308483123779,0.374724835157394,0.380606263875961,0.116547428071499,0,9.20513534545898,0.00275583984330297,0.0396818406879902,0,0.205665796995163
5.20462369918823,0.343297302722931,0.318316370248795,0.106107339262962,0,6.04681396484375,0.00251288083381951,0.0445121228694916,0,0.246724009513855
6.20368719100952,0.404411822557449,0.426722913980484,0.0904745161533356,0,6.06850528717041,0.00257045449689031,0.0438781417906284,0,0.256773412227631
5.78508186340332,0.373064994812012,0.380899369716644,0.0997722372412682,0,6.18846559524536,0.00250957231037319,0.0447972975671291,0,0.227427244186401
5.96014451980591,0.377663642168045,0.384316146373749,0.108086839318275,0,6.59799861907959,0.00227628997527063,0.037520669400692,0,0.271131843328476
6.17160701751709,0.312395334243774,0.405480563640594,0.113267920911312,0,6.76995468139648,0.0024252780713141,0.0471230708062649,0,0.261332511901855
5.70242309570312,0.397406548261642,0.375750660896301,0.0952876433730125,0,6.04670763015747,0.00249965209513903,0.0435342043638229,0,0.225747227668762
6.73211717605591,0.341075479984283,0.468688398599625,0.106610618531704,0,6.24373769760132,0.00264211837202311,0.0473582372069359,0,0.253506809473038
6.06471109390259,0.397588908672333,0.388260155916214,0.112530812621117,0,6.99162101745605,0.00252980529330671,0.0371846668422222,0,0.25258931517601
5.44892835617065,0.349079579114914,0.338137716054916,0.108596906065941,0,5.89949893951416,0.00252192001789808,0.0452998355031013,0,0.26831728219986
6.26918601989746,0.450250089168549,0.401734918355942,0.112899549305439,0,6.5421462059021,0.00235739746131003,0.0454471819102764,0,0.276134610176086
6.11271095275879,0.390456587076187,0.401516407728195,0.109787710011005,0,5.55858516693115,0.00263324822299182,0.0429108962416649,0,0.265601128339767
5.31953048706055,0.413159281015396,0.330790996551514,0.102335892617702,0,5.77837181091309,0.00251455255784094,0.0408618152141571,0,0.223633974790573
5.04509162902832,0.336564362049103,0.305790305137634,0.108494162559509,0,5.46227073669434,0.00261957221664488,0.0442347899079323,0,0.224906638264656
5.9519681930542,0.298866927623749,0.410341292619705,0.0936576873064041,0,6.68307495117188,0.00255835591815412,0.0412727035582066,0,0.215769156813622
5.61947059631348,0.291347414255142,0.372016966342926,0.108125686645508,0,5.09589624404907,0.00248655863106251,0.0452517382800579,0,0.202781066298485
6.00997924804688,0.300528585910797,0.371742874383926,0.144506350159645,0,5.38826608657837,0.00243430444970727,0.0500318296253681,0,0.201279565691948
5.48746681213379,0.256656169891357,0.375773310661316,0.0933659821748734,0,5.13418006896973,0.00232437369413674,0.0472024530172348,0,0.210743203759193
5.5387978553772,0.299137145280838,0.365216881036758,0.107771389186382,0,4.28249740600586,0.00244737323373556,0.0459311529994011,0,0.225533127784729
5.13308525085449,0.345579564571381,0.300985038280487,0.116384483873844,0,6.10235834121704,0.002474679145962,0.0406740866601467,0,0.246443897485733
6.10758256912231,0.450342327356339,0.413920998573303,0.0937054753303528,0,5.34226369857788,0.00248929252848029,0.0434267036616802,0,0.247477993369102
5.48604154586792,0.38681972026825,0.345184832811356,0.110424920916557,0,5.16758108139038,0.00247794250026345,0.0362706929445267,0,0.229100570082664
5.51319551467896,0.366816073656082,0.349435389041901,0.116688251495361,0,4.18221473693848,0.00245573837310076,0.0415372289717197,0,0.212498515844345
6.52655506134033,0.356014490127563,0.466388642787933,0.089214064180851,0,6.32734632492065,0.00224053673446178,0.0436482951045036,0,0.231553718447685
5.64756631851196,0.343351066112518,0.377945959568024,0.0918339788913727,0,6.53246164321899,0.00220508896745741,0.0466946512460709,0,0.208648607134819
5.42149305343628,0.299837470054626,0.34454819560051,0.103816635906696,0,7.22928667068481,0.00211605639196932,0.0441897884011269,0,0.209199920296669
5.79464101791382,0.283921808004379,0.374178975820541,0.119158230721951,0,6.00366258621216,0.00207016314379871,0.0461527928709984,0,0.206899538636208
6.00600719451904,0.30906355381012,0.390368700027466,0.113665036857128,0,6.69973373413086,0.00208001001738012,0.0456213988363743,0,0.25214758515358
5.32911729812622,0.339499890804291,0.354795068502426,0.088742159307003,0,5.46177625656128,0.00220709480345249,0.0437770448625088,0,0.214386880397797
6.34163379669189,0.371187329292297,0.425175577402115,0.108257435262203,0,6.99200391769409,0.00226456741802394,0.0454914681613445,0,0.217146411538124
5.63649082183838,0.281527429819107,0.372469484806061,0.0994383841753006,0,5.94917726516724,0.00209810794331133,0.0508745610713959,0,0.261064976453781
6.52244997024536,0.378068089485168,0.449338436126709,0.107046410441399,0,5.75694942474365,0.00236001401208341,0.0474411770701408,0,0.220344260334969
5.66143083572388,0.326774001121521,0.367121249437332,0.106869980692863,0,6.15688276290894,0.00240739155560732,0.0434785261750221,0,0.220479026436806
5.91471910476685,0.331917077302933,0.398615151643753,0.0995727628469467,0,6.29516744613647,0.00219951057806611,0.0442069917917252,0,0.218754664063454
6.01232147216797,0.327154040336609,0.405701726675034,0.10399117320776,0,6.24531602859497,0.00233476562425494,0.0451576039195061,0,0.207068562507629
6.38202381134033,0.364293932914734,0.435370683670044,0.106932856142521,0,5.79842185974121,0.00214855559170246,0.0439136028289795,0,0.237828060984612
5.65932416915894,0.318581283092499,0.372984796762466,0.101780399680138,0,6.26959896087646,0.00201659626327455,0.0426559634506702,0,0.214618608355522
5.40783548355103,0.325968146324158,0.359874725341797,0.0895587578415871,0,6.0591082572937,0.00230651278980076,0.0431122966110706,0,0.218754664063454
5.35824108123779,0.273852914571762,0.358014643192291,0.0957280322909355,0,5.69624805450439,0.00207809871062636,0.0432789996266365,0,0.196191966533661
5.41844749450684,0.380586177110672,0.33723983168602,0.104913376271725,0,6.34371995925903,0.00186497857794166,0.0419454909861088,0,0.235292226076126
6.03444862365723,0.309095859527588,0.384162336587906,0.120902977883816,0,7.40818929672241,0.00208328827284276,0.0425523892045021,0,0.239420637488365
6.3885293006897,0.356636822223663,0.448027729988098,0.098389096558094,0,5.48337411880493,0.00201406190171838,0.0442023575305939,0,0.226245000958443
4.82239818572998,0.40766516327858,0.287105232477188,0.0997852385044098,0,5.22100019454956,0.00226119230501354,0.0429278314113617,0,0.219255819916725
5.93863916397095,0.315386563539505,0.401393890380859,0.100290007889271,0,6.13874387741089,0.00246837106533349,0.0443182848393917,0,0.231765016913414
6.04357194900513,0.366971433162689,0.393264591693878,0.106944106519222,0,7.06743764877319,0.00247025419957936,0.051559254527092,0,0.24256756901741
6.00668859481812,0.355811953544617,0.392846167087555,0.0991965383291245,0,8.41326332092285,0.00234726956114173,0.0527718737721443,0,0.229455202817917
5.84993362426758,0.330504417419434,0.381203144788742,0.102651134133339,0,6.81125736236572,0.00214858772233129,0.0553979054093361,0,0.256151914596558
6.19967603683472,0.297735899686813,0.411781340837479,0.117447353899479,0,5.75589227676392,0.00199443497695029,0.0498144812881947,0,0.246139571070671
5.13302278518677,0.370148241519928,0.311712980270386,0.100704073905945,0,6.81727743148804,0.0016483849612996,0.0471175462007523,0,0.226339966058731
4.91571998596191,0.367082506418228,0.300564169883728,0.0965420231223106,0,4.99936056137085,0.00189467857126147,0.0465293377637863,0,0.256866127252579
4.74689912796021,0.40061366558075,0.290551215410233,0.0864420533180237,0,5.78677129745483,0.00222263485193253,0.0409180372953415,0,0.224525928497314
4.86331176757812,0.357825398445129,0.289181411266327,0.103218294680119,0,5.76169061660767,0.00205003237351775,0.037239957600832,0,0.236519664525986
4.75364351272583,0.304739773273468,0.291961014270782,0.0953882336616516,0,5.87658452987671,0.00238030054606497,0.0381610430777073,0,0.223150342702866
5.08957672119141,0.368114739656448,0.319198578596115,0.0965031012892723,0,5.33828020095825,0.00216016476042569,0.0427022464573383,0,0.232397496700287
6.00716209411621,0.312029778957367,0.390874028205872,0.121036000549793,0,6.02638244628906,0.00203115679323673,0.0448778010904789,0,0.206380948424339
5.99748420715332,0.32186222076416,0.403439313173294,0.108166977763176,0,5.70096254348755,0.00172970176208764,0.0449582971632481,0,0.206208363175392
5.92881631851196,0.280123770236969,0.406988441944122,0.0985801294445992,0,6.10793876647949,0.00168545485939831,0.0428069271147251,0,0.222557112574577
5.64043998718262,0.324810266494751,0.376534670591354,0.0942045673727989,0,5.93904495239258,0.00164302031043917,0.0475132986903191,0,0.239193573594093
5.74210786819458,0.385577708482742,0.360441625118256,0.121896289288998,0,5.62251567840576,0.0018390694167465,0.0438621528446674,0,0.185312733054161
6.61844110488892,0.344024300575256,0.474264144897461,0.090404637157917,0,6.7095251083374,0.0019575678743422,0.0496537648141384,0,0.216792941093445
5.38497543334961,0.329691052436829,0.340779066085815,0.102862998843193,0,6.81213760375977,0.00196395837701857,0.0475934967398643,0,0.205885589122772
5.66691970825195,0.31018853187561,0.364873021841049,0.111489981412888,0,6.50093984603882,0.00204530823975801,0.0520425364375114,0,0.188967257738113
5.55918788909912,0.296275079250336,0.380935370922089,0.0911685898900032,0,5.64480972290039,0.00173525884747505,0.0466438084840775,0,0.188799053430557
6.20056104660034,0.29360020160675,0.423161536455154,0.114817939698696,0,5.0815749168396,0.00169242976699024,0.0423223413527012,0,0.208756700158119
5.60428667068481,0.272991478443146,0.360587149858475,0.116934172809124,0,5.6776704788208,0.00155386386904866,0.0463195741176605,0,0.201942294836044
5.52475214004517,0.254092961549759,0.369245231151581,0.101012110710144,0,5.81052541732788,0.00153884966857731,0.0445640422403812,0,0.209943905472755
4.74059009552002,0.24448573589325,0.285667926073074,0.103711389005184,0,6.79678630828857,0.00169892073608935,0.0439258478581905,0,0.195733517408371
6.49765491485596,0.255361646413803,0.452742964029312,0.11358554661274,0,6.01579713821411,0.00177642982453108,0.0451605282723904,0,0.209588900208473
6.19360017776489,0.311941981315613,0.437421441078186,0.10150196403265,0,4.95803165435791,0.00194322329480201,0.0417753495275974,0,0.180888056755066
6.33262205123901,0.353461414575577,0.444152057170868,0.101017981767654,0,5.22811079025269,0.00175249157473445,0.0407708212733269,0,0.204022407531738
5.57202243804932,0.354533165693283,0.347257614135742,0.1209457218647,0,5.07633543014526,0.00174693344160914,0.0431516394019127,0,0.216038033366203
6.25323820114136,0.382424205541611,0.428375512361526,0.103142954409122,0,5.73864603042603,0.00167319329921156,0.0419830568134785,0,0.204885751008987
5.87662029266357,0.335787326097488,0.392948359251022,0.100401043891907,0,5.95684194564819,0.00142215564846992,0.0455129146575928,0,0.240516752004623
6.02455568313599,0.42545959353447,0.39200496673584,0.103375881910324,0,7.16128730773926,0.00165778398513794,0.0437272451817989,0,0.2208042293787
5.86179161071777,0.322308093309402,0.41351792216301,0.086323969066143,0,5.3099365234375,0.0016628229059279,0.0450135581195354,0,0.207216128706932
5.17384815216064,0.264375954866409,0.326545089483261,0.098958894610405,0,7.11102771759033,0.00157373165711761,0.0530936866998672,0,0.218454048037529
5.88720035552979,0.247317314147949,0.401650130748749,0.096678800880909,0,6.53318119049072,0.00149568112101406,0.0512214004993439,0,0.25235441327095
6.24653339385986,0.281433463096619,0.448511064052582,0.0810380056500435,0,6.58786058425903,0.00167219224385917,0.0463042445480824,0,0.269923746585846
5.50554418563843,0.303655833005905,0.358189791440964,0.0978607907891273,0,6.93117904663086,0.00156594929285347,0.0442894846200943,0,0.227606311440468
6.03000688552856,0.290559887886047,0.408783465623856,0.100488290190697,0,6.70559978485107,0.00144917995203286,0.0459031723439693,0,0.241869866847992
5.21886110305786,0.31647914648056,0.337083339691162,0.0897210165858269,0,6.53862905502319,0.00156355602666736,0.0400624461472034,0,0.246531203389168
5.62919616699219,0.319999396800995,0.38274809718132,0.0871693193912506,0,5.89602088928223,0.00158750149421394,0.040815643966198,0,0.253203719854355
5.58463096618652,0.374921500682831,0.354234993457794,0.106571078300476,0,6.16478872299194,0.00158538518007845,0.0401428416371346,0,0.232402682304382
5.3149995803833,0.306972354650497,0.338983923196793,0.102274723351002,0,5.54595804214478,0.00161206896882504,0.0442283637821674,0,0.250994563102722
5.76885747909546,0.285523325204849,0.381031692028046,0.106953628361225,0,6.2220344543457,0.00145947223063558,0.0395880229771137,0,0.232267588376999
5.84475898742676,0.337768733501434,0.398606389760971,0.0950618013739586,0,5.22289800643921,0.00146428612060845,0.0380720570683479,0,0.251323461532593
5.91973733901978,0.273881316184998,0.39392951130867,0.110847771167755,0,5.72237062454224,0.00154296914115548,0.0455301180481911,0,0.242898240685463
5.85113525390625,0.317583948373795,0.389293015003204,0.103328101336956,0,5.62353992462158,0.00145560887176543,0.044318214058876,0,0.258958578109741
5.71931648254395,0.319403439760208,0.374143421649933,0.1048314422369,0,5.69519519805908,0.00154829979874194,0.0421426668763161,0,0.261415779590607
5.83105564117432,0.319488883018494,0.387092024087906,0.107478499412537,0,4.87526321411133,0.00150896236300468,0.0437143743038177,0,0.255772709846497
5.58587455749512,0.366823613643646,0.366679638624191,0.0951604843139648,0,6.23248767852783,0.00148056668695062,0.0362692885100842,0,0.233881250023842
5.67370080947876,0.300592809915543,0.372231632471085,0.0983473435044289,0,7.46171188354492,0.00175648008007556,0.0424065813422203,0,0.229744404554367
5.3314380645752,0.301649212837219,0.346913665533066,0.100389376282692,0,5.16457414627075,0.00159322156105191,0.0466803461313248,0,0.227712243795395
5.72897005081177,0.330362588167191,0.380967378616333,0.101565144956112,0,5.96908617019653,0.00160376552958041,0.0451349392533302,0,0.206323355436325
5.49030017852783,0.377091020345688,0.36096128821373,0.0868835002183914,0,6.79833078384399,0.00158465886488557,0.0487633571028709,0,0.220907434821129
5.40669298171997,0.326566785573959,0.338215708732605,0.0998038947582245,0,7.87980365753174,0.0014210658846423,0.043889693915844,0,0.239395350217819
5.25787830352783,0.305290639400482,0.330917507410049,0.0962417721748352,0,7.05429077148438,0.00132747599855065,0.0534135140478611,0,0.247496783733368
5.66083097457886,0.334512144327164,0.371430814266205,0.0923873409628868,0,7.1014838218689,0.00146933586802334,0.0515584386885166,0,0.254990130662918
5.94742250442505,0.346982926130295,0.401622861623764,0.0897373482584953,0,7.56462574005127,0.00133064447436482,0.0460810959339142,0,0.238818675279617
5.11792182922363,0.275138467550278,0.339179843664169,0.0891625210642815,0,5.55871725082397,0.00154167623259127,0.0473433956503868,0,0.209637641906738
5.45007944107056,0.290661573410034,0.345189660787582,0.110238410532475,0,6.30119132995605,0.0016610249876976,0.039154589176178,0,0.230514839291573
6.08074426651001,0.274192690849304,0.408120691776276,0.109656020998955,0,6.85116720199585,0.00191737164277583,0.0400412566959858,0,0.225205630064011
5.71721076965332,0.284100919961929,0.396866798400879,0.0877712517976761,0,6.1686315536499,0.00186821457464248,0.0365922823548317,0,0.222474873065948
5.92221164703369,0.362175405025482,0.408656984567642,0.0936195105314255,0,4.69715356826782,0.00184938276652247,0.0383686274290085,0,0.243936479091644
5.4351658821106,0.339801490306854,0.358607411384583,0.0889136344194412,0,6.50070428848267,0.00163398508448154,0.0365143641829491,0,0.23953041434288
5.21392345428467,0.328596562147141,0.342103689908981,0.0920960083603859,0,5.46141242980957,0.0015073922695592,0.0386428534984589,0,0.211540669202805
6.31921052932739,0.365150541067123,0.43630114197731,0.100665621459484,0,5.66677188873291,0.00130136986263096,0.0410181730985641,0,0.238875985145569
5.7561936378479,0.263284802436829,0.381341308355331,0.103813551366329,0,6.05235147476196,0.00122927885968238,0.0412826910614967,0,0.276204079389572
5.92064952850342,0.284552186727524,0.411805987358093,0.0926123559474945,0,6.01379871368408,0.00134987395722419,0.0397934727370739,0,0.230858743190765
4.77630996704102,0.237317994236946,0.296063721179962,0.0954897701740265,0,6.59663391113281,0.0015611844137311,0.0461831465363503,0,0.223569929599762
5.34257888793945,0.290833860635757,0.347443550825119,0.101427227258682,0,5.47814798355103,0.001640246482566,0.0448777861893177,0,0.220993012189865
5.93561792373657,0.295100599527359,0.402127146720886,0.103690944612026,0,6.24442338943481,0.00170097651425749,0.043029710650444,0,0.204719588160515
5.14388179779053,0.3244788646698,0.339809149503708,0.0868187546730042,0,5.71338176727295,0.0015014975797385,0.0414319261908531,0,0.204556673765182
5.72047710418701,0.298410296440125,0.377310752868652,0.101921185851097,0,6.3834547996521,0.00123530440032482,0.0443181023001671,0,0.243479520082474
5.99463224411011,0.404460817575455,0.403725415468216,0.100400865077972,0,5.64484262466431,0.001276342314668,0.0373327843844891,0,0.210028752684593
6.4735631942749,0.323817789554596,0.438029050827026,0.121198445558548,0,5.22260236740112,0.00117385818157345,0.0423018634319305,0,0.23230017721653
5.70592403411865,0.397556841373444,0.353153377771378,0.119166657328606,0,5.79989385604858,0.00130711076781154,0.0412978082895279,0,0.232571691274643
5.51273345947266,0.303068816661835,0.367415130138397,0.0967065542936325,0,5.83295631408691,0.00126621325034648,0.041668489575386,0,0.213663682341576
5.33804750442505,0.342634499073029,0.334123522043228,0.107232518494129,0,5.30570697784424,0.00129784736782312,0.0449155867099762,0,0.248544663190842
6.14588499069214,0.37788513302803,0.409251689910889,0.106701992452145,0,6.29729413986206,0.00124433264136314,0.0425175093114376,0,0.229199349880219
6.35198593139648,0.338781595230103,0.433165371417999,0.10552391409874,0,6.63515281677246,0.00123922748025507,0.0419728420674801,0,0.230975657701492
5.65173196792603,0.330315351486206,0.371735751628876,0.10356231033802,0,5.34113216400146,0.00131796032655984,0.0425244867801666,0,0.236933574080467
6.11131048202515,0.297386676073074,0.443813234567642,0.0869344100356102,0,4.73996496200562,0.00109552324283868,0.0466264672577381,0,0.198961600661278
5.39339971542358,0.304816871881485,0.349134922027588,0.0963436439633369,0,6.39939403533936,0.00122186203952879,0.0445311069488525,0,0.24641977250576
5.54761362075806,0.286469548940659,0.368075430393219,0.0960677862167358,0,6.49287414550781,0.00113629025872797,0.0440445430576801,0,0.228434070944786
4.82154417037964,0.263487160205841,0.314876079559326,0.0898206010460854,0,4.98346281051636,0.00118238280992955,0.0471608974039555,0,0.190584570169449
5.76148700714111,0.283913314342499,0.383349657058716,0.105131804943085,0,6.53530740737915,0.00106764945667237,0.0469440892338753,0,0.195043385028839
5.17852687835693,0.32682666182518,0.341525316238403,0.0873656049370766,0,6.11686944961548,0.00112909043673426,0.0436350479722023,0,0.190930187702179
5.91442155838013,0.320973128080368,0.386680334806442,0.114105507731438,0,6.1373438835144,0.00123910722322762,0.0423934496939182,0,0.21451336145401
6.08043432235718,0.343310624361038,0.420708864927292,0.0946927815675735,0,5.35056018829346,0.00108115712646395,0.0449016653001308,0,0.247686177492142
6.10858249664307,0.291885942220688,0.417183697223663,0.100374676287174,0,7.05979204177856,0.00102619919925928,0.0398188568651676,0,0.227882340550423
5.08137941360474,0.305023819208145,0.321047365665436,0.0911731198430061,0,7.02151346206665,0.00111158040817827,0.0443184524774551,0,0.236041411757469
5.42357587814331,0.301082015037537,0.367602676153183,0.0771698206663132,0,7.79707145690918,0.00113506091292948,0.0421491526067257,0,0.221124351024628
5.6125373840332,0.302002251148224,0.372300267219543,0.0987023562192917,0,6.91610479354858,0.00121422333177179,0.0366119705140591,0,0.199178755283356
5.46092367172241,0.247482493519783,0.369518429040909,0.097722090780735,0,4.90413045883179,0.00111015839502215,0.042057067155838,0,0.232189372181892
5.70425128936768,0.33337864279747,0.372943222522736,0.101948916912079,0,6.44497632980347,0.0012950524687767,0.03691640868783,0,0.243680015206337
5.37059593200684,0.317518264055252,0.349583655595779,0.095653772354126,0,6.14705610275269,0.00129461986944079,0.0380392223596573,0,0.235643699765205
6.21745347976685,0.291467547416687,0.429563045501709,0.0991831198334694,0,7.13933420181274,0.0011566907633096,0.035302821546793,0,0.228025168180466
5.28439378738403,0.281448543071747,0.34795081615448,0.0925742387771606,0,6.07864952087402,0.0010911748977378,0.039126630872488,0,0.234526470303535
5.22091579437256,0.286608844995499,0.32837051153183,0.104010604321957,0,6.4404444694519,0.00108406133949757,0.0391005463898182,0,0.229280173778534
5.73983192443848,0.278286725282669,0.374935775995255,0.109861105680466,0,6.47918462753296,0.0010829723905772,0.0436721593141556,0,0.223566606640816
5.85317802429199,0.323676645755768,0.38225269317627,0.106350034475327,0,6.97556018829346,0.00108531070873141,0.0399156175553799,0,0.234279707074165
5.27102756500244,0.312750697135925,0.322655647993088,0.109571300446987,0,6.77916526794434,0.00108934356831014,0.039360299706459,0,0.23746395111084
5.73047304153442,0.326468884944916,0.386287271976471,0.0992870777845383,0,5.53492069244385,0.00105459277983755,0.0415396131575108,0,0.20867782831192
5.93005418777466,0.300859570503235,0.400907158851624,0.100636728107929,0,6.4531569480896,0.00111176143400371,0.0340562425553799,0,0.239457786083221
5.61600303649902,0.278736293315887,0.363168239593506,0.114383205771446,0,5.40675735473633,0.0010296730324626,0.0436277352273464,0,0.2254578769207
5.09155321121216,0.274454295635223,0.338540136814117,0.0897289589047432,0,5.31614828109741,0.00113850855268538,0.0430281311273575,0,0.203489005565643
6.31124019622803,0.27035728096962,0.451786518096924,0.0907444283366203,0,6.69148397445679,0.00120838638395071,0.0446550734341145,0,0.213412284851074
5.81824731826782,0.29220262169838,0.392829984426498,0.0958476960659027,0,7.34535598754883,0.00123329157941043,0.0426144823431969,0,0.207461789250374
5.22353363037109,0.29912132024765,0.345365256071091,0.0893584117293358,0,5.65856027603149,0.00119297450874001,0.0448251850903034,0,0.226413324475288
5.42066955566406,0.291250914335251,0.365375399589539,0.0840066224336624,0,6.82082653045654,0.00125357508659363,0.044457696378231,0,0.227243602275848
5.69495010375977,0.344024002552032,0.373998373746872,0.0973311141133308,0,6.71817398071289,0.0011589681962505,0.046920970082283,0,0.230761602520943
5.63566446304321,0.273189067840576,0.400810122489929,0.0791203379631042,0,5.37563610076904,0.00114136491902173,0.0499311834573746,0,0.218921065330505
5.43911695480347,0.385707825422287,0.349583387374878,0.0941625386476517,0,6.37682628631592,0.00102164864074439,0.039584968239069,0,0.23722043633461
5.53527116775513,0.334726929664612,0.351769924163818,0.104896426200867,0,6.19983863830566,0.000957377254962921,0.0464662462472916,0,0.253711402416229
5.48427820205688,0.311601758003235,0.358990639448166,0.101182267069817,0,5.6615138053894,0.000999400741420686,0.0397272929549217,0,0.227780669927597
5.75019788742065,0.318068742752075,0.384204775094986,0.092717282474041,0,7.14552593231201,0.000970334047451615,0.0393702685832977,0,0.246092453598976
5.04804086685181,0.316887259483337,0.317002415657043,0.0940077751874924,0,6.10037469863892,0.000885483343154192,0.0401870906352997,0,0.255309790372849
5.73142433166504,0.284019112586975,0.383305251598358,0.0963694602251053,0,6.50660943984985,0.000901951221749187,0.0426394566893578,0,0.260917633771896
5.81589269638062,0.298334419727325,0.413661897182465,0.0796965658664703,0,5.73763465881348,0.000844500900711864,0.0393739230930805,0,0.237607941031456
5.57588529586792,0.290113627910614,0.369572460651398,0.101785644888878,0,5.21209764480591,0.000948426430113614,0.0426502749323845,0,0.247136697173119
5.65754556655884,0.336547672748566,0.382879734039307,0.0895030573010445,0,6.03666734695435,0.000874478078912944,0.0435891859233379,0,0.229515448212624
5.80321931838989,0.307811856269836,0.393563598394394,0.0948872938752174,0,6.47490215301514,0.000904014799743891,0.0431202873587608,0,0.22202068567276
5.07570457458496,0.256499737501144,0.310179591178894,0.10501192510128,0,7.63952398300171,0.000919275043997914,0.0425544753670692,0,0.221022367477417
5.70341825485229,0.28846150636673,0.38463494181633,0.101076811552048,0,5.1320424079895,0.00103492627386004,0.0432663857936859,0,0.235820010304451
5.28566980361938,0.259644031524658,0.351274609565735,0.0883323326706886,0,6.39782428741455,0.00101623998489231,0.0426302291452885,0,0.245611056685448
5.67995166778564,0.259567409753799,0.404240161180496,0.0804991647601128,0,5.97344255447388,0.00106689496897161,0.0429232306778431,0,0.209400340914726
5.51326608657837,0.297391176223755,0.364190638065338,0.0982198789715767,0,6.21767568588257,0.00106374698225409,0.0409148298203945,0,0.218981608748436
5.27196598052979,0.292821526527405,0.33572843670845,0.104831673204899,0,6.53098630905151,0.00113118719309568,0.0358180366456509,0,0.192701399326324
5.26350498199463,0.274887800216675,0.345328599214554,0.0907389968633652,0,6.99081373214722,0.00109034415800124,0.0366138927638531,0,0.222934916615486
5.68037843704224,0.267433434724808,0.388206630945206,0.0966067835688591,0,5.49510478973389,0.00102531362790614,0.0394542887806892,0,0.230361938476562
5.33082723617554,0.313218235969543,0.346681982278824,0.0922625362873077,0,6.81641578674316,0.00109489285387099,0.0395742058753967,0,0.227434188127518
6.22486972808838,0.291559427976608,0.438030600547791,0.0965445265173912,0,6.00437021255493,0.00105498684570193,0.0372739806771278,0,0.230901852250099
5.51031017303467,0.296991497278214,0.365437060594559,0.0926825031638145,0,6.81054067611694,0.000996611081063747,0.0361440666019917,0,0.236881703138351
6.02116394042969,0.367084234952927,0.398819625377655,0.101692482829094,0,6.39416980743408,0.000937067496124655,0.0368213057518005,0,0.273549556732178
5.22927713394165,0.378935098648071,0.328742027282715,0.0902478843927383,0,6.3184700012207,0.000945127627346665,0.0395537763834,0,0.28471627831459
5.15314769744873,0.274236649274826,0.328684717416763,0.0980180948972702,0,6.30861854553223,0.00114514550659806,0.0410329662263393,0,0.234329536557198
5.45728397369385,0.318916916847229,0.346049398183823,0.107110761106014,0,5.96810674667358,0.00119413901120424,0.0430526845157146,0,0.243184790015221
5.45554256439209,0.27838858962059,0.348039895296097,0.105760335922241,0,6.77961921691895,0.0012238611234352,0.0428950116038322,0,0.235216230154037
5.66929721832275,0.330075442790985,0.366952955722809,0.101214565336704,0,6.71073961257935,0.00102963461540639,0.0403579585254192,0,0.260957956314087
5.38154792785645,0.30485412478447,0.341850370168686,0.096897728741169,0,7.21354913711548,0.000931565708015114,0.0366269871592522,0,0.273128837347031
6.20550775527954,0.293868809938431,0.443037897348404,0.0885632410645485,0,6.19273805618286,0.000840602500829846,0.0377465672791004,0,0.228950470685959
5.83091259002686,0.287690997123718,0.392204582691193,0.106026403605938,0,6.03582763671875,0.000863233639393002,0.0369226671755314,0,0.203304573893547
5.44236707687378,0.28681418299675,0.354092925786972,0.107908666133881,0,5.50044012069702,0.000915470882318914,0.0395367853343487,0,0.200751811265945
4.9075756072998,0.335837602615356,0.308965116739273,0.0924072489142418,0,5.46638774871826,0.000962333055213094,0.0364270359277725,0,0.229573175311089
5.43131017684937,0.270035803318024,0.349802881479263,0.10477177798748,0,6.89207077026367,0.000930558191612363,0.0382563360035419,0,0.213074013590813
5.36831712722778,0.27026242017746,0.360999286174774,0.0909424722194672,0,5.61837911605835,0.000775412423536181,0.0440416969358921,0,0.23126782476902
4.7989559173584,0.268223404884338,0.297149181365967,0.097461611032486,0,5.94630432128906,0.000857694947626442,0.0430103987455368,0,0.222365334630013
5.98934698104858,0.324551820755005,0.409769028425217,0.0902597159147263,0,7.44010734558105,0.000844211725052446,0.0420147813856602,0,0.229057833552361
5.56449365615845,0.292733192443848,0.36125260591507,0.0962066873908043,0,7.65514421463013,0.000863003719132394,0.0473677963018417,0,0.242927640676498
5.36944961547852,0.281831860542297,0.355305582284927,0.0870183706283569,0,7.03414297103882,0.000792886829003692,0.0489424765110016,0,0.238860920071602
4.90196180343628,0.304521471261978,0.301018446683884,0.0977250412106514,0,6.40063095092773,0.000873893965035677,0.0435913167893887,0,0.2241500467062
5.50111198425293,0.371693432331085,0.355691611766815,0.0906526744365692,0,6.57155513763428,0.000774894724600017,0.0396140590310097,0,0.277588754892349
5.17982006072998,0.32142761349678,0.341094017028809,0.0863479152321815,0,5.27689266204834,0.000861506094224751,0.0400861166417599,0,0.259568929672241
6.38264513015747,0.341181248426437,0.421810746192932,0.120096102356911,0,5.98517036437988,0.000846338400151581,0.038780327886343,0,0.264543503522873
5.78968477249146,0.281854838132858,0.3838751912117,0.106201998889446,0,5.79298210144043,0.000888326088897884,0.0368474014103413,0,0.261694431304932
5.35710620880127,0.336942166090012,0.349445819854736,0.0954483151435852,0,6.13805437088013,0.000776757544372231,0.0324870198965073,0,0.215201526880264
5.75152492523193,0.273992359638214,0.37658554315567,0.106063388288021,0,7.03175783157349,0.000861236883793026,0.0383969768881798,0,0.241429373621941
5.69320487976074,0.259542167186737,0.383525401353836,0.0960521921515465,0,6.78860425949097,0.000840007211081684,0.0410031452775002,0,0.236531496047974
5.40810775756836,0.280847430229187,0.346643090248108,0.105947703123093,0,5.93882179260254,0.000827907351776958,0.0369264595210552,0,0.248607590794563
5.41119384765625,0.328130692243576,0.35147750377655,0.101285055279732,0,5.22698402404785,0.000827585579827428,0.0345193445682526,0,0.241895899176598
5.09781646728516,0.25616928935051,0.314550936222076,0.108201928436756,0,6.43079900741577,0.000816185493022203,0.0389121659100056,0,0.233802303671837
5.02862310409546,0.323147743940353,0.305648386478424,0.0999973565340042,0,7.30199241638184,0.000790373247582465,0.037896815687418,0,0.226677820086479
5.73954200744629,0.369633674621582,0.382772356271744,0.0936489477753639,0,6.49791097640991,0.000833911763038486,0.0408225432038307,0,0.219149008393288
4.90794229507446,0.236024901270866,0.316055327653885,0.0876718163490295,0,6.42028331756592,0.000911001989152282,0.0431312955915928,0,0.248479261994362
5.68387985229492,0.241880714893341,0.390053063631058,0.0924312025308609,0,6.78311538696289,0.001025062170811,0.0448999777436256,0,0.21013830602169
5.46562957763672,0.27144181728363,0.370749086141586,0.0840746313333511,0,6.44741535186768,0.000993284163996577,0.0479038581252098,0,0.251227140426636
5.78370046615601,0.30740886926651,0.402184993028641,0.0832446366548538,0,7.12875366210938,0.000912913994397968,0.0459369868040085,0,0.196196034550667
4.91527318954468,0.276806950569153,0.303396314382553,0.0998692288994789,0,5.92638683319092,0.000866183545440435,0.0532368533313274,0,0.229202628135681
5.38225507736206,0.347739040851593,0.336858659982681,0.100206457078457,0,7.28390502929688,0.000739470880944282,0.0427216850221157,0,0.235217690467834
6.27038621902466,0.305794328451157,0.439818292856216,0.100871175527573,0,5.93847465515137,0.000892600743100047,0.0473302379250526,0,0.189331889152527
5.46278047561646,0.334690749645233,0.342017740011215,0.107517056167126,0,7.27301168441772,0.00100092950742692,0.0418621674180031,0,0.205796524882317
5.8405613899231,0.282464444637299,0.392188459634781,0.105682656168938,0,5.91748428344727,0.00111890537664294,0.0430116206407547,0,0.218434989452362
5.38872194290161,0.328152149915695,0.367493152618408,0.0840410143136978,0,5.30428409576416,0.00120593886822462,0.0388473905622959,0,0.221139252185822
5.08622884750366,0.319261014461517,0.318623840808868,0.0967025235295296,0,7.13350629806519,0.00107975432183594,0.036481823772192,0,0.201766282320023
5.50666856765747,0.292602360248566,0.363418817520142,0.096409484744072,0,6.547523021698,0.00104197324253619,0.0385619252920151,0,0.230043023824692
5.66617202758789,0.282306134700775,0.380149751901627,0.102051466703415,0,5.59363412857056,0.000893223157618195,0.0421626456081867,0,0.218480974435806
5.14746618270874,0.243029549717903,0.344142138957977,0.0936480239033699,0,5.6929817199707,0.000883814122062176,0.038237139582634,0,0.184088364243507
5.40521955490112,0.286535173654556,0.355097115039825,0.101318635046482,0,5.2576584815979,0.000829989847261459,0.0396538004279137,0,0.231748789548874
5.90194606781006,0.264347046613693,0.421997964382172,0.0912595987319946,0,4.93808126449585,0.000842748442664742,0.0357122272253036,0,0.20412939786911
5.34556007385254,0.238875597715378,0.350308299064636,0.102050974965096,0,5.84392023086548,0.000794582127127796,0.0369102880358696,0,0.235132962465286
5.00062131881714,0.251822292804718,0.323332935571671,0.0973549038171768,0,5.04241228103638,0.00101187627296895,0.0407402142882347,0,0.22818386554718
5.36518573760986,0.357977300882339,0.342655837535858,0.100640028715134,0,5.34712648391724,0.00120010518003255,0.0409385524690151,0,0.244885101914406
5.49433088302612,0.453033268451691,0.357111811637878,0.0890142917633057,0,6.25954532623291,0.00124427722766995,0.0424430556595325,0,0.202772676944733
5.53963565826416,0.362203687429428,0.379456073045731,0.0787930265069008,0,6.1882438659668,0.00130226230248809,0.0451894998550415,0,0.217093467712402
5.87027931213379,0.30831104516983,0.397147655487061,0.0962589010596275,0,6.70298337936401,0.00156025844626129,0.0456954464316368,0,0.223430678248405
4.70689010620117,0.285611212253571,0.29943636059761,0.0842458754777908,0,6.27264261245728,0.00161018071230501,0.0505145080387592,0,0.194247588515282
5.76309108734131,0.279252171516418,0.395362019538879,0.0937040597200394,0,6.55076360702515,0.00129316793754697,0.0499969758093357,0,0.189997732639313
5.49184608459473,0.284758627414703,0.363444626331329,0.0928551554679871,0,6.81324529647827,0.00100165430922061,0.0573694854974747,0,0.216872245073318
5.26154947280884,0.230972975492477,0.352698564529419,0.087620735168457,0,7.10524702072144,0.00080379523569718,0.0433929301798344,0,0.206630110740662
5.29560995101929,0.255596876144409,0.355916112661362,0.0872196927666664,0,6.08502674102783,0.000744547520298511,0.0412887521088123,0,0.242098286747932
4.95717191696167,0.32002329826355,0.315244376659393,0.0911246910691261,0,6.38821029663086,0.0010186480358243,0.0377142205834389,0,0.19696681201458
6.02586507797241,0.286075979471207,0.411681294441223,0.100828260183334,0,6.75621509552002,0.00130369001999497,0.0412410385906696,0,0.21436907351017
6.11598062515259,0.261240631341934,0.424737632274628,0.0998669341206551,0,6.70368051528931,0.00167436152696609,0.0385003760457039,0,0.214922323822975
6.21430206298828,0.251333147287369,0.436299502849579,0.102317690849304,0,6.47210073471069,0.00170432194136083,0.0367674753069878,0,0.19718824326992
5.42327451705933,0.267742574214935,0.35639014840126,0.0997720435261726,0,6.99520063400269,0.00156222016084939,0.0345502533018589,0,0.191543728113174
5.1132173538208,0.291474103927612,0.324776768684387,0.0946165323257446,0,6.9595685005188,0.00123030564282089,0.0399581156671047,0,0.219279929995537
5.44306516647339,0.28492671251297,0.349158763885498,0.110643617808819,0,5.82863569259644,0.00105002615600824,0.036452904343605,0,0.213478580117226
5.52465772628784,0.289329886436462,0.353400439023972,0.106895171105862,0,6.93648624420166,0.000761492177844048,0.0347318276762962,0,0.233069404959679
5.96188163757324,0.308921724557877,0.413205027580261,0.0926685780286789,0,6.18158197402954,0.000723796023521572,0.0372072979807854,0,0.228971496224403
6.41767835617065,0.236563757061958,0.459980636835098,0.0978094711899757,0,6.36181497573853,0.000855513790156692,0.0392924696207047,0,0.22575643658638
5.68322086334229,0.273597896099091,0.378869533538818,0.100510582327843,0,6.4327449798584,0.00115964072756469,0.0394450575113297,0,0.234437450766563
5.20293235778809,0.224779486656189,0.355073004961014,0.0879184976220131,0,5.5942497253418,0.00133696827106178,0.0437915623188019,0,0.202169507741928
5.41686630249023,0.263882726430893,0.35439795255661,0.10115759819746,0,6.2229642868042,0.00143175513949245,0.0437202267348766,0,0.219983920454979
5.43053865432739,0.234191715717316,0.355985015630722,0.0984892323613167,0,7.39854860305786,0.00155916484072804,0.0441791042685509,0,0.214629054069519
6.09914016723633,0.261373668909073,0.426238924264908,0.0951148718595505,0,6.26138162612915,0.00133517233189195,0.0443082377314568,0,0.244029745459557
5.44034290313721,0.261472374200821,0.365898191928864,0.0941777229309082,0,5.7882661819458,0.00103130051866174,0.0438869372010231,0,0.222352549433708
5.53583860397339,0.274001061916351,0.363783150911331,0.10149322450161,0,6.38947629928589,0.000792201142758131,0.0414853394031525,0,0.226975619792938
4.88134527206421,0.274482280015945,0.301575481891632,0.0988254398107529,0,6.60429334640503,0.000705804151948541,0.0379266850650311,0,0.215396597981453
4.54528093338013,0.22604738175869,0.268299102783203,0.0995064005255699,0,6.26255989074707,0.000729023420717567,0.0389251932501793,0,0.269298672676086
5.21540689468384,0.223876267671585,0.333861589431763,0.105986349284649,0,6.33684587478638,0.000834944832604378,0.0415802337229252,0,0.213421314954758
5.9154200553894,0.285145312547684,0.410374253988266,0.0973474085330963,0,5.71743631362915,0.000970895984210074,0.0403047055006027,0,0.20624341070652
5.62810564041138,0.271431058645248,0.382331192493439,0.0940170288085938,0,5.96844959259033,0.00117564643733203,0.0335319563746452,0,0.243884548544884
5.06381177902222,0.249901011586189,0.335981905460358,0.0867582261562347,0,5.92807817459106,0.00114280160050839,0.0381090268492699,0,0.232371047139168
5.35048007965088,0.268201112747192,0.359726428985596,0.0910854190587997,0,5.76423835754395,0.00107597245369107,0.0383324921131134,0,0.22791214287281
5.40834903717041,0.293972820043564,0.354291439056396,0.096494160592556,0,6.43056774139404,0.000834211183246225,0.0404038615524769,0,0.223968356847763
5.14869117736816,0.305301070213318,0.33365124464035,0.0936517864465714,0,5.04038763046265,0.000700434204190969,0.0385150015354156,0,0.260217487812042
6.04252290725708,0.30833500623703,0.412611067295074,0.102356068789959,0,6.06943988800049,0.000747429498005658,0.0398594625294209,0,0.220882102847099
5.29282426834106,0.222656518220901,0.347123742103577,0.0999667122960091,0,6.23427486419678,0.000856507744174451,0.036140464246273,0,0.232910752296448
5.67050075531006,0.220972746610641,0.399577528238297,0.0895933732390404,0,5.64154672622681,0.000973295595031232,0.0432384982705116,0,0.210397347807884
5.79249095916748,0.23493854701519,0.395704329013824,0.0975249335169792,0,6.8257737159729,0.00100155675318092,0.0425037853419781,0,0.219715192914009
5.41382932662964,0.22730678319931,0.368294388055801,0.0915763974189758,0,6.06910133361816,0.000923958665225655,0.0382795706391335,0,0.22647862136364
5.47949743270874,0.240593686699867,0.363473266363144,0.103236444294453,0,6.12086486816406,0.000784362899139524,0.0398706756532192,0,0.205565646290779
5.41879940032959,0.254790067672729,0.369244396686554,0.0810432210564613,0,7.40821695327759,0.000738025468308479,0.0434124991297722,0,0.225234389305115
5.33597230911255,0.248205363750458,0.353391021490097,0.0977178663015366,0,5.96245908737183,0.000661065801978111,0.0373412221670151,0,0.222212791442871
5.68538522720337,0.234214261174202,0.394693434238434,0.0915533825755119,0,5.7900013923645,0.000714391528163105,0.0356398783624172,0,0.245385497808456
5.40799617767334,0.240566030144691,0.365756511688232,0.0925128012895584,0,6.13959360122681,0.00076730118598789,0.03604681417346,0,0.223303392529488
5.54302263259888,0.226394236087799,0.369325935840607,0.0989196076989174,0,6.90835094451904,0.000641816877759993,0.0373801253736019,0,0.232364222407341
5.45823049545288,0.232140347361565,0.36388087272644,0.0985059812664986,0,6.05437421798706,0.000637677614577115,0.0399721935391426,0,0.239225208759308
4.82635879516602,0.260127127170563,0.307733029127121,0.087228000164032,0,6.71845579147339,0.000657810247503221,0.0422939099371433,0,0.216928854584694
5.69188117980957,0.237476125359535,0.392826944589615,0.085632398724556,0,7.77217531204224,0.000649064197205007,0.0444527417421341,0,0.2141984552145
5.46669340133667,0.257833570241928,0.346425741910934,0.103978417813778,0,7.15937376022339,0.000697658222634345,0.0424811840057373,0,0.282778918743134
5.6075234413147,0.324126005172729,0.367298036813736,0.0974030345678329,0,6.99344253540039,0.000670370762236416,0.0433684401214123,0,0.221326813101768
5.83963012695312,0.295893281698227,0.399570524692535,0.0944923311471939,0,6.11807727813721,0.000601039384491742,0.0438286885619164,0,0.231160968542099
5.23100900650024,0.228110194206238,0.330899327993393,0.104429662227631,0,6.83003902435303,0.000652657588943839,0.0373738259077072,0,0.251719921827316
5.42085742950439,0.244186103343964,0.350287467241287,0.107030756771564,0,6.30121278762817,0.000690529705025256,0.0361635573208332,0,0.233837813138962
5.35316467285156,0.243175804615021,0.347647070884705,0.0946452394127846,0,7.84167098999023,0.000665116822347045,0.0432116165757179,0,0.229832857847214
5.41297340393066,0.319098174571991,0.349387347698212,0.104200288653374,0,5.74626731872559,0.000686040613800287,0.0356867164373398,0,0.216812133789062
5.56782722473145,0.275173932313919,0.388527393341064,0.0771029815077782,0,6.4782133102417,0.000638569239526987,0.0403675995767117,0,0.251568019390106
5.00934982299805,0.28538790345192,0.321085840463638,0.096060611307621,0,5.38665723800659,0.00068161531817168,0.0361620560288429,0,0.228580385446548
5.77817964553833,0.263460606336594,0.402649521827698,0.0861971601843834,0,6.45190715789795,0.000623757194261998,0.0399212278425694,0,0.24346350133419
5.51374053955078,0.283619523048401,0.372850894927979,0.0898201689124107,0,6.1624698638916,0.000592724594753236,0.0396632514894009,0,0.235495641827583
5.29853248596191,0.264920622110367,0.33931303024292,0.100368857383728,0,7.02222919464111,0.00069593929219991,0.0390236638486385,0,0.226798161864281
5.30403757095337,0.286292493343353,0.351928174495697,0.0924470871686935,0,6.35674476623535,0.000616781297139823,0.0395507365465164,0,0.19652034342289
4.45841884613037,0.290357887744904,0.26406055688858,0.0987757965922356,0,5.52260112762451,0.000645625463221222,0.0418266169726849,0,0.200504705309868
5.84051275253296,0.244472846388817,0.409736812114716,0.0900273323059082,0,6.33517599105835,0.000599814055021852,0.039666760712862,0,0.221839264035225
5.68447256088257,0.328771829605103,0.382632672786713,0.0929956212639809,0,6.84703731536865,0.000660919467918575,0.0355694182217121,0,0.20338074862957
5.84706974029541,0.299734950065613,0.396258473396301,0.0993634015321732,0,5.83262348175049,0.000607154914177954,0.0412077903747559,0,0.237369298934937
5.21872806549072,0.277913391590118,0.340696603059769,0.0932544395327568,0,6.35438394546509,0.000617681944277138,0.0389501377940178,0,0.224851340055466
5.60087251663208,0.25367745757103,0.384690254926682,0.0898001715540886,0,6.27409553527832,0.000611958443187177,0.0422471091151237,0,0.224908977746964
4.89623737335205,0.256117254495621,0.300813317298889,0.105118192732334,0,5.8437385559082,0.000706744496710598,0.0434231944382191,0,0.223129943013191
5.15306329727173,0.268661320209503,0.339471250772476,0.0919078066945076,0,5.58725023269653,0.000676056544762105,0.0456947907805443,0,0.222368493676186
5.36096096038818,0.260077387094498,0.350238770246506,0.100026696920395,0,5.83006286621094,0.000614131335169077,0.0479189194738865,0,0.234540000557899
5.4095287322998,0.235633552074432,0.346437841653824,0.114279374480247,0,5.3451361656189,0.000608983624260873,0.044431135058403,0,0.232514828443527
5.72386932373047,0.270467609167099,0.391865074634552,0.0926453992724419,0,6.3732590675354,0.000576068181544542,0.0432085692882538,0,0.224533244967461
5.79273462295532,0.316429257392883,0.393586188554764,0.091199591755867,0,6.28971719741821,0.00060840038349852,0.0373323187232018,0,0.257658869028091
5.72256708145142,0.282949954271317,0.376009315252304,0.103237867355347,0,6.92356061935425,0.000584927969612181,0.0450194701552391,0,0.233145534992218
5.14812707901001,0.339554131031036,0.322816282510757,0.102611750364304,0,4.87903213500977,0.000611627008765936,0.0396034978330135,0,0.250629782676697
5.56063175201416,0.251050442457199,0.389003336429596,0.0824759528040886,0,5.84002304077148,0.000695265480317175,0.0376193448901176,0,0.246010631322861
5.11076068878174,0.279093354940414,0.334858238697052,0.0898695439100266,0,5.79171180725098,0.000595113029703498,0.0411324538290501,0,0.232807829976082
5.5935378074646,0.243060022592545,0.385292291641235,0.0894603952765465,0,6.05582761764526,0.000588568276725709,0.0422340072691441,0,0.236513793468475
5.50517272949219,0.312130957841873,0.372637063264847,0.0853439122438431,0,6.89095878601074,0.000588316645007581,0.0395653694868088,0,0.209041595458984
5.13903093338013,0.243823543190956,0.348908543586731,0.0824097171425819,0,5.73612785339355,0.000539392465725541,0.0439584776759148,0,0.229010924696922
5.65615749359131,0.237008526921272,0.38600167632103,0.0956292077898979,0,6.52178907394409,0.000587314600124955,0.0450911074876785,0,0.208820551633835
5.47658109664917,0.289149135351181,0.375517964363098,0.0892219766974449,0,4.63307809829712,0.000549261691048741,0.0466722212731838,0,0.238096445798874
5.68066835403442,0.229298502206802,0.386040776968002,0.0936702266335487,0,7.4010329246521,0.00055678264470771,0.046829592436552,0,0.21368496119976
5.70810317993164,0.259313136339188,0.394736617803574,0.0822414457798004,0,7.86575269699097,0.000563367852009833,0.0470053106546402,0,0.214931726455688
5.17484903335571,0.297636955976486,0.347222626209259,0.078672282397747,0,6.3914098739624,0.000580999767407775,0.0426061041653156,0,0.234493300318718
6.1027660369873,0.304205328226089,0.428161531686783,0.0878201201558113,0,6.55523824691772,0.000552713172510266,0.0441082715988159,0,0.244543015956879
5.78548765182495,0.277290970087051,0.396663755178452,0.0860750675201416,0,7.18968629837036,0.000553668825887144,0.0383661426603794,0,0.263498485088348
5.69307136535645,0.254027754068375,0.386835753917694,0.0969005897641182,0,5.61951971054077,0.000614601594861597,0.0406333059072495,0,0.259447336196899
5.85336923599243,0.25418746471405,0.399876534938812,0.100508287549019,0,5.88884258270264,0.000523877970408648,0.040027417242527,0,0.240588456392288
5.33569192886353,0.247838750481606,0.353403568267822,0.0919516384601593,0,7.07796573638916,0.000550924683921039,0.0380127131938934,0,0.223107784986496
4.66953039169312,0.249684736132622,0.302853018045425,0.0808559656143188,0,5.81789445877075,0.000515348685439676,0.043798852711916,0,0.225905567407608
4.55424737930298,0.251412093639374,0.28504154086113,0.0906763225793839,0,5.40254640579224,0.000524419359862804,0.0400016829371452,0,0.215265020728111
5.09043884277344,0.252541333436966,0.338139295578003,0.0813412293791771,0,6.44898557662964,0.000562610337510705,0.0403805524110794,0,0.25979083776474
5.34573459625244,0.323353916406631,0.343459337949753,0.0957636386156082,0,6.81552124023438,0.000621198094449937,0.0372868590056896,0,0.233134299516678
5.83602571487427,0.261094957590103,0.413892716169357,0.0809208154678345,0,7.01500415802002,0.000627513800282031,0.0426797233521938,0,0.211711689829826
4.78443288803101,0.232011094689369,0.302185326814651,0.0855741649866104,0,7.47212409973145,0.00060699024470523,0.0440257824957371,0,0.234878987073898
5.27083969116211,0.277103453874588,0.350786685943604,0.087890237569809,0,6.07587957382202,0.000604617584031075,0.0343910902738571,0,0.251284092664719
5.39898872375488,0.276638150215149,0.35991632938385,0.0893287807703018,0,7.05527114868164,0.000532519712578505,0.0423511117696762,0,0.2133429646492
5.03244781494141,0.216115683317184,0.330822974443436,0.088723823428154,0,6.43284797668457,0.000649198365863413,0.0382150523364544,0,0.241574168205261
5.60742807388306,0.204121708869934,0.382114708423615,0.0905383750796318,0,7.78913927078247,0.000589233182836324,0.0395580045878887,0,0.227687284350395
5.41923379898071,0.305213153362274,0.35146227478981,0.0983595922589302,0,6.97332286834717,0.000611948198638856,0.0342955105006695,0,0.215386524796486
5.10265684127808,0.265684485435486,0.333599388599396,0.0870367288589478,0,6.51779747009277,0.000679538410622627,0.0389008671045303,0,0.24602934718132
5.49479389190674,0.228750303387642,0.36961641907692,0.0922533944249153,0,6.72079086303711,0.000688577012624592,0.0364228710532188,0,0.256327837705612
5.0384635925293,0.259611070156097,0.328603327274323,0.0908962190151215,0,6.10433149337769,0.000664470193441957,0.0410387851297855,0,0.21674969792366
5.46567916870117,0.227181166410446,0.375703603029251,0.0840485021471977,0,7.58901166915894,0.00062812864780426,0.0369598045945168,0,0.205772250890732
5.75241470336914,0.256464809179306,0.387018322944641,0.0999475494027138,0,6.75544929504395,0.000648406916297972,0.0368221700191498,0,0.232961162924767
5.45465755462646,0.282456696033478,0.356113314628601,0.101906098425388,0,5.42145156860352,0.000567000592127442,0.0353589542210102,0,0.267612040042877
5.18074369430542,0.292161077260971,0.339406132698059,0.0813064724206924,0,7.04986333847046,0.000617558427620679,0.0354110114276409,0,0.275538057088852
5.79861497879028,0.287878900766373,0.400372058153152,0.0915233343839645,0,5.86643362045288,0.000701321463566273,0.0343213826417923,0,0.246627971529961
5.45834016799927,0.286189198493958,0.358466893434525,0.0986500605940819,0,5.35546731948853,0.000826201750896871,0.0425393432378769,0,0.268986076116562
5.16356611251831,0.276920080184937,0.319282829761505,0.106331564486027,0,6.18020248413086,0.000942148792091757,0.0400169752538204,0,0.260995298624039
5.19489097595215,0.249718129634857,0.326497673988342,0.105648174881935,0,5.63422107696533,0.000995351932942867,0.0406829081475735,0,0.280481278896332
5.71416807174683,0.229834750294685,0.383634567260742,0.0995208472013474,0,6.97385931015015,0.000976952142082155,0.0442812740802765,0,0.237175762653351
5.26529741287231,0.243034139275551,0.354350388050079,0.0906266793608665,0,5.90349006652832,0.000890744326170534,0.0410619527101517,0,0.215279623866081
5.44496965408325,0.235893249511719,0.368116736412048,0.0907954275608063,0,6.3410210609436,0.00068204483250156,0.0472556576132774,0,0.231679260730743
5.79184246063232,0.291784971952438,0.405475348234177,0.0911503508687019,0,5.56387281417847,0.000592718832194805,0.0381560064852238,0,0.198077127337456
5.39607095718384,0.274828433990479,0.359653204679489,0.0970635190606117,0,5.6153244972229,0.00062509358394891,0.0410465560853481,0,0.211427420377731
5.55585670471191,0.278134316205978,0.378945797681808,0.0937928706407547,0,5.64982414245605,0.000730835716240108,0.0380255654454231,0,0.210440993309021
5.71168565750122,0.27853798866272,0.379966109991074,0.100529193878174,0,6.58556175231934,0.000807107309810817,0.0407545939087868,0,0.237380981445312
5.02963876724243,0.338206321001053,0.303827226161957,0.108710080385208,0,5.62789297103882,0.000910532020498067,0.0365412347018719,0,0.229397654533386
5.31479835510254,0.259735018014908,0.33547830581665,0.107430383563042,0,6.54206418991089,0.000848715601023287,0.038308173418045,0,0.240987062454224
4.89550971984863,0.241724714636803,0.308846473693848,0.0960954949259758,0,6.26824712753296,0.000723303121048957,0.0376097559928894,0,0.234177276492119
5.902587890625,0.227615848183632,0.409556359052658,0.0989961624145508,0,6.17190933227539,0.000636046985164285,0.0367120429873466,0,0.225465461611748
5.32741832733154,0.235549300909042,0.349183768033981,0.0861261412501335,0,8.33186817169189,0.000544859212823212,0.0418415889143944,0,0.259141802787781
5.03454685211182,0.257916331291199,0.327437579631805,0.0847635343670845,0,6.64690971374512,0.000598008511587977,0.0417564660310745,0,0.259340316057205
5.72383213043213,0.271454930305481,0.402786761522293,0.076877661049366,0,6.47728776931763,0.000620612525381148,0.0383153259754181,0,0.274085104465485
5.5043683052063,0.285918414592743,0.369256168603897,0.0827021598815918,0,7.39248418807983,0.000721267657354474,0.0393891409039497,0,0.269797772169113
5.26601886749268,0.311054617166519,0.345824331045151,0.0868405178189278,0,6.31880760192871,0.000766289827879518,0.0403223223984241,0,0.251508384943008
4.9289288520813,0.275619238615036,0.31316214799881,0.0866309627890587,0,6.96132564544678,0.000751368468627334,0.0440860167145729,0,0.240807712078094
5.42649078369141,0.230918183922768,0.380510210990906,0.0862077102065086,0,4.80705118179321,0.000736704387236387,0.0417686998844147,0,0.225019365549088
5.79321432113647,0.268678575754166,0.398102879524231,0.0892672315239906,0,7.00789785385132,0.000661752943415195,0.0338612049818039,0,0.24931712448597
5.69674777984619,0.248262792825699,0.381643652915955,0.091426394879818,0,7.7039942741394,0.000615215278230608,0.0422306507825851,0,0.26893162727356
5.14680290222168,0.275997668504715,0.338878124952316,0.0872204601764679,0,6.13240194320679,0.000535625673364848,0.0392934009432793,0,0.243991240859032
5.69164371490479,0.244943618774414,0.370928019285202,0.100860737264156,0,8.14923095703125,0.000579719373490661,0.0421814285218716,0,0.257788836956024
5.2910361289978,0.243197977542877,0.353991031646729,0.0884284973144531,0,6.64714336395264,0.00056011596461758,0.0418529473245144,0,0.228226482868195
5.68418550491333,0.240890234708786,0.380262613296509,0.101645842194557,0,6.58205461502075,0.000532504229340702,0.0417041331529617,0,0.232286140322685
5.11449241638184,0.272897839546204,0.342783719301224,0.0806107074022293,0,5.71891593933105,0.000512361992150545,0.0455365516245365,0,0.253143131732941
6.05643463134766,0.236926555633545,0.429335117340088,0.0911203101277351,0,5.74930715560913,0.00056202441919595,0.0382992178201675,0,0.269758582115173
5.57418012619019,0.228743031620979,0.36981001496315,0.0998754724860191,0,6.53733110427856,0.000622655439656228,0.0392234623432159,0,0.26256912946701
5.64144277572632,0.322647213935852,0.383274018764496,0.0909789577126503,0,5.1670069694519,0.000685446488205343,0.0401497595012188,0,0.257348090410233
5.20084667205811,0.277234643697739,0.337658375501633,0.0938183888792992,0,5.92500162124634,0.00074655213393271,0.0401910059154034,0,0.251934587955475
4.7133092880249,0.267940133810043,0.296765476465225,0.0914159342646599,0,5.47529315948486,0.000686271407175809,0.0352749414741993,0,0.236534968018532
5.33049201965332,0.256478816270828,0.34792149066925,0.098417304456234,0,6.49275398254395,0.000579344865400344,0.0356712900102139,0,0.232191175222397
5.70917844772339,0.293509751558304,0.389293313026428,0.0908531323075294,0,5.99561262130737,0.000514726038090885,0.0456754602491856,0,0.245652854442596
5.2125415802002,0.325338512659073,0.329932510852814,0.0934694036841393,0,6.86098337173462,0.000525687355548143,0.0407550111413002,0,0.24873973429203
5.65371036529541,0.266718626022339,0.396764189004898,0.0795197263360023,0,6.32659912109375,0.000569703348446637,0.0389296300709248,0,0.249143227934837
5.04172992706299,0.24181067943573,0.319118231534958,0.0891881361603737,0,7.94886302947998,0.000656917691230774,0.0384693704545498,0,0.261379927396774
5.6520881652832,0.253037929534912,0.388300985097885,0.0877395197749138,0,6.4364333152771,0.000633071933407336,0.0440952219069004,0,0.250363707542419
4.90705728530884,0.221626073122025,0.308982729911804,0.0933725908398628,0,7.21644592285156,0.000647333799861372,0.0425471924245358,0,0.2369115203619
5.51572561264038,0.235120847821236,0.363916605710983,0.0959058701992035,0,7.14353466033936,0.000495221291203052,0.0454729273915291,0,0.256746828556061
4.62612915039062,0.235047668218613,0.287297695875168,0.0869306027889252,0,7.10701417922974,0.000477458641398698,0.0401958674192429,0,0.232915446162224
5.09301376342773,0.261170417070389,0.336820125579834,0.0901697054505348,0,5.35836124420166,0.000563908484764397,0.0430333130061626,0,0.22919499874115
4.92570066452026,0.290884613990784,0.305161267518997,0.0944540351629257,0,6.51180553436279,0.000655401847325265,0.0408105328679085,0,0.25152924656868
5.16686820983887,0.281231582164764,0.333684861660004,0.0952830836176872,0,5.66470766067505,0.000722928554750979,0.0406457222998142,0,0.251391619443893
5.10130167007446,0.259401589632034,0.322139471769333,0.100288636982441,0,6.20269966125488,0.000695939059369266,0.0338669344782829,0,0.256335586309433
5.85403966903687,0.321965873241425,0.398633599281311,0.0925600230693817,0,6.15412282943726,0.000574756879359484,0.0349989645183086,0,0.259645640850067
5.48781394958496,0.26219367980957,0.372641265392303,0.0837124958634377,0,6.23726749420166,0.00056209065951407,0.0366534292697906,0,0.29495832324028
5.79279661178589,0.269758671522141,0.392850816249847,0.0986681133508682,0,5.85239553451538,0.000518891611136496,0.0367304123938084,0,0.259873956441879
5.21010684967041,0.281528055667877,0.344415009021759,0.0922356396913528,0,5.45252990722656,0.000525559356901795,0.0393344983458519,0,0.230181813240051
5.79323959350586,0.224083170294762,0.394195586442947,0.0937101170420647,0,7.56396484375,0.000531316502019763,0.0360578335821629,0,0.257548838853836
5.33308362960815,0.263885736465454,0.343920111656189,0.089454784989357,0,7.78540086746216,0.000568577321246266,0.0363497324287891,0,0.291370391845703
5.50051975250244,0.22785472869873,0.386069357395172,0.0835438966751099,0,5.01950025558472,0.000586566398851573,0.0404404625296593,0,0.264603078365326
5.42400741577148,0.235684111714363,0.373566716909409,0.087171733379364,0,5.43851327896118,0.00058090896345675,0.0377679392695427,0,0.252070963382721
5.46267318725586,0.220237776637077,0.376591950654984,0.086883045732975,0,6.11881351470947,0.000633932591881603,0.0391180031001568,0,0.242750868201256
6.05771541595459,0.258060961961746,0.421194136142731,0.0950363501906395,0,6.43009901046753,0.000589854782447219,0.0336559824645519,0,0.265064984560013
5.73562860488892,0.240490362048149,0.392545074224472,0.0949934273958206,0,6.71889972686768,0.000570156960748136,0.0363468378782272,0,0.229002937674522
5.17903995513916,0.221300050616264,0.346898555755615,0.0870990827679634,0,6.92216920852661,0.000521074049174786,0.037317868322134,0,0.215418085455894
5.17114686965942,0.205627262592316,0.342004984617233,0.0925816744565964,0,6.75187635421753,0.00047142879338935,0.0394620709121227,0,0.222630426287651
5.39022302627563,0.219088271260262,0.354934930801392,0.096060648560524,0,7.83885622024536,0.000468290149001405,0.03964614123106,0,0.20953257381916
5.48464488983154,0.231793478131294,0.38260754942894,0.0873576700687408,0,5.87518262863159,0.000503753544762731,0.0342103093862534,0,0.207872807979584
4.83132076263428,0.240405082702637,0.309728264808655,0.0883027836680412,0,6.18324422836304,0.000668603461235762,0.0376911833882332,0,0.244572252035141
5.57288837432861,0.261716902256012,0.376308560371399,0.100327976047993,0,5.33335208892822,0.000817091960925609,0.0373477973043919,0,0.221707835793495
5.39966058731079,0.31586754322052,0.360527575016022,0.0872315764427185,0,6.17340803146362,0.00079542474122718,0.0380284078419209,0,0.24009083211422
5.26932573318481,0.306490033864975,0.337076723575592,0.0994748845696449,0,6.07491207122803,0.000727188365999609,0.0354329273104668,0,0.240061417222023
5.34986305236816,0.247742086648941,0.358180373907089,0.0930628851056099,0,5.73362159729004,0.000552756479009986,0.034608356654644,0,0.250818252563477
5.86829280853271,0.251976728439331,0.404511541128159,0.096627414226532,0,6.31903743743896,0.000451330735813826,0.0403461083769798,0,0.228229478001595
5.44720268249512,0.296722680330276,0.368656933307648,0.0825420394539833,0,6.54659461975098,0.000472651125164703,0.0394513048231602,0,0.251747697591782
5.41033697128296,0.285782843828201,0.350471019744873,0.0938573405146599,0,7.6164026260376,0.000521456066053361,0.0393196046352386,0,0.241210162639618
5.55999088287354,0.296677470207214,0.374423980712891,0.0915985330939293,0,6.06372261047363,0.000553751597180963,0.0411006435751915,0,0.237974420189857
5.43441438674927,0.282641291618347,0.354040086269379,0.0956983789801598,0,6.61315441131592,0.000672944122925401,0.039619579911232,0,0.263964205980301
5.45469379425049,0.289178192615509,0.363026440143585,0.0821888744831085,0,8.13074779510498,0.000620645645540208,0.0419106595218182,0,0.243648573756218
5.80564832687378,0.244731649756432,0.391843110322952,0.0970479920506477,0,6.97314214706421,0.000632137642242014,0.0391671769320965,0,0.264281690120697
4.98290061950684,0.21233281493187,0.31696417927742,0.0963736847043037,0,6.15280628204346,0.000559684820473194,0.042662650346756,0,0.265274941921234
5.21360635757446,0.252458214759827,0.360149443149567,0.0757080316543579,0,6.27926635742188,0.000537052401341498,0.0437266938388348,0,0.222751975059509
5.04153108596802,0.232360780239105,0.324864983558655,0.0934943929314613,0,6.25041627883911,0.000505117524880916,0.0468954332172871,0,0.242459699511528
4.82683229446411,0.263008743524551,0.31986278295517,0.0778735876083374,0,6.00860214233398,0.000603952677920461,0.0382076017558575,0,0.228416189551353
5.10163545608521,0.284798353910446,0.328640401363373,0.0892771258950233,0,6.45671796798706,0.000608901609666646,0.0407069474458694,0,0.253460884094238
5.15394592285156,0.232151180505753,0.34952637553215,0.0859218761324883,0,5.53877210617065,0.000637806078884751,0.0428204201161861,0,0.225824221968651
5.11784076690674,0.277032822370529,0.339795678853989,0.0862913653254509,0,5.86837196350098,0.000586343230679631,0.0422460809350014,0,0.222856342792511
5.68278408050537,0.241540476679802,0.403747886419296,0.0763445422053337,0,6.8029465675354,0.000548600975889713,0.0414179787039757,0,0.237770318984985
5.20012378692627,0.235250264406204,0.350894629955292,0.0872441381216049,0,5.68935585021973,0.000584174820687622,0.0393779948353767,0,0.239659070968628
5.06922245025635,0.218516051769257,0.323883682489395,0.0971423014998436,0,7.1267614364624,0.000555680482648313,0.0344227701425552,0,0.232196137309074
5.27719020843506,0.235007271170616,0.354910761117935,0.085298977792263,0,7.0077805519104,0.000500838330481201,0.0397337526082993,0,0.229845553636551
5.47589588165283,0.28558412194252,0.372437477111816,0.0814918205142021,0,6.82841444015503,0.000602320302277803,0.0396084859967232,0,0.249884232878685
5.58189058303833,0.2972012758255,0.371449768543243,0.0910803973674774,0,7.39815330505371,0.000470284197945148,0.0367920882999897,0,0.234057173132896
5.14994955062866,0.234939098358154,0.329632431268692,0.097105473279953,0,6.93105602264404,0.000597010948695242,0.0413556806743145,0,0.238746792078018
5.30830907821655,0.227447435259819,0.370210230350494,0.0803450122475624,0,5.97511148452759,0.000557099760044366,0.0409901104867458,0,0.214789673686028
5.69407558441162,0.207091525197029,0.396057963371277,0.0951406583189964,0,5.8125171661377,0.000589682837016881,0.0388357229530811,0,0.225823163986206
5.37977027893066,0.239651083946228,0.367502182722092,0.0879889726638794,0,6.27326011657715,0.000606258807238191,0.0352125391364098,0,0.218422830104828
5.10496187210083,0.243105009198189,0.33254086971283,0.0903258100152016,0,6.93366765975952,0.000637142977211624,0.033174242824316,0,0.236426636576653
5.45664405822754,0.245697975158691,0.36301189661026,0.0959573835134506,0,6.85390949249268,0.0006078269216232,0.0357309207320213,0,0.224657475948334
5.23129940032959,0.216203153133392,0.337870180606842,0.097877711057663,0,7.52792072296143,0.000685057719238102,0.0353733561933041,0,0.227818951010704
5.3626275062561,0.270710706710815,0.365111529827118,0.084258995950222,0,6.11789655685425,0.000654197472613305,0.03700090944767,0,0.236487656831741
6.05281639099121,0.197370857000351,0.447632700204849,0.0852658897638321,0,4.83784294128418,0.000537234824150801,0.0365588702261448,0,0.229460716247559
5.14029693603516,0.250746428966522,0.346637606620789,0.0868633016943932,0,5.5536961555481,0.000557462917640805,0.0389420837163925,0,0.218165159225464
4.99845552444458,0.243681952357292,0.316181212663651,0.0994799956679344,0,6.40028238296509,0.000549732649233192,0.0365193746984005,0,0.223093777894974
6.13847017288208,0.252903342247009,0.437567621469498,0.0874082818627357,0,6.60188722610474,0.000593882228713483,0.0400691367685795,0,0.245312348008156
5.29857540130615,0.235568031668663,0.35572737455368,0.0930688679218292,0,5.7831072807312,0.000470762170152739,0.0387361980974674,0,0.227548897266388
5.91502237319946,0.265007674694061,0.422718197107315,0.0807193443179131,0,5.92076063156128,0.000459131639217958,0.0404791720211506,0,0.25865364074707
5.53603029251099,0.234867960214615,0.37422302365303,0.092131607234478,0,6.86324644088745,0.000519396155141294,0.0422128550708294,0,0.230874508619308
5.28359317779541,0.262731850147247,0.373514175415039,0.0701561793684959,0,5.63689947128296,0.000515198509674519,0.037568811327219,0,0.24570244550705
4.99301862716675,0.276906311511993,0.313677459955215,0.094720758497715,0,6.48371839523315,0.000514300656504929,0.0453905873000622,0,0.239601507782936
5.66164398193359,0.290573179721832,0.373116225004196,0.098268486559391,0,7.20100688934326,0.000561048800591379,0.0401042811572552,0,0.236736968159676
5.698401927948,0.281891584396362,0.379406452178955,0.0945192575454712,0,7.11325025558472,0.000546156079508364,0.0402485243976116,0,0.260944873094559
5.42167568206787,0.272350877523422,0.362127512693405,0.0903277695178986,0,6.29829883575439,0.00056088506244123,0.043439369648695,0,0.244418144226074
4.99778318405151,0.27979239821434,0.305322229862213,0.104430727660656,0,6.68884229660034,0.000488302612211555,0.0382933132350445,0,0.228335380554199
5.32949829101562,0.254295498132706,0.355119913816452,0.0847290679812431,0,7.10654640197754,0.000470192317152396,0.0416854172945023,0,0.258622825145721
5.30799245834351,0.281744837760925,0.360278874635696,0.0849716290831566,0,5.5061297416687,0.000437980954302475,0.036152396351099,0,0.243988633155823
5.17093896865845,0.226687982678413,0.353272318840027,0.0853713974356651,0,5.41173076629639,0.000427530379965901,0.0373788774013519,0,0.230945438146591
4.97040271759033,0.275233805179596,0.314555704593658,0.0941348299384117,0,6.34048223495483,0.000434693647548556,0.0406092777848244,0,0.230108320713043
5.68643760681152,0.248117163777351,0.390019088983536,0.0907199159264565,0,6.7020320892334,0.000472158455522731,0.0427385084331036,0,0.231485471129417
5.49750757217407,0.215749621391296,0.376858800649643,0.0881763696670532,0,6.83046674728394,0.000532585254404694,0.0413594283163548,0,0.227577522397041
5.09947538375854,0.28338947892189,0.329643785953522,0.0869901925325394,0,6.87005567550659,0.0004785846977029,0.0479987524449825,0,0.234005928039551
5.13075542449951,0.23827400803566,0.3414126932621,0.0872211083769798,0,6.13508796691895,0.000429590261774138,0.0419097803533077,0,0.236309602856636
4.71499109268188,0.232411712408066,0.304711490869522,0.0840082168579102,0,5.98753643035889,0.000436242233263329,0.0408770591020584,0,0.234472021460533
5.34831523895264,0.224495008587837,0.36416682600975,0.0859067663550377,0,6.40028953552246,0.000448656181106344,0.0404645763337612,0,0.242148503661156
5.38556480407715,0.27940559387207,0.356694132089615,0.0900564566254616,0,6.76119375228882,0.000439823867054656,0.0367441549897194,0,0.245257258415222
5.20532321929932,0.243781208992004,0.335087209939957,0.0975416749715805,0,6.68539571762085,0.000519936671480536,0.03696508705616,0,0.245276108384132
5.9566011428833,0.260263592004776,0.421449720859528,0.0881033167243004,0,5.67026424407959,0.000568492105230689,0.0377579480409622,0,0.260372936725616
5.20223093032837,0.262659907341003,0.343603193759918,0.0919081792235374,0,5.79703712463379,0.000514748913701624,0.0340261533856392,0,0.243308857083321
5.4404296875,0.264734357595444,0.368722856044769,0.094342015683651,0,5.02778244018555,0.000532988226041198,0.0413411185145378,0,0.231379687786102
5.19931697845459,0.259690523147583,0.34232771396637,0.0826933309435844,0,6.734375,0.000576093210838735,0.0369608402252197,0,0.29696798324585
5.29004764556885,0.238745123147964,0.342505574226379,0.0968024432659149,0,6.68513250350952,0.00053676450625062,0.0324350968003273,0,0.27504426240921
5.43045854568481,0.239586502313614,0.360021948814392,0.0928130745887756,0,7.59623527526855,0.000614463933743536,0.0399353913962841,0,0.222499653697014
5.45229864120483,0.23530887067318,0.366922527551651,0.0890496075153351,0,7.04411935806274,0.000616922217886895,0.0370321273803711,0,0.24920617043972
5.5532169342041,0.244177535176277,0.366418361663818,0.100697353482246,0,6.43913745880127,0.000672134745400399,0.0441138781607151,0,0.249418571591377
5.21847105026245,0.251965433359146,0.341162979602814,0.0905168354511261,0,6.87332725524902,0.000524384551681578,0.03624402359128,0,0.25141230225563
5.44167518615723,0.269352287054062,0.364947974681854,0.0926954671740532,0,6.12723159790039,0.000479532784083858,0.0398389138281345,0,0.229528978466988
5.42216110229492,0.280033022165298,0.363892942667007,0.0884016305208206,0,6.51959896087646,0.000370220630429685,0.0420718416571617,0,0.229909554123878
5.71467304229736,0.336019337177277,0.391198635101318,0.0803630948066711,0,7.41891956329346,0.000404701684601605,0.0368214473128319,0,0.23665614426136
4.98625516891479,0.249392464756966,0.334839522838593,0.0769286900758743,0,6.48466539382935,0.000473661115393043,0.0346459113061428,0,0.24274106323719
5.12176942825317,0.266284167766571,0.329349517822266,0.0926392376422882,0,6.55021953582764,0.000472635292680934,0.0381497032940388,0,0.25062558054924
5.18801927566528,0.209601670503616,0.339890033006668,0.100789546966553,0,5.99018859863281,0.000471224309876561,0.0393743813037872,0,0.212815403938293
5.71147966384888,0.270520597696304,0.383905231952667,0.0970767810940742,0,5.99569511413574,0.000448592094471678,0.0425442643463612,0,0.267313569784164
5.37088108062744,0.255264461040497,0.357581615447998,0.085752822458744,0,7.19260025024414,0.000542329100426286,0.0392823033034801,0,0.263447344303131
4.48482084274292,0.270378738641739,0.27154615521431,0.0878967046737671,0,6.54228687286377,0.00050614750944078,0.0333180949091911,0,0.242668598890305
5.28725671768188,0.267482191324234,0.34600442647934,0.093080960214138,0,6.24717235565186,0.000492731633130461,0.0372034162282944,0,0.260510414838791
5.6778769493103,0.279972463846207,0.380288064479828,0.0907128304243088,0,6.90421628952026,0.000440882926341146,0.0367318391799927,0,0.287366420030594
5.42569017410278,0.260850667953491,0.357624530792236,0.0996576249599457,0,6.02951765060425,0.000416582042817026,0.0381151288747787,0,0.233160972595215
5.20557260513306,0.225680097937584,0.33597606420517,0.0945598632097244,0,7.63833618164062,0.000451495783636346,0.0404992811381817,0,0.231641873717308
5.50513792037964,0.279701143503189,0.370323836803436,0.0961737409234047,0,6.21977663040161,0.000465901423012838,0.0359398610889912,0,0.195328667759895
5.18337440490723,0.249742329120636,0.35460963845253,0.0834119841456413,0,5.72643423080444,0.000481679802760482,0.0371322557330132,0,0.211155146360397
5.48465633392334,0.224466979503632,0.375882536172867,0.0909769311547279,0,5.86510181427002,0.000499982968904078,0.0353870280086994,0,0.245009332895279
5.56237030029297,0.246139273047447,0.375917881727219,0.0940435230731964,0,6.80116415023804,0.000442282849689946,0.0354473739862442,0,0.223165884613991
5.19942188262939,0.288357585668564,0.327859431505203,0.0996950790286064,0,6.76888465881348,0.000439900264609605,0.0359632261097431,0,0.242910414934158
5.55677127838135,0.322215884923935,0.369090050458908,0.0905247554183006,0,6.49127197265625,0.000504640105646104,0.0400097854435444,0,0.253576695919037
5.88700437545776,0.257793039083481,0.395908653736115,0.0962545797228813,0,7.89129638671875,0.000442389806266874,0.04545683786273,0,0.244607985019684
4.82140398025513,0.321487724781036,0.290869921445847,0.0922399833798409,0,6.98543739318848,0.000480644404888153,0.0404906943440437,0,0.258568584918976
5.39396858215332,0.262422114610672,0.374191761016846,0.0801559165120125,0,5.77821159362793,0.000468442100100219,0.0407657623291016,0,0.237776637077332
5.18489027023315,0.228870093822479,0.343363881111145,0.0868665426969528,0,6.96812915802002,0.000483736221212894,0.0405369363725185,0,0.244262203574181
5.54049205780029,0.226079329848289,0.375634998083115,0.09429731965065,0,6.51374769210815,0.000406853971071541,0.042365375906229,0,0.225650295615196
4.71951007843018,0.234748020768166,0.301049828529358,0.0881457924842834,0,6.12875366210938,0.000415628746850416,0.0405167788267136,0,0.22538535296917
5.68624830245972,0.239632606506348,0.390204697847366,0.0863531157374382,0,7.27408075332642,0.000464700919110328,0.0422793850302696,0,0.253682255744934
5.13106060028076,0.23613478243351,0.344995856285095,0.0808530375361443,0,6.33984518051147,0.000442058866610751,0.041722234338522,0,0.256640046834946
5.12155103683472,0.23817153275013,0.336713016033173,0.092785470187664,0,5.82564163208008,0.000474353844765574,0.0342973656952381,0,0.245429515838623
5.42757558822632,0.250704944133759,0.362904846668243,0.0958787053823471,0,6.2701416015625,0.000428108061896637,0.0384687259793282,0,0.217610687017441
5.18809747695923,0.224878832697868,0.355133265256882,0.0822503641247749,0,5.77685832977295,0.000410461943829432,0.0438104867935181,0,0.234618619084358
4.89031887054443,0.246052175760269,0.318240523338318,0.0823077633976936,0,6.52497720718384,0.000404361373512074,0.0424790382385254,0,0.248614549636841
5.17167520523071,0.225022375583649,0.337551057338715,0.0936491563916206,0,6.63446617126465,0.000397534284275025,0.0420776456594467,0,0.239612087607384
5.57387828826904,0.212467208504677,0.375640779733658,0.0990509763360023,0,6.11963939666748,0.000405034195864573,0.0440320521593094,0,0.242260307073593
5.15648794174194,0.204843312501907,0.340767383575439,0.0908253118395805,0,6.80386924743652,0.000411718443501741,0.0394775085151196,0,0.236102744936943
5.04564189910889,0.224893689155579,0.347911298274994,0.0788851752877235,0,5.38310289382935,0.000410743610700592,0.0429067127406597,0,0.219062656164169
5.27796030044556,0.222271099686623,0.341359525918961,0.0967309921979904,0,7.33889722824097,0.000419555348344147,0.0373986624181271,0,0.251531660556793
5.52384757995605,0.228201061487198,0.377948135137558,0.0854428261518478,0,7.05637454986572,0.00043096169247292,0.0383479110896587,0,0.251180410385132
5.19682788848877,0.202793657779694,0.343575954437256,0.0942747816443443,0,6.58362293243408,0.000405939295887947,0.035637978464365,0,0.232685819268227
5.58873510360718,0.221657291054726,0.387130826711655,0.0847707986831665,0,6.86332893371582,0.000420459895394742,0.0439815521240234,0,0.23871211707592
4.83216524124146,0.225107282400131,0.313037931919098,0.0835117399692535,0,6.78208494186401,0.000392248039133847,0.0402817279100418,0,0.241839110851288
5.71251392364502,0.246846050024033,0.396555244922638,0.0892010852694511,0,5.99540042877197,0.000411808490753174,0.0390788391232491,0,0.24951060116291
5.37231874465942,0.228149339556694,0.359104037284851,0.0876585468649864,0,7.54881048202515,0.000386503495974466,0.0388956889510155,0,0.24056650698185
5.41297197341919,0.244118466973305,0.360973417758942,0.0879215002059937,0,7.800696849823,0.000356430595275015,0.0401927717030048,0,0.229401916265488
5.16253662109375,0.250236958265305,0.343387365341187,0.0793100371956825,0,7.26487970352173,0.000453291198937222,0.0424610488116741,0,0.258163273334503
5.04941511154175,0.221386834979057,0.326669931411743,0.0921892374753952,0,6.97694969177246,0.000429867912316695,0.0385588072240353,0,0.232535198330879
5.39540863037109,0.218539461493492,0.366480112075806,0.0885365083813667,0,6.57263898849487,0.000379284145310521,0.0381865277886391,0,0.240601748228073
5.09107065200806,0.216873914003372,0.328853666782379,0.0934199541807175,0,6.94661998748779,0.000430853542638943,0.0398553423583508,0,0.24413126707077
5.43079090118408,0.254320591688156,0.37125301361084,0.0847215503454208,0,6.10874080657959,0.00041409715777263,0.0332716703414917,0,0.261172592639923
5.38322687149048,0.236963495612144,0.35013672709465,0.101925782859325,0,6.39986324310303,0.000422603043261915,0.040705818682909,0,0.244375616312027
5.47890281677246,0.273894339799881,0.374683439731598,0.0830316320061684,0,7.01164293289185,0.000394624541513622,0.0358669273555279,0,0.223277971148491
5.37784481048584,0.267175853252411,0.351341247558594,0.096014715731144,0,5.99999523162842,0.000398097472498193,0.0370537303388119,0,0.281330168247223
5.30963611602783,0.228769987821579,0.350527107715607,0.0952033773064613,0,5.88123035430908,0.00037954599247314,0.0382840856909752,0,0.27188378572464
4.88235521316528,0.220313474535942,0.318527013063431,0.0849373713135719,0,6.26432180404663,0.000416055467212573,0.0368214324116707,0,0.258742064237595
5.73681402206421,0.232408121228218,0.387107133865356,0.0998352542519569,0,6.03826427459717,0.000495982589200139,0.0385813340544701,0,0.274949222803116
5.11005592346191,0.260955989360809,0.326441258192062,0.0953239351511002,0,6.31593799591064,0.00050324946641922,0.0363507978618145,0,0.260872632265091
4.93225526809692,0.225623309612274,0.320824444293976,0.0895678773522377,0,6.26982975006104,0.00053036428289488,0.0378173738718033,0,0.232226595282555
5.0474066734314,0.251391887664795,0.314022719860077,0.0979333743453026,0,7.07155752182007,0.000507550139445812,0.0429072044789791,0,0.258261263370514
5.24441242218018,0.224186852574348,0.338867992162704,0.0964483246207237,0,7.18685531616211,0.000547276635188609,0.045924186706543,0,0.238559573888779
5.21234130859375,0.209564030170441,0.339780569076538,0.100070677697659,0,6.78012800216675,0.000513817940372974,0.0396330058574677,0,0.205551624298096
4.98618221282959,0.229156568646431,0.325570702552795,0.0856711193919182,0,7.3889946937561,0.000468073296360672,0.0398061685264111,0,0.215214788913727
5.10981607437134,0.212053656578064,0.331355273723602,0.0966310501098633,0,6.36807060241699,0.000430852262070403,0.0451208166778088,0,0.231598451733589
4.81359767913818,0.195274785161018,0.310857474803925,0.0905590057373047,0,6.10755729675293,0.000449270533863455,0.0442307963967323,0,0.232209295034409
5.06557369232178,0.214926034212112,0.338008463382721,0.0892486721277237,0,6.38768672943115,0.000424976082285866,0.0369966141879559,0,0.202984541654587
5.3219747543335,0.208209991455078,0.358023196458817,0.0928939506411552,0,6.33344554901123,0.000460520619526505,0.0435469448566437,0,0.222370103001595
4.8514084815979,0.250971466302872,0.317056179046631,0.0792254358530045,0,6.92579936981201,0.000405908212997019,0.0360885746777058,0,0.236994534730911
5.09111642837524,0.214722782373428,0.329964727163315,0.0904546678066254,0,7.5804967880249,0.000411535322200507,0.0407822169363499,0,0.231795310974121
5.10708427429199,0.278797537088394,0.338727086782455,0.0812517702579498,0,6.43244504928589,0.000414190115407109,0.0422236882150173,0,0.243333116173744
5.22368907928467,0.224580109119415,0.349831193685532,0.0890480726957321,0,6.23047161102295,0.000447908416390419,0.0388513319194317,0,0.240291684865952
5.1903715133667,0.27037250995636,0.338244169950485,0.087387777864933,0,7.3178186416626,0.000446752121206373,0.0383379533886909,0,0.240057900547981
5.24103450775146,0.258360385894775,0.362961113452911,0.0713765844702721,0,6.65849876403809,0.000464700045995414,0.0381903611123562,0,0.248854994773865
5.43513965606689,0.222323358058929,0.363352298736572,0.0918377041816711,0,7.16084575653076,0.000407718878705055,0.0370990075170994,0,0.247021600604057
5.71542453765869,0.277304381132126,0.378650486469269,0.0976339131593704,0,7.12391805648804,0.000429054809501395,0.0375184640288353,0,0.262588649988174
5.14915370941162,0.243173614144325,0.325367629528046,0.0970803499221802,0,7.75380373001099,0.000431961234426126,0.0365084111690521,0,0.23883168399334
5.08633375167847,0.244200900197029,0.33207243680954,0.0823241993784904,0,8.07436180114746,0.000436106784036383,0.0375137478113174,0,0.237960055470467
5.24347734451294,0.227517932653427,0.348116129636765,0.0838008150458336,0,7.6817774772644,0.000430627464083955,0.037600614130497,0,0.256084859371185
5.5443696975708,0.244067624211311,0.380595147609711,0.0830950736999512,0,6.94283151626587,0.000409941771067679,0.0388223715126514,0,0.257818937301636
5.03271198272705,0.200299829244614,0.336294680833817,0.0861578956246376,0,5.88760614395142,0.000401345605496317,0.0411273613572121,0,0.251614481210709
5.55659103393555,0.297791182994843,0.372736752033234,0.0895536169409752,0,5.95309925079346,0.000434535584645346,0.0369757264852524,0,0.282560288906097
5.3261137008667,0.277438879013062,0.366110503673553,0.081389307975769,0,5.27689981460571,0.000466575613245368,0.0367968305945396,0,0.254402875900269
5.08551025390625,0.230251640081406,0.334846585988998,0.0882044583559036,0,6.24983692169189,0.000453634420409799,0.0370965078473091,0,0.256384551525116
5.36628389358521,0.22982831299305,0.361024230718613,0.0896046608686447,0,6.51676225662231,0.000445049110567197,0.0387558899819851,0,0.245972320437431
5.04225397109985,0.180615961551666,0.33616116642952,0.088564857840538,0,6.49292945861816,0.000459353061160073,0.0387961342930794,0,0.231307491660118
5.34326601028442,0.232948988676071,0.351900964975357,0.0994599983096123,0,6.08288812637329,0.000460192182799801,0.0367123112082481,0,0.237264260649681
4.7997522354126,0.221270859241486,0.311099052429199,0.090183824300766,0,5.34648752212524,0.000479120877571404,0.038240659981966,0,0.240727961063385
5.56837320327759,0.208559736609459,0.385594844818115,0.0896879881620407,0,6.312903881073,0.000476210407214239,0.0399605333805084,0,0.231161698698997
5.59388399124146,0.204783871769905,0.391486257314682,0.0889835208654404,0,5.45917844772339,0.000515919353347272,0.0431233197450638,0,0.24650052189827
4.72543430328369,0.215924695134163,0.303529530763626,0.0926300510764122,0,4.99875450134277,0.000468186510261148,0.0435908697545528,0,0.232355833053589
5.52377557754517,0.223153784871101,0.376038581132889,0.0943950116634369,0,5.76237297058105,0.000502837356179953,0.0383044369518757,0,0.250459104776382
5.17476415634155,0.196681171655655,0.346193879842758,0.0880843549966812,0,6.76104021072388,0.000477708643302321,0.0363791957497597,0,0.242441073060036
5.176589012146,0.205210700631142,0.350675463676453,0.075640395283699,0,8.28165245056152,0.000452158157713711,0.0432866327464581,0,0.228980988264084
5.10161018371582,0.252523332834244,0.321283280849457,0.0966759324073792,0,7.87906551361084,0.000415761693147942,0.042366374284029,0,0.211783677339554
5.37874221801758,0.216798901557922,0.3518345952034,0.0968144088983536,0,7.59428262710571,0.000393427908420563,0.0401059538125992,0,0.235383927822113
5.8674430847168,0.211428999900818,0.413929283618927,0.0867636278271675,0,7.4477391242981,0.000370834837667644,0.0400822721421719,0,0.216389417648315
5.33851146697998,0.216745868325233,0.357586741447449,0.0923686698079109,0,6.97675609588623,0.000380799086997285,0.0420669168233871,0,0.210083082318306
5.09624576568604,0.208201825618744,0.347480118274689,0.0811792239546776,0,6.05552959442139,0.000411339482525364,0.041073814034462,0,0.236857771873474
5.30848121643066,0.20330736041069,0.365471303462982,0.0910869389772415,0,5.33710336685181,0.000449186482001096,0.0345973819494247,0,0.220615431666374
5.32377529144287,0.192971587181091,0.360661268234253,0.0838469192385674,0,7.93139791488647,0.000488568854052573,0.0409567728638649,0,0.227472722530365
5.30271053314209,0.242065832018852,0.361486941576004,0.083364225924015,0,6.33667182922363,0.000520201865583658,0.0366743616759777,0,0.240028128027916
5.33012342453003,0.213246464729309,0.365746766328812,0.082300491631031,0,6.64174127578735,0.000563232286367565,0.0368475988507271,0,0.248764082789421
5.11227750778198,0.272984266281128,0.338152706623077,0.0886449292302132,0,5.47451543807983,0.000547918083611876,0.0391133204102516,0,0.23864708840847
5.26646137237549,0.22144179046154,0.348500549793243,0.100782975554466,0,5.43944263458252,0.000533077807631344,0.0367330424487591,0,0.2248465269804
5.55522155761719,0.255544781684875,0.378070533275604,0.0881973877549171,0,6.62993574142456,0.000513251696247607,0.0336269289255142,0,0.254804283380508
5.02351856231689,0.302394330501556,0.329308390617371,0.0788723677396774,0,6.97848320007324,0.000480705726658925,0.0372270159423351,0,0.234311431646347
4.97778511047363,0.249222740530968,0.327440172433853,0.081803061068058,0,6.66154861450195,0.000415760470787063,0.0364833362400532,0,0.248119965195656
5.43234872817993,0.294133335351944,0.36296072602272,0.088784858584404,0,6.03237438201904,0.000396552233723924,0.0344457924365997,0,0.267273932695389
5.55096960067749,0.225690916180611,0.365220814943314,0.0956673249602318,0,7.86977577209473,0.000369964429410174,0.0351023562252522,0,0.270070195198059
5.38083934783936,0.238570168614388,0.380019277334213,0.0778531134128571,0,5.47111082077026,0.00037416786653921,0.0372295752167702,0,0.233958125114441
5.13174247741699,0.220716804265976,0.343674004077911,0.0850625857710838,0,6.39877986907959,0.000411048822570592,0.0394899770617485,0,0.24428017437458
5.08956384658813,0.198312371969223,0.342923700809479,0.0894161313772202,0,5.65192031860352,0.000424021971412003,0.0406922809779644,0,0.224006444215775
5.68798065185547,0.235683664679527,0.384858191013336,0.0928468033671379,0,7.44547176361084,0.000500792579259723,0.0414298735558987,0,0.240578413009644
5.37224769592285,0.230717226862907,0.363383948802948,0.0834696590900421,0,7.37753772735596,0.000455775414593518,0.0407959967851639,0,0.242695093154907
5.56801986694336,0.205461457371712,0.37974801659584,0.0950521975755692,0,6.33085155487061,0.000478264322737232,0.0381112731993198,0,0.240607902407646
4.95377206802368,0.230206310749054,0.324900716543198,0.0881906524300575,0,5.84068489074707,0.00043775376980193,0.0380972810089588,0,0.243252724409103
5.78023910522461,0.255200743675232,0.395464897155762,0.0911179482936859,0,7.27732610702515,0.000393468100810423,0.0412077531218529,0,0.233334958553314
4.60385513305664,0.234399065375328,0.292628943920135,0.0868303701281548,0,5.97121572494507,0.000382104917662218,0.0367725528776646,0,0.220952495932579
5.41681575775146,0.238576978445053,0.360146909952164,0.0913253575563431,0,6.92103433609009,0.00033054462983273,0.039310060441494,0,0.258333772420883
5.12150049209595,0.249343857169151,0.340063869953156,0.0891073569655418,0,5.88663864135742,0.00036720119533129,0.0386049263179302,0,0.228021085262299
5.52787303924561,0.196432843804359,0.377303093671799,0.0979414135217667,0,5.72558975219727,0.000374887109501287,0.0347553789615631,0,0.240395069122314
4.81174564361572,0.214412271976471,0.315123975276947,0.087523564696312,0,5.41272592544556,0.000403365702368319,0.0362009294331074,0,0.245718747377396
5.15853595733643,0.21051299571991,0.346529901027679,0.0922881960868835,0,5.38650798797607,0.000425894715590402,0.0395665355026722,0,0.230953067541122
5.61683940887451,0.21894434094429,0.386011123657227,0.0901560187339783,0,6.73997259140015,0.000457966700196266,0.0345544777810574,0,0.247164160013199
4.97632217407227,0.231849104166031,0.321145862340927,0.0939304009079933,0,5.7873682975769,0.000481934024719521,0.0362964235246181,0,0.24965612590313
5.52732467651367,0.231731459498405,0.376891940832138,0.0882474109530449,0,7.2170786857605,0.000420206401031464,0.0331609547138214,0,0.233394265174866
5.3472638130188,0.230684697628021,0.363133013248444,0.0897582620382309,0,5.7338547706604,0.000420920987380669,0.0377705357968807,0,0.244107782840729
5.10102081298828,0.182652682065964,0.338766872882843,0.0933445990085602,0,5.73125648498535,0.000391865789424628,0.0417701341211796,0,0.247839525341988
4.93799591064453,0.25796639919281,0.322414249181747,0.0857300013303757,0,5.92386150360107,0.00042940373532474,0.038254801183939,0,0.244797348976135
5.12773084640503,0.255970031023026,0.3410884141922,0.0834486410021782,0,6.61238574981689,0.000372993730707094,0.0334968827664852,0,0.245339453220367
5.03420448303223,0.199015408754349,0.335393190383911,0.0857734009623528,0,6.54918479919434,0.000383015023544431,0.0378849804401398,0,0.239044710993767
5.52303171157837,0.240654647350311,0.368772774934769,0.100094512104988,0,5.72713947296143,0.000351718219462782,0.0421904437243938,0,0.243885710835457
5.29390621185303,0.200757756829262,0.350684255361557,0.0962384343147278,0,6.69457578659058,0.000369364104699343,0.0367709770798683,0,0.23385214805603
5.45834398269653,0.199295610189438,0.367073744535446,0.0949206724762917,0,6.99375343322754,0.000354636344127357,0.0368926040828228,0,0.233900532126427
5.01445293426514,0.234924510121346,0.318505972623825,0.0968438386917114,0,6.65736675262451,0.000386687112040818,0.038314875215292,0,0.235495835542679
5.56544303894043,0.255700945854187,0.369170844554901,0.0960467979311943,0,7.34287881851196,0.000370324472896755,0.035018552094698,0,0.237708553671837
5.21741199493408,0.241309389472008,0.341199100017548,0.0925666093826294,0,6.43681573867798,0.000428844767156988,0.0397239699959755,0,0.2568039894104
4.69974279403687,0.207602754235268,0.287992119789124,0.0889981016516685,0,8.00545883178711,0.000384492799639702,0.0408926643431187,0,0.26043364405632
5.25842618942261,0.262918204069138,0.346986889839172,0.0897505581378937,0,6.73916149139404,0.000415298534790054,0.0387493595480919,0,0.232843667268753
5.67620468139648,0.206900507211685,0.387815803289413,0.0895942226052284,0,7.84846115112305,0.000413400412071496,0.0416215695440769,0,0.240142047405243
5.29331111907959,0.235756352543831,0.350996881723404,0.0880869776010513,0,7.44362545013428,0.00035839230986312,0.0387821532785892,0,0.236182197928429
5.29255390167236,0.266040623188019,0.358925402164459,0.0825578346848488,0,6.34805727005005,0.000358890363713726,0.0365180745720863,0,0.23932158946991
5.57380294799805,0.223780542612076,0.380492866039276,0.0870237052440643,0,7.46470403671265,0.000397113588405773,0.04038380458951,0,0.240847378969193
4.74706363677979,0.262823045253754,0.295982301235199,0.085992805659771,0,6.9547758102417,0.000370758847566321,0.0338498018682003,0,0.265790522098541
5.2197322845459,0.220447406172752,0.338753074407578,0.0933500602841377,0,7.61652708053589,0.00034977521863766,0.0371089614927769,0,0.241588830947876
5.72203779220581,0.224864959716797,0.398519933223724,0.0863146260380745,0,6.57936239242554,0.000368916924344376,0.0384693890810013,0,0.261970311403275
5.40531444549561,0.290804028511047,0.367316335439682,0.0858008563518524,0,5.84052133560181,0.000386111612897366,0.0367127284407616,0,0.236050739884377
5.36711978912354,0.288073092699051,0.359370440244675,0.0835358127951622,0,7.12927198410034,0.000382151803933084,0.0355141051113605,0,0.240058228373528
5.21527481079102,0.30179488658905,0.325784772634506,0.098499022424221,0,7.45459699630737,0.000382326659746468,0.0351237691938877,0,0.245035380125046
5.11585521697998,0.240061894059181,0.338947176933289,0.0845324620604515,0,6.95734548568726,0.000408331456128508,0.0344799794256687,0,0.24120531976223
5.3438458442688,0.276758760213852,0.359456330537796,0.0831748619675636,0,6.25066566467285,0.000356719683622941,0.0365686938166618,0,0.273210674524307
5.59692430496216,0.232480302453041,0.382942587137222,0.0964256003499031,0,5.82834815979004,0.000379281758796424,0.0381748229265213,0,0.221892550587654
5.16222763061523,0.221154347062111,0.350130379199982,0.0870488882064819,0,5.74775695800781,0.00037977981264703,0.0398153513669968,0,0.221979960799217
5.75214958190918,0.260237872600555,0.392983466386795,0.0924574583768845,0,6.84187936782837,0.000346525077475235,0.0411309227347374,0,0.233539268374443
5.04609251022339,0.21840313076973,0.32622429728508,0.0911479517817497,0,6.89208984375,0.000377736840164289,0.0338054560124874,0,0.258465468883514
5.55704832077026,0.2029128074646,0.369186669588089,0.0987922325730324,0,7.23693180084229,0.00033854742650874,0.0369709506630898,0,0.256874173879623
4.83931732177734,0.20657967031002,0.306240886449814,0.0949374660849571,0,6.44077825546265,0.000364608102245256,0.036783542484045,0,0.243557646870613
5.25365352630615,0.215737819671631,0.356709510087967,0.0854899808764458,0,6.45502519607544,0.000355436059180647,0.0350491739809513,0,0.240418210625648
5.34283256530762,0.206968054175377,0.359774202108383,0.0912593677639961,0,6.63779926300049,0.000373403279809281,0.0340316593647003,0,0.242404460906982
5.51847410202026,0.198422640562057,0.364193946123123,0.104507453739643,0,6.68988418579102,0.000354950811015442,0.038310956209898,0,0.240899428725243
4.99830055236816,0.202737346291542,0.321455657482147,0.0992035567760468,0,6.46728324890137,0.000362402875907719,0.0369520075619221,0,0.20999775826931
5.44030094146729,0.204215228557587,0.374358862638474,0.0901981145143509,0,6.07407855987549,0.000361014186637476,0.0373537801206112,0,0.230600699782372
5.21877765655518,0.212187275290489,0.360535055398941,0.0816363096237183,0,6.08249998092651,0.00035624421434477,0.0349478684365749,0,0.228152215480804
5.69437885284424,0.21637836098671,0.402365773916245,0.0862868130207062,0,6.4917311668396,0.000391874753404409,0.0361473895609379,0,0.212470889091492
5.32162809371948,0.22261980175972,0.355191349983215,0.0946391001343727,0,6.33101606369019,0.000341222767019644,0.0369284972548485,0,0.228589579463005
4.86622190475464,0.218957632780075,0.321907311677933,0.0852862596511841,0,5.97192144393921,0.000361146550858393,0.0343434922397137,0,0.225036546587944
5.08277654647827,0.226768612861633,0.33583727478981,0.0921885520219803,0,6.51684093475342,0.000373274524463341,0.03672069683671,0,0.194640666246414
5.65052509307861,0.256578266620636,0.397131621837616,0.0855151787400246,0,5.01217031478882,0.00035337102599442,0.0371869839727879,0,0.260912746191025
5.08428716659546,0.222399517893791,0.338114440441132,0.0866473913192749,0,6.32472705841064,0.000361481826985255,0.0357901006937027,0,0.244166851043701
5.44029664993286,0.218875229358673,0.365775674581528,0.0939465835690498,0,6.54860162734985,0.000347115244949237,0.0378546714782715,0,0.239813283085823
5.08847570419312,0.212234795093536,0.312407255172729,0.106964752078056,0,6.71912431716919,0.000356377364369109,0.0374292843043804,0,0.290242582559586
5.50741052627563,0.203166842460632,0.382197737693787,0.0807933136820793,0,7.30308532714844,0.000366489664884284,0.0402608439326286,0,0.248604223132133
5.6215500831604,0.230676159262657,0.388691753149033,0.0867237523198128,0,6.66724681854248,0.000363358034519479,0.0393418036401272,0,0.244161918759346
4.99588537216187,0.236369892954826,0.330066680908203,0.0831778347492218,0,6.91053104400635,0.000377977645257488,0.0370801836252213,0,0.225734680891037
5.20041465759277,0.218312740325928,0.358081519603729,0.0835504829883575,0,5.39152526855469,0.000368488195817918,0.0359945446252823,0,0.242029741406441
5.41743421554565,0.221785396337509,0.366049021482468,0.088567927479744,0,7.23185110092163,0.000362016930012032,0.0396767370402813,0,0.228190377354622
5.01479959487915,0.219210967421532,0.340925276279449,0.0813372880220413,0,5.22523021697998,0.000385195104172453,0.0386579744517803,0,0.253522396087646
4.93727970123291,0.243944987654686,0.322391748428345,0.0838593319058418,0,6.27736377716064,0.000368889537639916,0.0390205010771751,0,0.258240729570389
5.34983921051025,0.2278723269701,0.346152305603027,0.100213952362537,0,7.00379037857056,0.000386326748412102,0.0344856530427933,0,0.256193161010742
5.36521577835083,0.288016200065613,0.35590735077858,0.0909315347671509,0,6.35404682159424,0.000376143580069765,0.0412978604435921,0,0.22897370159626
4.99397802352905,0.2387865036726,0.328719615936279,0.0842103213071823,0,6.03716373443604,0.000366552849300206,0.0372406020760536,0,0.267990052700043
5.28291511535645,0.239634424448013,0.354047030210495,0.0906915813684464,0,5.49522399902344,0.000340070866513997,0.0403843969106674,0,0.26038646697998
5.492112159729,0.207617953419685,0.376848727464676,0.0854413583874702,0,7.07443618774414,0.000368191191228107,0.0390924215316772,0,0.249049052596092
4.9314923286438,0.251009970903397,0.330718487501144,0.0743724852800369,0,6.5344672203064,0.000370641326298937,0.0407282784581184,0,0.2415711581707
4.99850702285767,0.266294181346893,0.326391279697418,0.0871715918183327,0,6.10604619979858,0.000365920190233737,0.03853565081954,0,0.233295246958733
4.86270046234131,0.289845913648605,0.303301900625229,0.0872181206941605,0,6.67675304412842,0.000372109818272293,0.0399252735078335,0,0.273742616176605
5.20615100860596,0.248087584972382,0.347175031900406,0.0836118683218956,0,7.38995981216431,0.000338405749062076,0.036112017929554,0,0.226358786225319
5.59806680679321,0.243563503026962,0.392428785562515,0.0826411098241806,0,6.2873420715332,0.000364106148481369,0.0427089594304562,0,0.22519089281559
4.90615558624268,0.22235269844532,0.310934334993362,0.0945976749062538,0,6.46564149856567,0.000358581455657259,0.0447334609925747,0,0.237921416759491
4.97166585922241,0.242717891931534,0.328608989715576,0.0880208387970924,0,5.66742134094238,0.000353640964021906,0.0355850495398045,0,0.22572435438633
4.93753051757812,0.230040431022644,0.324782878160477,0.0908495262265205,0,4.95821189880371,0.000336735683958977,0.0382582247257233,0,0.245699718594551
5.29156446456909,0.236921966075897,0.336847722530365,0.103933438658714,0,7.07573223114014,0.000335933727910742,0.0370331220328808,0,0.237326741218567
4.85730218887329,0.217825189232826,0.321731060743332,0.0848418176174164,0,6.06721115112305,0.000350886781234294,0.038020197302103,0,0.213182017207146
4.6894383430481,0.173802852630615,0.301031768321991,0.0867535024881363,0,6.64467668533325,0.000344762724125758,0.0414254106581211,0,0.243237942457199
5.40103673934937,0.226297318935394,0.371372789144516,0.0854942724108696,0,6.79997873306274,0.00033961673034355,0.0366154164075851,0,0.210977002978325
5.17109775543213,0.235688328742981,0.348965585231781,0.0884603261947632,0,5.67778062820435,0.000330320384819061,0.0422999486327171,0,0.213646814227104
5.84070253372192,0.233312427997589,0.391938298940659,0.108691528439522,0,6.11340808868408,0.00035877845948562,0.0401578135788441,0,0.235005542635918
4.73193216323853,0.22051802277565,0.294484615325928,0.0914251506328583,0,7.02554559707642,0.000317676371196285,0.0401498377323151,0,0.24065600335598
5.46760225296021,0.215981408953667,0.372363567352295,0.0826008543372154,0,8.223801612854,0.000343239196809009,0.0395570509135723,0,0.231279075145721
5.1914210319519,0.235038071870804,0.333941340446472,0.0972451493144035,0,6.42845392227173,0.000347313849488273,0.0408630669116974,0,0.261627286672592
5.31477212905884,0.199949145317078,0.352792829275131,0.0913525819778442,0,6.83009338378906,0.000312545249471441,0.0386658422648907,0,0.27370947599411
5.49489212036133,0.208984851837158,0.371379852294922,0.0963583961129189,0,6.45566415786743,0.000290932890493423,0.0430261939764023,0,0.221057012677193
4.66985988616943,0.214685022830963,0.290649145841599,0.0920879170298576,0,6.86693239212036,0.000331905786879361,0.0354595296084881,0,0.231102392077446
5.07457637786865,0.214685425162315,0.335993081331253,0.0861062407493591,0,6.11011600494385,0.000307607755530626,0.0432520024478436,0,0.268360197544098
5.32580947875977,0.242735862731934,0.345093190670013,0.09918013215065,0,6.43269300460815,0.000331568415276706,0.0379420258104801,0,0.261626482009888
5.1862587928772,0.210022509098053,0.333119213581085,0.0976344421505928,0,6.68007278442383,0.000334950571414083,0.0390742272138596,0,0.275917708873749
5.11616897583008,0.222913309931755,0.32788148522377,0.0946611985564232,0,6.41267967224121,0.000309809693135321,0.0399131029844284,0,0.28717052936554
5.35106372833252,0.203722327947617,0.356456458568573,0.0935227870941162,0,6.72814273834229,0.000306651636492461,0.0356889478862286,0,0.257454633712769
5.42455911636353,0.276164829730988,0.355063825845718,0.0958380922675133,0,6.62292003631592,0.000323512154864147,0.038265947252512,0,0.25066864490509
5.09394359588623,0.228902250528336,0.340432703495026,0.0851644277572632,0,5.90619134902954,0.00032733820262365,0.038890428841114,0,0.255260765552521
4.88742876052856,0.238315090537071,0.32768315076828,0.0728688612580299,0,6.67717170715332,0.000345431384630501,0.0401879921555519,0,0.249280586838722
5.70430088043213,0.241707399487495,0.389997661113739,0.0921619683504105,0,6.73847770690918,0.000340658472850919,0.0367621816694736,0,0.248759299516678
5.2783784866333,0.246136754751205,0.34529447555542,0.0917128250002861,0,6.6171875,0.000331522809574381,0.0366800129413605,0,0.276124089956284
4.57164907455444,0.220904812216759,0.285208851099014,0.0914614498615265,0,5.92868089675903,0.000318426551530138,0.0367756523191929,0,0.232284545898438
5.0321192741394,0.265598505735397,0.324779838323593,0.0883900821208954,0,6.44116926193237,0.000361790851457044,0.0423002727329731,0,0.249131605029106
4.60600471496582,0.187135502696037,0.295568764209747,0.0891274586319923,0,5.3546085357666,0.000373825198039412,0.0393530279397964,0,0.244960308074951
5.33230543136597,0.207060933113098,0.366241455078125,0.0863617584109306,0,5.83952188491821,0.000339545891620219,0.0395480059087276,0,0.247744917869568
5.52932786941528,0.218740716576576,0.384739816188812,0.0893994942307472,0,5.61265516281128,0.00033558055292815,0.0402575880289078,0,0.228006854653358
4.7374119758606,0.246916308999062,0.297805398702621,0.0969418063759804,0,5.11660766601562,0.000299997976981103,0.0349125377833843,0,0.234674274921417
5.19888591766357,0.210945457220078,0.345405697822571,0.0890326723456383,0,6.69571542739868,0.000323899439536035,0.0364839285612106,0,0.253882259130478
4.83483695983887,0.225429654121399,0.320643067359924,0.0810042843222618,0,5.78971385955811,0.000347751745721325,0.0386247634887695,0,0.245336621999741
5.26273536682129,0.23721170425415,0.366003543138504,0.0775116235017776,0,6.00492811203003,0.000370769994333386,0.0396163761615753,0,0.230516135692596
5.06633758544922,0.175930559635162,0.343179732561111,0.0837037265300751,0,6.46825504302979,0.000377801945433021,0.0450132861733437,0,0.230450630187988
5.66438341140747,0.20549476146698,0.389083057641983,0.0894912779331207,0,7.31264638900757,0.00036603823537007,0.0410408265888691,0,0.245768651366234
5.34922790527344,0.198329493403435,0.375706851482391,0.0780113339424133,0,6.40723705291748,0.000383293809136376,0.0368012674152851,0,0.237961068749428
5.28768348693848,0.206275895237923,0.36222967505455,0.0858035609126091,0,6.366783618927,0.000413288624258712,0.0407308526337147,0,0.221433103084564
4.90333843231201,0.205775544047356,0.317928314208984,0.0891662910580635,0,6.83470821380615,0.000350090907886624,0.0391922034323215,0,0.225918129086494
4.91147422790527,0.265956670045853,0.314783096313477,0.084529735147953,0,7.37346744537354,0.000340155442245305,0.038581594824791,0,0.225673645734787
4.68788576126099,0.214053928852081,0.296090632677078,0.0899167433381081,0,6.52581214904785,0.000306401285342872,0.0415589362382889,0,0.224975898861885
5.70758485794067,0.229365393519402,0.389737695455551,0.0892596691846848,0,7.70409965515137,0.00030400269315578,0.0364476665854454,0,0.248217612504959
4.98722219467163,0.268877238035202,0.319419890642166,0.0912540331482887,0,6.08327388763428,0.000335928052663803,0.0423574335873127,0,0.243738353252411
5.65663576126099,0.242795556783676,0.384856373071671,0.088464044034481,0,7.49043130874634,0.000349985202774405,0.0404489859938622,0,0.245265319943428
5.22610521316528,0.251138865947723,0.337955206632614,0.0893583446741104,0,7.57399797439575,0.000401716562919319,0.0351176485419273,0,0.270253688097
5.78115129470825,0.208376809954643,0.413345813751221,0.0849134027957916,0,6.19850969314575,0.000406721490435302,0.0372763834893703,0,0.224139243364334
5.36817598342896,0.249447822570801,0.360638290643692,0.0847650617361069,0,7.34562826156616,0.000436621310655028,0.0314403250813484,0,0.250034123659134
5.38581466674805,0.21699646115303,0.366913557052612,0.0930646732449532,0,5.1619701385498,0.000455461937235668,0.0349224582314491,0,0.258325815200806
5.59633111953735,0.250144153833389,0.375014960765839,0.0986757278442383,0,5.63885974884033,0.000443817756604403,0.0412487983703613,0,0.265241891145706
5.48726558685303,0.233502924442291,0.366991251707077,0.0954346880316734,0,6.86121892929077,0.000369809422409162,0.0344448909163475,0,0.234589949250221
5.82371139526367,0.246086597442627,0.409641861915588,0.0886064246296883,0,5.83025979995728,0.00033272453583777,0.0372201576828957,0,0.247632950544357
5.36782550811768,0.220473065972328,0.371319085359573,0.0838910192251205,0,5.90056276321411,0.000331968301907182,0.036105751991272,0,0.245898962020874
4.66390943527222,0.223550871014595,0.295138478279114,0.0892496630549431,0,6.40290784835815,0.00031649399898015,0.0345435179769993,0,0.224357455968857
5.15791702270508,0.212803423404694,0.350266575813293,0.0810484364628792,0,7.03441524505615,0.000314915814669803,0.0390415862202644,0,0.221523404121399
5.70779609680176,0.227875515818596,0.391674906015396,0.0930498838424683,0,6.79941034317017,0.000317454745527357,0.0383740775287151,0,0.234981849789619
5.42833423614502,0.244833514094353,0.363943606615067,0.0885446518659592,0,6.83962774276733,0.000336633733240888,0.039817176759243,0,0.256742238998413
5.0717830657959,0.244012147188187,0.348064631223679,0.0775186568498611,0,5.82686328887939,0.000334518932504579,0.0377535782754421,0,0.223797291517258
5.75235795974731,0.206040769815445,0.40192985534668,0.0882397964596748,0,6.51448011398315,0.000376134063117206,0.0448107421398163,0,0.251492351293564
4.93033075332642,0.221711069345474,0.323972791433334,0.0848261266946793,0,6.47776126861572,0.000378529803128913,0.0385542139410973,0,0.23872122168541
5.13582611083984,0.167808517813683,0.349026441574097,0.0803571492433548,0,7.56694936752319,0.000384574726922438,0.0419123470783234,0,0.232773840427399
6.11723375320435,0.19187593460083,0.438263297080994,0.0882812291383743,0,7.15164756774902,0.000348034664057195,0.0395354628562927,0,0.242852509021759
5.6450777053833,0.234411776065826,0.388912290334702,0.0939025580883026,0,5.80893564224243,0.00035430837306194,0.0384143479168415,0,0.234271913766861
5.05183076858521,0.218349650502205,0.335984617471695,0.0905197486281395,0,5.53627014160156,0.000353988521965221,0.0418260768055916,0,0.228708237409592
4.74832057952881,0.221631750464439,0.308398842811584,0.086033433675766,0,5.54676532745361,0.000309628347167745,0.0408301018178463,0,0.243628099560738
5.65035390853882,0.245308890938759,0.371442705392838,0.0985450074076653,0,8.06019878387451,0.000333690055413172,0.0375735014677048,0,0.245630607008934
5.1603832244873,0.22805991768837,0.336250007152557,0.0951936170458794,0,6.20005989074707,0.000318709848215804,0.0419420897960663,0,0.244811847805977
5.40867185592651,0.248129576444626,0.350453287363052,0.100647903978825,0,6.61800479888916,0.000313782307785004,0.0379437766969204,0,0.261557519435883
5.14131498336792,0.230720654129982,0.33147406578064,0.090096652507782,0,7.60807323455811,0.000315882556606084,0.0418272502720356,0,0.251585125923157
5.0687403678894,0.225372463464737,0.334378212690353,0.0848447158932686,0,6.84220218658447,0.000345961365383118,0.0417060144245625,0,0.246295779943466
5.36246824264526,0.202423274517059,0.36580702662468,0.0836557969450951,0,6.9674015045166,0.000332130293827504,0.043181024491787,0,0.252109199762344
5.28706932067871,0.210813507437706,0.359714597463608,0.0883131697773933,0,6.18712520599365,0.000321177009027451,0.0394204780459404,0,0.22733074426651
5.25749588012695,0.203845217823982,0.355986356735229,0.0862560197710991,0,6.95987844467163,0.00036003373679705,0.0421851426362991,0,0.219775259494781
5.22433137893677,0.189658969640732,0.36042508482933,0.0808741226792336,0,6.40837478637695,0.000323246145853773,0.0429434105753899,0,0.236684665083885
5.3906192779541,0.225395396351814,0.387592047452927,0.0730058401823044,0,4.89309358596802,0.000327444780850783,0.0437183231115341,0,0.248849332332611
5.6012864112854,0.189895987510681,0.39314404129982,0.0819510444998741,0,7.27515697479248,0.000352726347045973,0.0400032624602318,0,0.236500829458237
5.13910293579102,0.225318104028702,0.33827206492424,0.0869813710451126,0,7.42011737823486,0.000365132727893069,0.0381758809089661,0,0.232797592878342
5.15810632705688,0.197314530611038,0.335306793451309,0.0878856256604195,0,8.63186740875244,0.000349319423548877,0.0406056828796864,0,0.236191123723984
4.72240447998047,0.225008308887482,0.312664270401001,0.0794581100344658,0,5.61305379867554,0.000343697640346363,0.0410311706364155,0,0.233801186084747
5.81283187866211,0.205394566059113,0.413910776376724,0.0833588689565659,0,6.53577041625977,0.000342145940521732,0.0407454594969749,0,0.246663212776184
5.1411828994751,0.190501943230629,0.344671577215195,0.0891027823090553,0,6.07764768600464,0.000366226944606751,0.0391982905566692,0,0.250074535608292
5.21770668029785,0.229988485574722,0.362222909927368,0.0693494528532028,0,7.68712759017944,0.000364474806701764,0.0417190454900265,0,0.224877089262009
4.74817228317261,0.204212233424187,0.304425776004791,0.0851308181881905,0,6.85222148895264,0.00034764438169077,0.0371122322976589,0,0.249940380454063
5.20982217788696,0.237246856093407,0.351950317621231,0.0856515616178513,0,6.7646312713623,0.000371557107428089,0.034829817712307,0,0.205894306302071
5.33146905899048,0.239822253584862,0.341778665781021,0.0898749083280563,0,8.96197605133057,0.000327138463035226,0.0354922115802765,0,0.273610532283783
5.19547033309937,0.236403033137321,0.351337760686874,0.0859504565596581,0,6.14467811584473,0.000333638279698789,0.0339883491396904,0,0.22780168056488
4.78035497665405,0.235961019992828,0.31439408659935,0.084156721830368,0,5.28546285629272,0.000300146144581959,0.0398839265108109,0,0.234636977314949
4.96897220611572,0.240308031439781,0.335300117731094,0.0822249874472618,0,5.77265787124634,0.000307564798276871,0.0344150811433792,0,0.213004231452942
5.19404125213623,0.229607671499252,0.332713335752487,0.0993218943476677,0,6.75813055038452,0.000310925010126084,0.0393494702875614,0,0.246994912624359
4.96341753005981,0.223263129591942,0.317539125680923,0.0962336659431458,0,6.08639144897461,0.000303142121993005,0.0355117134749889,0,0.244688138365746
5.33562755584717,0.216729208827019,0.365410417318344,0.0853095129132271,0,6.7022180557251,0.000301876483717933,0.0388422384858131,0,0.218174174427986
4.80567121505737,0.207077592611313,0.322542041540146,0.0820540264248848,0,5.3969464302063,0.00030695874011144,0.041181568056345,0,0.220859333872795
5.189368724823,0.257688194513321,0.328369826078415,0.0996420457959175,0,6.82498121261597,0.000346717570209876,0.0361159555613995,0,0.255965143442154
4.92292785644531,0.239118114113808,0.317811340093613,0.0887346118688583,0,6.6520619392395,0.000354952440829948,0.0394229926168919,0,0.226435407996178
4.93919658660889,0.261881530284882,0.326921939849854,0.0815257802605629,0,6.00741004943848,0.000351935887010768,0.0381519757211208,0,0.235063299536705
5.29291868209839,0.223962128162384,0.338488608598709,0.108358643949032,0,6.13262319564819,0.000347561232047155,0.0402492098510265,0,0.233306124806404
5.67520046234131,0.229067251086235,0.389435112476349,0.0904117822647095,0,6.9527850151062,0.000340500933816656,0.034731063991785,0,0.247758612036705
5.07229423522949,0.183026432991028,0.349421739578247,0.079972580075264,0,6.22379779815674,0.000338178302627057,0.034934114664793,0,0.231564700603485
5.10906744003296,0.210106998682022,0.334766685962677,0.0925862118601799,0,6.65449666976929,0.000334824930178002,0.0357492864131927,0,0.238915011286736
4.52650594711304,0.194365248084068,0.281586468219757,0.0910174250602722,0,6.17197132110596,0.000313451630063355,0.0373563766479492,0,0.241312116384506
5.49233675003052,0.200647279620171,0.37344679236412,0.0933401808142662,0,6.58760261535645,0.000319474405841902,0.0362026989459991,0,0.239975854754448
5.55321645736694,0.195887088775635,0.375368773937225,0.0909709259867668,0,7.15176105499268,0.000303062057355419,0.0393883995711803,0,0.277109950780869
4.28964567184448,0.22287455201149,0.251727968454361,0.0917671695351601,0,6.35342836380005,0.000321143277687952,0.0379266701638699,0,0.257098287343979
4.97506189346313,0.20387476682663,0.332589864730835,0.0787443444132805,0,6.83865833282471,0.00034369810600765,0.0400238931179047,0,0.255704998970032
5.5268611907959,0.200636640191078,0.377220809459686,0.0926951318979263,0,6.28242301940918,0.000332364375935867,0.0372171774506569,0,0.256951600313187
5.33269262313843,0.213417068123817,0.372811049222946,0.0798555836081505,0,5.85860109329224,0.00032051929156296,0.0410342887043953,0,0.237966910004616
5.68075704574585,0.178233027458191,0.394686043262482,0.0897418335080147,0,6.89302492141724,0.00032946711871773,0.0408321432769299,0,0.252181231975555
5.04279518127441,0.222041264176369,0.335894823074341,0.0835669189691544,0,6.45491886138916,0.000344110536389053,0.035443514585495,0,0.250052779912949
5.17459774017334,0.2468551248312,0.335024029016495,0.0881086736917496,0,7.28442096710205,0.000354835530743003,0.0373272523283958,0,0.2760269343853
4.81089639663696,0.199479460716248,0.308570891618729,0.081072635948658,0,8.10825729370117,0.000288754614302889,0.0399048998951912,0,0.249567687511444
5.81867647171021,0.20904840528965,0.402820140123367,0.09071284532547,0,7.27313852310181,0.000304536777548492,0.0412532836198807,0,0.248608961701393
5.16973400115967,0.1909089833498,0.33346426486969,0.0940122827887535,0,7.58194589614868,0.000306795351207256,0.038172148168087,0,0.267550230026245
5.36046600341797,0.220486685633659,0.358966439962387,0.0892722606658936,0,7.0143346786499,0.000316857738653198,0.0384556539356709,0,0.24903379380703
5.32199335098267,0.247356355190277,0.359683334827423,0.0808667242527008,0,7.37912034988403,0.00029882846865803,0.0352651625871658,0,0.247133120894432
4.08908462524414,0.218632027506828,0.239651784300804,0.0886042714118958,0,5.70810222625732,0.000309815251966938,0.0367285571992397,0,0.247239246964455
4.85722398757935,0.210783779621124,0.310774922370911,0.0863005295395851,0,7.49766159057617,0.000313756492687389,0.0377793572843075,0,0.243976786732674
5.48232412338257,0.204451605677605,0.379998594522476,0.0836018249392509,0,6.89236736297607,0.000313553144223988,0.0365420207381248,0,0.242280423641205
5.93232727050781,0.2004534304142,0.418141305446625,0.0950127393007278,0,5.98941993713379,0.000336705066729337,0.035910353064537,0,0.246828466653824
5.60424280166626,0.208609089255333,0.396089106798172,0.0888445302844048,0,4.7248592376709,0.00031364819733426,0.0349718704819679,0,0.257439881563187
4.98522853851318,0.233758926391602,0.328206241130829,0.08075912296772,0,7.54582166671753,0.000325794477248564,0.0382095873355865,0,0.227046921849251
5.00308084487915,0.236392721533775,0.32259726524353,0.0924879387021065,0,6.36100721359253,0.000315567565849051,0.0387022532522678,0,0.239574402570724
5.39573526382446,0.197925925254822,0.36752188205719,0.0883918181061745,0,7.11021995544434,0.000324870605254546,0.0331201069056988,0,0.233318120241165
5.14526987075806,0.218774735927582,0.341462165117264,0.0825454965233803,0,7.12324333190918,0.000336150347720832,0.0374130643904209,0,0.273968994617462
5.31285285949707,0.209160938858986,0.355118542909622,0.0921025648713112,0,6.06085252761841,0.000298079947242513,0.0417916029691696,0,0.26560178399086
5.10083770751953,0.206308618187904,0.330940693616867,0.0904873609542847,0,7.47925233840942,0.000324711087159812,0.0393805988132954,0,0.247052684426308
5.31004095077515,0.218838945031166,0.355769485235214,0.0935890898108482,0,5.6059455871582,0.00030543192406185,0.0371244922280312,0,0.261479526758194
4.52221870422363,0.217660516500473,0.28871938586235,0.0846224576234818,0,5.55409669876099,0.000304612971376628,0.0387419573962688,0,0.235170066356659
5.05087423324585,0.286235302686691,0.326303243637085,0.0821799039840698,0,6.95951461791992,0.000329401693306863,0.037482887506485,0,0.275442808866501
5.16696643829346,0.264950662851334,0.334021747112274,0.0886824205517769,0,6.98406791687012,0.000295020930934697,0.0368135720491409,0,0.270402729511261
4.81459331512451,0.247362956404686,0.308806896209717,0.0860109552741051,0,6.98783206939697,0.000287414237391204,0.0359062515199184,0,0.215657770633698
5.42929315567017,0.186902955174446,0.375572860240936,0.0843727514147758,0,7.42193222045898,0.000293387070996687,0.0371031612157822,0,0.216036021709442
5.23836040496826,0.265046566724777,0.345513999462128,0.0914311110973358,0,6.15928840637207,0.000313075026497245,0.0365254767239094,0,0.240953981876373
5.39492130279541,0.228039130568504,0.364305973052979,0.0896964371204376,0,6.5930495262146,0.000286729307845235,0.0394191183149815,0,0.237933501601219
5.70943593978882,0.241758301854134,0.389969289302826,0.0964000299572945,0,6.35922241210938,0.000323150219628587,0.0346742011606693,0,0.233850225806236
5.54795026779175,0.222339481115341,0.375028818845749,0.0966189503669739,0,5.94498538970947,0.000288343610009179,0.0391131602227688,0,0.253070503473282
5.1252908706665,0.240585327148438,0.343302696943283,0.0871137380599976,0,6.04431867599487,0.000314353121211752,0.0347881019115448,0,0.225985407829285
5.64544773101807,0.216820850968361,0.395325899124146,0.0839920789003372,0,6.73035526275635,0.0003217204939574,0.0408241599798203,0,0.2375328540802
4.78343677520752,0.202445924282074,0.308713644742966,0.0866863876581192,0,5.88189268112183,0.000293780933134258,0.0452470406889915,0,0.264878302812576
5.05298566818237,0.215817794203758,0.321039736270905,0.0993851646780968,0,6.86373090744019,0.000311683310428634,0.0383463762700558,0,0.232056960463524
5.29735517501831,0.226230904459953,0.364299893379211,0.0822253003716469,0,6.51564502716064,0.000293971155770123,0.0356632322072983,0,0.226448699831963
5.13611078262329,0.198595255613327,0.343998163938522,0.0936874151229858,0,5.47302103042603,0.000273927027592435,0.0380886904895306,0,0.229738727211952
5.32618284225464,0.183925434947014,0.363200664520264,0.0902199521660805,0,6.73542356491089,0.000284151552477852,0.0406223759055138,0,0.210204675793648
5.44258499145508,0.232143610715866,0.372019290924072,0.087853379547596,0,6.77296590805054,0.000289700925350189,0.0370820462703705,0,0.217298686504364
5.32699155807495,0.175966054201126,0.358204245567322,0.0926060900092125,0,7.10186958312988,0.000277278857538477,0.0399378053843975,0,0.227783277630806
5.30542469024658,0.161793559789658,0.366669267416,0.0826670080423355,0,7.19657850265503,0.000287792354356498,0.0425798185169697,0,0.2264254540205
5.02746152877808,0.183023065328598,0.348898977041245,0.0786116793751717,0,6.02288770675659,0.000297677324851975,0.0405425317585468,0,0.207224637269974
4.93004179000854,0.24022388458252,0.313485324382782,0.0891720578074455,0,7.60649251937866,0.000294251774903387,0.0372475907206535,0,0.226899951696396
4.96881532669067,0.23455086350441,0.32463526725769,0.0926462858915329,0,5.31391477584839,0.000282570865238085,0.0413736216723919,0,0.233551546931267
5.22284364700317,0.204632967710495,0.346614629030228,0.0976025834679604,0,5.57974290847778,0.000305626366753131,0.0380609147250652,0,0.239808291196823
4.96678352355957,0.252577483654022,0.321567595005035,0.0872031822800636,0,6.90097332000732,0.000292022130452096,0.0355904139578342,0,0.227917447686195
4.90194988250732,0.228547394275665,0.316174507141113,0.0922188684344292,0,6.0793285369873,0.000329399859765545,0.0349818132817745,0,0.232865452766418
5.24084424972534,0.205718740820885,0.350754767656326,0.0971849784255028,0,5.05193042755127,0.000321059196721762,0.0366219915449619,0,0.248037680983543
5.13482046127319,0.226067408919334,0.352235794067383,0.0821239948272705,0,5.88334274291992,0.000278718856861815,0.0407275669276714,0,0.209757670760155
5.17435693740845,0.232680395245552,0.352401256561279,0.0793828293681145,0,6.70307683944702,0.000273134413873777,0.0385911092162132,0,0.23065859079361
5.80602884292603,0.227971225976944,0.396921247243881,0.0918487459421158,0,7.82253074645996,0.000293089979095384,0.0356672443449497,0,0.245583951473236
4.73334217071533,0.237877428531647,0.303587436676025,0.0805902704596519,0,7.09466123580933,0.000281070126220584,0.0399624556303024,0,0.238869950175285
5.38477420806885,0.215887188911438,0.355182230472565,0.0979276448488235,0,6.68645858764648,0.000302218773867935,0.0392955169081688,0,0.244371563196182
5.30398941040039,0.211013182997704,0.360722243785858,0.07948949187994,0,7.31110334396362,0.000289801479084417,0.0410853922367096,0,0.263530790805817
5.10888957977295,0.236745446920395,0.338212460279465,0.0845915451645851,0,7.09688091278076,0.000292546377750114,0.0359079539775848,0,0.235251262784004
5.38059854507446,0.255165338516235,0.359681487083435,0.0886012017726898,0,6.83285903930664,0.000314980774419382,0.0394280701875687,0,0.241663843393326
5.38510513305664,0.203183084726334,0.360966742038727,0.0920548811554909,0,7.07596254348755,0.000288481503957883,0.0390246324241161,0,0.2392268627882
5.15680742263794,0.229550167918205,0.35616272687912,0.0785386860370636,0,5.7203369140625,0.000268659263383597,0.0390822887420654,0,0.235468566417694
4.85800886154175,0.231192722916603,0.309045702219009,0.0958053842186928,0,5.86918830871582,0.000289650459308177,0.0386639088392258,0,0.226705059409142
5.08458709716797,0.212701067328453,0.325746476650238,0.095349557697773,0,7.35039234161377,0.000293101620627567,0.0400187633931637,0,0.233230918645859
5.15221166610718,0.210798040032387,0.342311561107635,0.0902527868747711,0,6.74358892440796,0.000289318384602666,0.0378563702106476,0,0.221661180257797
5.31150007247925,0.256256431341171,0.357065260410309,0.0918653607368469,0,5.59389162063599,0.000289195450022817,0.0397909171879292,0,0.226412087678909
5.06841230392456,0.239981770515442,0.343652784824371,0.0777657777070999,0,6.37943553924561,0.000311371171846986,0.0383598320186138,0,0.237577751278877
5.11093854904175,0.24842794239521,0.339196175336838,0.0863207578659058,0,5.79497146606445,0.000271021155640483,0.0445020422339439,0,0.250704199075699
5.24205541610718,0.201277434825897,0.353343963623047,0.0810963660478592,0,7.98128128051758,0.000282736436929554,0.0409427508711815,0,0.23575496673584
5.11609840393066,0.215235695242882,0.344496965408325,0.0795568153262138,0,6.74336290359497,0.000279067317023873,0.0418564826250076,0,0.260232269763947
5.33739852905273,0.211234852671623,0.369024217128754,0.0801963582634926,0,7.12593984603882,0.000258637242950499,0.0347829572856426,0,0.225357100367546
5.42513275146484,0.224587649106979,0.355645924806595,0.0983405783772469,0,7.19534158706665,0.000275068363407627,0.0444108135998249,0,0.234160125255585
5.65509748458862,0.206001475453377,0.387571156024933,0.091739796102047,0,7.57641839981079,0.00027235149173066,0.0354215204715729,0,0.223897472023964
5.16493558883667,0.255490809679031,0.352368593215942,0.0821344777941704,0,5.38364791870117,0.000288787065073848,0.0400938130915165,0,0.234946772456169
5.84160900115967,0.216759532690048,0.414385706186295,0.0879760831594467,0,5.93197774887085,0.00030636548763141,0.044839896261692,0,0.23721981048584
5.28000116348267,0.210132926702499,0.351125627756119,0.0981564819812775,0,5.81100177764893,0.000332679192069918,0.0398316010832787,0,0.2265834659338
5.18496322631836,0.217021003365517,0.343702524900436,0.0873351916670799,0,7.21825504302979,0.000382146827178076,0.0388549976050854,0,0.238178744912148
5.00134992599487,0.201349064707756,0.325112879276276,0.0835739597678185,0,7.77858448028564,0.000343448220519349,0.0399473011493683,0,0.264110624790192
4.96099185943604,0.232071727514267,0.329100757837296,0.0818782299757004,0,6.29770565032959,0.000322599633364007,0.0387294441461563,0,0.245989680290222
4.8256139755249,0.253820657730103,0.304803192615509,0.0856731534004211,0,7.50549554824829,0.000340994156431407,0.0379104465246201,0,0.234718605875969
4.99172210693359,0.207078337669373,0.338358223438263,0.075749509036541,0,6.70700883865356,0.000315262383082882,0.0389870777726173,0,0.249577537178993
5.25073575973511,0.28001743555069,0.346647679805756,0.0848187208175659,0,7.18666124343872,0.000312163261696696,0.0356339626014233,0,0.243114143610001
4.82921648025513,0.243536800146103,0.314706802368164,0.086797833442688,0,5.36125040054321,0.00031262228731066,0.0356978997588158,0,0.248867705464363
5.39160490036011,0.243772894144058,0.353413343429565,0.100029692053795,0,6.66992807388306,0.000308843504171818,0.0365907773375511,0,0.224864035844803
5.2661337852478,0.191764175891876,0.341779559850693,0.100010082125664,0,7.50060081481934,0.000277112325420603,0.0347658470273018,0,0.229155600070953
5.31040000915527,0.246858388185501,0.355327486991882,0.085146851837635,0,7.28261852264404,0.000307187467115,0.0398335009813309,0,0.234763771295547
5.32296848297119,0.213176384568214,0.364665389060974,0.0872140228748322,0,6.43701362609863,0.000304364890325814,0.0378983244299889,0,0.212147206068039
5.48798608779907,0.247166842222214,0.373600333929062,0.0880485251545906,0,6.81491661071777,0.000301507185213268,0.0399671234190464,0,0.223483145236969
4.97244834899902,0.180272191762924,0.341129958629608,0.0789923593401909,0,5.78968000411987,0.000288130744593218,0.0426420606672764,0,0.237361758947372
5.5484414100647,0.228827804327011,0.387668967247009,0.0871458426117897,0,5.55133056640625,0.000295254256343469,0.0364943295717239,0,0.239009901881218
4.74748945236206,0.231965824961662,0.313303202390671,0.0733003839850426,0,6.79452276229858,0.00026048137806356,0.0403263419866562,0,0.249142125248909
5.07124853134155,0.263442188501358,0.324302196502686,0.0955820232629776,0,6.23876237869263,0.000280624895822257,0.0392752774059772,0,0.237972751259804
5.00935792922974,0.225358352065086,0.32210436463356,0.0928986296057701,0,6.78461074829102,0.000288160605123267,0.0365997180342674,0,0.239695653319359
4.94897556304932,0.236098244786263,0.32622766494751,0.0873591005802155,0,5.91921281814575,0.000241647139773704,0.0397264994680882,0,0.221338659524918
5.3575644493103,0.220140188932419,0.3566834628582,0.0948881655931473,0,7.09994125366211,0.000305171241052449,0.0389695018529892,0,0.208103954792023
5.24051761627197,0.186701998114586,0.372943758964539,0.0724887922406197,0,5.98300743103027,0.000280387146631256,0.0353065393865108,0,0.247239395976067
4.86745119094849,0.181316435337067,0.309928804636002,0.0946084633469582,0,7.22225999832153,0.00029448774876073,0.0355865098536015,0,0.226122155785561
5.29969167709351,0.208107873797417,0.359448373317719,0.0885527729988098,0,6.0525803565979,0.000292086770059541,0.038638997823,0,0.250838667154312
4.91931915283203,0.235733553767204,0.336316108703613,0.074495866894722,0,6.35587406158447,0.000290204858174548,0.0352347567677498,0,0.204675137996674
5.41418361663818,0.199892178177834,0.371375948190689,0.0862488970160484,0,6.79970693588257,0.000293518387479708,0.0365500077605247,0,0.243085965514183
5.22962522506714,0.214003384113312,0.354046016931534,0.0884547978639603,0,6.10849714279175,0.000277947110589594,0.0360955037176609,0,0.230907186865807
4.81005477905273,0.238743260502815,0.303438097238541,0.090256854891777,0,6.35434246063232,0.000292750191874802,0.0397533439099789,0,0.256869047880173
5.27855539321899,0.211281642317772,0.362868577241898,0.0792096480727196,0,7.15897941589355,0.000270085030933842,0.03667351603508,0,0.233397677540779
4.60465526580811,0.20597517490387,0.285624861717224,0.0848546028137207,0,7.46027517318726,0.000263002410065383,0.0407334454357624,0,0.259639710187912
5.43465948104858,0.251604467630386,0.370634496212006,0.0847426578402519,0,6.78962421417236,0.00026327307568863,0.0365447029471397,0,0.23485304415226
5.0722336769104,0.238223746418953,0.329984366893768,0.0884943306446075,0,7.11599016189575,0.000273563666269183,0.0406571291387081,0,0.232300564646721
5.34712743759155,0.187015071511269,0.358070582151413,0.088850699365139,0,7.93628644943237,0.000269137643044814,0.0381035581231117,0,0.236795648932457
5.51763105392456,0.224173754453659,0.381856858730316,0.0926550626754761,0,5.04450750350952,0.000258054846199229,0.0416721440851688,0,0.233475506305695
5.23072147369385,0.267470866441727,0.347211629152298,0.084223635494709,0,7.09619522094727,0.000270827556960285,0.037606168538332,0,0.237543493509293
5.4114818572998,0.264851748943329,0.360023558139801,0.091077134013176,0,7.30584573745728,0.000275944534223527,0.0387298353016376,0,0.212098136544228
5.34213733673096,0.266412317752838,0.359731614589691,0.0832041129469872,0,6.68679666519165,0.000249739357968792,0.040295023471117,0,0.251460611820221
5.35742044448853,0.235637798905373,0.36195906996727,0.0859591662883759,0,7.57504034042358,0.000284927664324641,0.0378655642271042,0,0.206906840205193
5.88866710662842,0.192751109600067,0.402899861335754,0.105274043977261,0,6.61281633377075,0.000291931006358936,0.0336387529969215,0,0.232932612299919
5.41487073898315,0.20886541903019,0.370036512613297,0.0865477621555328,0,6.85070848464966,0.000270121643552557,0.0386031419038773,0,0.239587113261223
5.51185178756714,0.196161061525345,0.388314694166183,0.0847061797976494,0,5.90018177032471,0.000265840848442167,0.0369698256254196,0,0.234885364770889
5.51492500305176,0.210659027099609,0.373487651348114,0.0916266292333603,0,6.99615240097046,0.00030287163099274,0.0395273119211197,0,0.243872702121735
4.82282781600952,0.194157376885414,0.321168810129166,0.0802661553025246,0,6.69551467895508,0.000270601187366992,0.0398139953613281,0,0.21968837082386
5.04708766937256,0.218040660023689,0.339594185352325,0.0835212022066116,0,6.53232622146606,0.000281532993540168,0.0372234992682934,0,0.215301230549812
5.45502424240112,0.206550166010857,0.363610774278641,0.0933988392353058,0,8.08568572998047,0.000285704620182514,0.0330391079187393,0,0.224392026662827
4.95809602737427,0.21802219748497,0.320419549942017,0.0964416936039925,0,5.66454458236694,0.000280812149867415,0.0401138439774513,0,0.227923333644867
5.15152931213379,0.180030345916748,0.356102913618088,0.0866340696811676,0,5.21227741241455,0.0002524588489905,0.0364705100655556,0,0.228683039546013
5.33957242965698,0.194582253694534,0.36328798532486,0.0954055339097977,0,5.55825233459473,0.000269324867986143,0.0399941168725491,0,0.22001688182354
5.17799377441406,0.234483525156975,0.334188491106033,0.0984460562467575,0,6.60749435424805,0.000261625653365627,0.0370775572955608,0,0.231042921543121
4.98178911209106,0.218557178974152,0.329669505357742,0.0906224176287651,0,5.87967205047607,0.000235788989812136,0.0377758778631687,0,0.209547340869904
5.29187440872192,0.196980267763138,0.370449364185333,0.083826094865799,0,5.53837394714355,0.000255159713560715,0.0362675823271275,0,0.220691874623299
5.13578414916992,0.213502407073975,0.344879567623138,0.0867681503295898,0,5.84870481491089,0.000267629860900342,0.0378137268126011,0,0.256514340639114
4.88938999176025,0.214888721704483,0.321359932422638,0.0806952714920044,0,7.1998233795166,0.00026204192545265,0.0385732501745224,0,0.235967248678207
4.72884798049927,0.19322457909584,0.296966850757599,0.0939163640141487,0,6.41513204574585,0.000268987118033692,0.0406474582850933,0,0.244929194450378
5.24628353118896,0.237873002886772,0.349160075187683,0.089165985584259,0,6.79390382766724,0.000263484223978594,0.0389265120029449,0,0.226933240890503
5.12279653549194,0.210779651999474,0.337908565998077,0.0891907438635826,0,7.04580497741699,0.000280133739579469,0.0367340296506882,0,0.233492687344551
5.03929805755615,0.226894795894623,0.325732737779617,0.0949035808444023,0,6.20061349868774,0.000244939408730716,0.0353944338858128,0,0.242795392870903
5.14948320388794,0.248834535479546,0.351003736257553,0.0798994228243828,0,5.98115348815918,0.000294557248707861,0.037079781293869,0,0.236792623996735
5.47618436813354,0.256112962961197,0.362315893173218,0.0950287878513336,0,7.12556266784668,0.000291676755296066,0.0375653989613056,0,0.233852386474609
5.67652606964111,0.224131837487221,0.392165005207062,0.0878454074263573,0,7.04030895233154,0.000279530271654949,0.0383028760552406,0,0.242680683732033
5.21447658538818,0.212388381361961,0.365224689245224,0.0739132538437843,0,6.18553352355957,0.000300411891657859,0.0364203900098801,0,0.246651008725166
5.51424694061279,0.273368865251541,0.378071546554565,0.0795953646302223,0,7.47342824935913,0.000262612185906619,0.0363717749714851,0,0.235848188400269
5.3092098236084,0.218764111399651,0.360573172569275,0.0853829607367516,0,6.73849630355835,0.00028937152819708,0.0368717461824417,0,0.238507211208344
5.26077938079834,0.211094111204147,0.355755776166916,0.0864278748631477,0,6.8622899055481,0.000266623450443149,0.0401570573449135,0,0.224365085363388
4.65390586853027,0.195787042379379,0.306687146425247,0.0763652548193932,0,6.72031593322754,0.000254761427640915,0.0355470590293407,0,0.238131508231163
5.23185157775879,0.195983231067657,0.352156668901443,0.0857761949300766,0,7.08243036270142,0.00025641595129855,0.0387790575623512,0,0.244121432304382
5.61658000946045,0.20817106962204,0.394012987613678,0.083128921687603,0,6.91175270080566,0.000285625050310045,0.0377104468643665,0,0.234693795442581
5.47354078292847,0.224543690681458,0.377592712640762,0.0882126092910767,0,6.36667013168335,0.000256334315054119,0.0335951596498489,0,0.22208945453167
4.87464714050293,0.19646805524826,0.330135434865952,0.0760940536856651,0,6.50153303146362,0.000262212444795296,0.0381758771836758,0,0.233412086963654
4.64746618270874,0.213237330317497,0.299447745084763,0.0826910734176636,0,6.44086647033691,0.000299288280075416,0.0370833575725555,0,0.235022723674774
5.20790863037109,0.185745149850845,0.348184317350388,0.0963472798466682,0,5.89966869354248,0.000292216776870191,0.0338652208447456,0,0.230920374393463
5.27880096435547,0.247294545173645,0.345053374767303,0.0906952098011971,0,7.24202013015747,0.000305017398204654,0.034504596143961,0,0.26001039147377
5.15342330932617,0.214763104915619,0.34476101398468,0.0873380601406097,0,5.96091938018799,0.000288395880488679,0.0394095815718174,0,0.260364979505539
5.16714811325073,0.236124083399773,0.349282383918762,0.0818092599511147,0,6.61740589141846,0.000257525913184509,0.0375558584928513,0,0.232774555683136
4.52120923995972,0.192361831665039,0.282893657684326,0.0871318727731705,0,6.43670892715454,0.000264942675130442,0.0395979359745979,0,0.247227281332016
5.35320138931274,0.214038297533989,0.366063326597214,0.0879896283149719,0,5.69757080078125,0.000261514098383486,0.0379084199666977,0,0.256760865449905
4.9969744682312,0.243780016899109,0.315107017755508,0.094478502869606,0,6.94783496856689,0.000257324456470087,0.0362009257078171,0,0.255517482757568
4.82790327072144,0.235274314880371,0.314752995967865,0.0831578969955444,0,6.56846570968628,0.000230405290494673,0.0409131050109863,0,0.223611280322075
5.02187299728394,0.260381489992142,0.332340866327286,0.0850161090493202,0,5.97141599655151,0.000257754669291899,0.0367815457284451,0,0.234049990773201
5.29074192047119,0.224696204066277,0.357317745685577,0.0829424858093262,0,7.05955457687378,0.000274456338956952,0.0407368242740631,0,0.249223440885544
4.89743041992188,0.25173032283783,0.318023532629013,0.0863560438156128,0,6.48766422271729,0.000288446637568995,0.0339087843894958,0,0.226513355970383
5.47225141525269,0.237977027893066,0.371637433767319,0.0908124819397926,0,6.38813972473145,0.000265794573351741,0.0354576334357262,0,0.237048491835594
4.78795766830444,0.240127742290497,0.309966534376144,0.0879351049661636,0,5.78901529312134,0.000294828176265582,0.0347743704915047,0,0.227053865790367
5.44979333877563,0.214666098356247,0.372927129268646,0.0913233906030655,0,6.21095895767212,0.000259367137914523,0.0352877639234066,0,0.229012429714203
4.85289239883423,0.23628656566143,0.312087953090668,0.0864440277218819,0,6.70070552825928,0.000246144947595894,0.0430139601230621,0,0.231606423854828
5.49966382980347,0.209315001964569,0.374059468507767,0.0929976552724838,0,7.16905498504639,0.000235390209127218,0.0366963669657707,0,0.206162616610527
5.46980762481689,0.247874036431313,0.364282369613647,0.0932038575410843,0,6.97018909454346,0.000272535602562129,0.0379036664962769,0,0.241570040583611
5.44601011276245,0.24404838681221,0.366756111383438,0.0885858684778214,0,7.17857551574707,0.000246257666731253,0.0405187606811523,0,0.228711858391762
5.68433666229248,0.231603100895882,0.40049821138382,0.0875257030129433,0,5.77723932266235,0.000294808472972363,0.042203851044178,0,0.220179662108421
5.77191352844238,0.217718899250031,0.406105697154999,0.0811312720179558,0,7.87705087661743,0.000235921106650494,0.0340670049190521,0,0.236753404140472
5.01332664489746,0.246278017759323,0.321504682302475,0.092079758644104,0,6.90639638900757,0.000262395158642903,0.0364917665719986,0,0.231015861034393
5.09274864196777,0.189103037118912,0.340207785367966,0.0880376547574997,0,6.40821218490601,0.000289906311081722,0.0347301326692104,0,0.248539924621582
5.15062713623047,0.185157909989357,0.350349992513657,0.0806285366415977,0,6.58664798736572,0.000282065739156678,0.0367996841669083,0,0.271010369062424
5.04522705078125,0.241646304726601,0.334156662225723,0.0831634327769279,0,6.62835025787354,0.000306827772874385,0.0352425314486027,0,0.245944887399673
5.23663568496704,0.23636382818222,0.349483162164688,0.0870152190327644,0,6.48001575469971,0.000273777288384736,0.0354695245623589,0,0.257946640253067
4.66033220291138,0.235461995005608,0.293921172618866,0.0879213362932205,0,5.95479440689087,0.000261714973021299,0.0386136397719383,0,0.250654339790344
5.51205635070801,0.186313763260841,0.387738317251205,0.0883535295724869,0,5.38595962524414,0.000281670509139076,0.0367555804550648,0,0.240252152085304
5.62723445892334,0.202372163534164,0.397769510746002,0.0878967046737671,0,5.36875343322754,0.000267857889411971,0.0328937694430351,0,0.250287532806396
4.87103509902954,0.192952290177345,0.335641205310822,0.0753624364733696,0,5.76601552963257,0.000253174832323566,0.0385668724775314,0,0.221768945455551
5.14546585083008,0.224029242992401,0.347061932086945,0.0793504193425179,0,7.55573606491089,0.000259137741522864,0.0353368148207664,0,0.226391807198524
4.99153995513916,0.245161280035973,0.334725499153137,0.0804022699594498,0,5.82998466491699,0.000262810557615012,0.0398940406739712,0,0.243628785014153
5.325110912323,0.234089896082878,0.362906932830811,0.0800644531846046,0,7.25859498977661,0.000305955385556445,0.039179801940918,0,0.239454969763756
5.50881147384644,0.205206483602524,0.380925297737122,0.0837883949279785,0,7.579918384552,0.000307008507661521,0.0384573265910149,0,0.219632491469383
5.6036810874939,0.226272970438004,0.385015785694122,0.0915834084153175,0,6.42188835144043,0.000335092161549255,0.0440048165619373,0,0.224147200584412
5.16033744812012,0.199656337499619,0.342603743076324,0.0898114889860153,0,6.98129034042358,0.000327513727825135,0.0359638817608356,0,0.233354866504669
5.04681396484375,0.189979553222656,0.348514646291733,0.0749977082014084,0,6.34940052032471,0.000330960232531652,0.0413095504045486,0,0.242110967636108
5.51674890518188,0.203871518373489,0.384083330631256,0.0807873159646988,0,7.13235092163086,0.000341707054758444,0.039635818451643,0,0.247929066419601
5.17699098587036,0.231368750333786,0.334357142448425,0.0884944275021553,0,8.20162391662598,0.000308887683786452,0.0358166210353374,0,0.253145813941956
5.08355093002319,0.231355398893356,0.335763186216354,0.0847537517547607,0,6.7553277015686,0.000273892626864836,0.0404966324567795,0,0.24837838113308
5.68972492218018,0.220051378011703,0.390183925628662,0.090221531689167,0,6.72117185592651,0.000266992399701849,0.0401236303150654,0,0.269241183996201
5.34369611740112,0.232686474919319,0.348060011863708,0.0976667255163193,0,7.34030818939209,0.000246313808020204,0.0391895174980164,0,0.227819591760635
5.07112979888916,0.22631524503231,0.346261143684387,0.0791181996464729,0,6.03647518157959,0.000271093449555337,0.0375182740390301,0,0.232784956693649
5.29253244400024,0.228420779109001,0.361080318689346,0.0827232226729393,0,6.7593412399292,0.000315055774990469,0.0372189655900002,0,0.232123449444771
4.8737678527832,0.235698089003563,0.333763480186462,0.071666456758976,0,5.88130664825439,0.000314416538458318,0.0383845381438732,0,0.231971248984337
5.46302461624146,0.212962299585342,0.371460467576981,0.0922120213508606,0,6.45323801040649,0.000354992575012147,0.0389747247099876,0,0.232036232948303
5.69757556915283,0.223011165857315,0.400991141796112,0.08855140209198,0,5.91935443878174,0.000331901013851166,0.0367718748748302,0,0.227847814559937
4.80251789093018,0.217528343200684,0.308648854494095,0.082268163561821,0,7.85370111465454,0.000327418791130185,0.0362011902034283,0,0.228669211268425
5.15357255935669,0.229535654187202,0.333524346351624,0.0925939679145813,0,7.60893201828003,0.000288842420559376,0.0387025959789753,0,0.224208801984787
5.40134811401367,0.202416598796844,0.360386818647385,0.086238868534565,0,8.54838180541992,0.000330028822645545,0.0356409400701523,0,0.251628667116165
5.78023052215576,0.228799968957901,0.401044905185699,0.0827644169330597,0,8.3360538482666,0.00028298469260335,0.0359941869974136,0,0.242401450872421
4.99146175384521,0.220058530569077,0.322362691164017,0.0951814949512482,0,5.91605520248413,0.000275635422440246,0.0350679308176041,0,0.247419327497482
4.84473514556885,0.247007250785828,0.306890964508057,0.0880213007330894,0,6.59647989273071,0.000259911554167047,0.0363628752529621,0,0.264106780290604
5.28351926803589,0.223294138908386,0.35682812333107,0.0862249433994293,0,6.83387041091919,0.000250182551098987,0.0365985818207264,0,0.232978254556656
5.29059267044067,0.24956750869751,0.350581139326096,0.094212144613266,0,5.64952325820923,0.000240448134718463,0.0360548011958599,0,0.256414115428925
5.29313659667969,0.220410570502281,0.365369141101837,0.0822557583451271,0,6.17481803894043,0.000230277742957696,0.0348403304815292,0,0.235360443592072
5.20913505554199,0.23094742000103,0.340722173452377,0.0938897505402565,0,6.69655418395996,0.000231792029808275,0.0394230149686337,0,0.23798967897892
5.80992031097412,0.234582915902138,0.40080937743187,0.0951415300369263,0,6.4090576171875,0.000286779802991077,0.0411081686615944,0,0.233569979667664
5.11994886398315,0.234815716743469,0.337081551551819,0.0929131135344505,0,6.3328332901001,0.000306095811538398,0.0343815460801125,0,0.21681921184063
5.01480054855347,0.193991392850876,0.337794065475464,0.0807420387864113,0,7.22258901596069,0.000354751042323187,0.0363947674632072,0,0.21954932808876
5.19028663635254,0.212569370865822,0.357609659433365,0.0768137127161026,0,7.07217168807983,0.000355496566044167,0.0405490212142467,0,0.218873307108879
5.0272331237793,0.208908960223198,0.325303375720978,0.0902579873800278,0,7.3136157989502,0.000386257917853072,0.0369580946862698,0,0.241399869322777
4.99582672119141,0.232643216848373,0.325629413127899,0.0924859717488289,0,5.61124992370605,0.000336597120622173,0.0378953106701374,0,0.244456171989441
4.64884614944458,0.202521502971649,0.302241802215576,0.0830911546945572,0,5.88887882232666,0.00033539516152814,0.0427850037813187,0,0.234205782413483
4.95049715042114,0.210891932249069,0.324575781822205,0.0792471542954445,0,8.32841014862061,0.000318999955197796,0.0392805561423302,0,0.225875377655029
5.24263954162598,0.202659666538239,0.344880014657974,0.0889985114336014,0,8.03305530548096,0.000287730741547421,0.0399948954582214,0,0.239405587315559
4.68777561187744,0.207990035414696,0.30856841802597,0.0805895030498505,0,5.79176473617554,0.000284169422229752,0.0397623814642429,0,0.238832160830498
5.04566860198975,0.195473551750183,0.330804526805878,0.0935086458921432,0,6.54981517791748,0.000273056706646457,0.0363014042377472,0,0.224984183907509
5.45349931716919,0.209255367517471,0.363614410161972,0.0933998078107834,0,8.13601875305176,0.000264552916632965,0.036621805280447,0,0.212236136198044
5.72047424316406,0.237327635288239,0.393051445484161,0.0911513864994049,0,6.36325883865356,0.00027104071341455,0.045027818530798,0,0.255278438329697
5.26818561553955,0.208610609173775,0.346437394618988,0.0920796096324921,0,7.21300983428955,0.000293822609819472,0.0406023077666759,0,0.252704322338104
5.76854467391968,0.217178046703339,0.403477221727371,0.0833049863576889,0,7.87043714523315,0.000327553338138387,0.0416752398014069,0,0.22734659910202
4.96741199493408,0.201298356056213,0.326941192150116,0.0814260467886925,0,7.48752784729004,0.000306623405776918,0.04610975086689,0,0.238746494054794
5.24624347686768,0.22605137526989,0.35073646903038,0.0860355645418167,0,7.13419055938721,0.000338062411174178,0.0403190106153488,0,0.235114440321922
5.62928867340088,0.213541910052299,0.392367839813232,0.0876302495598793,0,6.32077836990356,0.000384502141969278,0.0408146493136883,0,0.238312318921089
5.35543537139893,0.206528380513191,0.375138610601425,0.0817403569817543,0,5.93102741241455,0.000348843401297927,0.0414324849843979,0,0.221242874860764
5.29196166992188,0.237066060304642,0.362446486949921,0.085360050201416,0,5.73240900039673,0.000358837016392499,0.0377481542527676,0,0.233408153057098
5.00946235656738,0.217627719044685,0.328197568655014,0.091959111392498,0,5.95562982559204,0.00033475281088613,0.0424707047641277,0,0.228612914681435
5.07749462127686,0.241641163825989,0.335608720779419,0.0810838937759399,0,7.67634439468384,0.000293400808004662,0.0357595197856426,0,0.231323570013046
5.04077434539795,0.217502638697624,0.34145525097847,0.0770686194300652,0,6.23678827285767,0.000252310652285814,0.0384227745234966,0,0.268432676792145
4.66785764694214,0.254217118024826,0.287236213684082,0.0928590297698975,0,6.65202760696411,0.000255250692134723,0.0311880726367235,0,0.233176708221436
5.43624877929688,0.233851552009583,0.357615798711777,0.0980151370167732,0,6.90685415267944,0.000244959985138848,0.0391049459576607,0,0.241965413093567
5.48882961273193,0.247105002403259,0.373579621315002,0.087985523045063,0,6.51913213729858,0.000252555502811447,0.0347629450261593,0,0.247845828533173
4.9807186126709,0.20235238969326,0.333464741706848,0.0826474651694298,0,6.75241947174072,0.000270802265731618,0.0360674969851971,0,0.225386053323746
5.41906881332397,0.217264637351036,0.370703637599945,0.0896513909101486,0,6.31881093978882,0.000275885249720886,0.0390951111912727,0,0.223532781004906
4.74957323074341,0.183082580566406,0.295629560947418,0.0950725972652435,0,6.60136985778809,0.000259258173173293,0.0377617366611958,0,0.272628128528595
5.38366746902466,0.212525442242622,0.363788843154907,0.0942180752754211,0,6.42197513580322,0.000281686545349658,0.0361716337502003,0,0.215575978159904
5.02193450927734,0.214848816394806,0.331253349781036,0.0858865305781364,0,7.09997844696045,0.000281791115412489,0.0415794812142849,0,0.2181775867939
5.26591634750366,0.212588220834732,0.35389119386673,0.0930358916521072,0,6.16913938522339,0.000299396633636206,0.0415714792907238,0,0.213093414902687
5.42155885696411,0.217011451721191,0.371776908636093,0.091068372130394,0,5.94732522964478,0.000300961983157322,0.0385029502213001,0,0.220823258161545
5.19863319396973,0.239369511604309,0.340285658836365,0.0941383615136147,0,6.63768482208252,0.000299599603749812,0.0325731486082077,0,0.23412974178791
4.57224035263062,0.204819068312645,0.29252302646637,0.0851074159145355,0,6.22620582580566,0.00030097080161795,0.0373637340962887,0,0.223610177636147
5.09514093399048,0.217783361673355,0.341333270072937,0.086088590323925,0,6.03713750839233,0.000301060557831079,0.0393882021307945,0,0.242048561573029
5.67829656600952,0.237684637308121,0.386158287525177,0.091163657605648,0,7.30668687820435,0.0002975030511152,0.0351266525685787,0,0.249218821525574
5.37525415420532,0.230121955275536,0.360860288143158,0.0902824699878693,0,6.68065929412842,0.000272613571723923,0.0390158407390118,0,0.241011768579483
5.04555082321167,0.233395367860794,0.332262068986893,0.0847900807857513,0,7.15953636169434,0.000252218014793471,0.0359878540039062,0,0.22954948246479
5.21453714370728,0.21874475479126,0.354835838079453,0.0815220549702644,0,7.08662843704224,0.000225220850552432,0.04073091968894,0,0.216673240065575
5.14066028594971,0.244163930416107,0.341016441583633,0.0878811106085777,0,6.7839207649231,0.000227946875384077,0.0369055457413197,0,0.212852507829666
5.12397193908691,0.212487623095512,0.341335594654083,0.0872357934713364,0,6.77932024002075,0.000234919265494682,0.037160586565733,0,0.23094654083252
4.63567113876343,0.232199013233185,0.307694643735886,0.069397896528244,0,6.67025899887085,0.000207193836104125,0.0407550223171711,0,0.237798437476158
5.32101821899414,0.225557878613472,0.362628281116486,0.0849038064479828,0,6.03130435943604,0.000242841575527564,0.0371166616678238,0,0.26277756690979
5.30364799499512,0.234787508845329,0.362152576446533,0.0852311700582504,0,6.21498775482178,0.000238977241679095,0.0352170392870903,0,0.231328472495079
4.88282489776611,0.205546915531158,0.323479741811752,0.0792521759867668,0,6.80680561065674,0.000269668409600854,0.0396511852741241,0,0.250006854534149
4.7671594619751,0.202056348323822,0.308412224054337,0.0840665698051453,0,6.63472652435303,0.000276490463875234,0.0389271304011345,0,0.250049352645874
5.56057214736938,0.23079477250576,0.390275120735168,0.0823723822832108,0,6.67877912521362,0.000278962223092094,0.0408768840134144,0,0.207908183336258
5.29530239105225,0.210148617625237,0.370509088039398,0.0774270296096802,0,6.26268911361694,0.000276779872365296,0.0377515219151974,0,0.235892355442047
4.8802342414856,0.217345908284187,0.312732607126236,0.0901554003357887,0,6.80985832214355,0.000287273607682437,0.0367654263973236,0,0.238224223256111
5.46263456344604,0.249612614512444,0.360368072986603,0.0964054018259048,0,6.97051525115967,0.000298397470032796,0.0354179814457893,0,0.243485733866692
5.32332611083984,0.23504738509655,0.358715802431107,0.0902504622936249,0,6.24492692947388,0.000278853549389169,0.0399809069931507,0,0.226259022951126
5.47436094284058,0.208512052893639,0.368101865053177,0.0888060480356216,0,7.71864366531372,0.000228898716159165,0.0390511564910412,0,0.252146929502487
5.46612739562988,0.237156584858894,0.367144197225571,0.0947194844484329,0,6.67704582214355,0.000227575306780636,0.0346187800168991,0,0.224439680576324
5.36830425262451,0.228477120399475,0.359918802976608,0.0846343114972115,0,8.39046287536621,0.000248611264396459,0.0377496369183064,0,0.218023687601089
5.40331602096558,0.211113378405571,0.385183662176132,0.0695206820964813,0,6.80144786834717,0.000216217260458507,0.0348951183259487,0,0.252635270357132
5.12618684768677,0.186812072992325,0.336502939462662,0.0890539139509201,0,7.0051383972168,0.000239584594964981,0.0369183868169785,0,0.278051853179932
5.17338705062866,0.228673502802849,0.341229289770126,0.0889377370476723,0,6.53497886657715,0.000237892265431583,0.038993202149868,0,0.257685452699661
5.13556957244873,0.200548574328423,0.344099521636963,0.0934738144278526,0,5.27810668945312,0.000219102628761902,0.0358808785676956,0,0.241451218724251
5.44249391555786,0.214840844273567,0.374628841876984,0.0827993750572205,0,6.87083864212036,0.000240768087678589,0.0383355319499969,0,0.252205491065979
4.9518871307373,0.195748046040535,0.317925751209259,0.0928402617573738,0,6.55465984344482,0.000248470198130235,0.0393756963312626,0,0.261558294296265
4.90434122085571,0.199917122721672,0.327749103307724,0.0824184939265251,0,6.13861036300659,0.000255231163464487,0.0337342843413353,0,0.245087996125221
5.36738157272339,0.217488706111908,0.364430755376816,0.0935101732611656,0,5.56732368469238,0.000247340969508514,0.0371011607348919,0,0.236342340707779
5.54451847076416,0.224816024303436,0.398455411195755,0.074206754565239,0,5.63276958465576,0.000241274930885993,0.041185986250639,0,0.249542266130447
6.0671329498291,0.197913944721222,0.433018863201141,0.0898416489362717,0,6.96453380584717,0.000233461760217324,0.0360934771597385,0,0.238130077719688
5.25316429138184,0.197069555521011,0.356561362743378,0.0883904621005058,0,6.36222553253174,0.00022106253891252,0.0384304076433182,0,0.230708792805672
4.80746126174927,0.235486462712288,0.309230029582977,0.0829206258058548,0,6.38622570037842,0.000228272154345177,0.0401877537369728,0,0.270761638879776
5.2403302192688,0.227523654699326,0.360338509082794,0.0788392573595047,0,6.17000293731689,0.000230944599024951,0.0414657108485699,0,0.250215172767639
5.37902307510376,0.221041947603226,0.357728987932205,0.0864257737994194,0,8.46573448181152,0.000208904049941339,0.0367277376353741,0,0.237950772047043
5.12060546875,0.222569927573204,0.336904048919678,0.0881805270910263,0,7.56404685974121,0.000203409843379632,0.0331843011081219,0,0.219109132885933
5.69364261627197,0.198767125606537,0.399619787931442,0.0910718962550163,0,6.40796136856079,0.000189372338354588,0.0352473743259907,0,0.214594721794128
5.52688598632812,0.213791191577911,0.379730612039566,0.0828988328576088,0,7.60165023803711,0.000211097241844982,0.0356758795678616,0,0.253098160028458
4.77764225006104,0.233136668801308,0.305636495351791,0.0837959721684456,0,7.17759132385254,0.00023686517670285,0.0366808287799358,0,0.236161485314369
4.63813447952271,0.225849643349648,0.280100673437119,0.0939911603927612,0,7.81173324584961,0.000229385070269927,0.0356248579919338,0,0.22722789645195
5.00403594970703,0.23172302544117,0.338263183832169,0.0748619213700294,0,6.5039644241333,0.000240593406488188,0.0361863076686859,0,0.261463969945908
4.89165115356445,0.224232494831085,0.316947460174561,0.0896629467606544,0,5.88051462173462,0.000265393668087199,0.0349795632064342,0,0.254686683416367
5.05713081359863,0.221127301454544,0.340100198984146,0.0804222524166107,0,6.81736326217651,0.000259510241448879,0.036394290626049,0,0.235190063714981
5.13121318817139,0.243395790457726,0.34376859664917,0.0873783305287361,0,5.61429262161255,0.000224190691369586,0.039380818605423,0,0.236450791358948
5.13572025299072,0.210291981697083,0.343016117811203,0.0849460437893867,0,6.5177264213562,0.000221276437514462,0.040886964648962,0,0.258478969335556
5.46115303039551,0.224258944392204,0.37710627913475,0.0829847753047943,0,7.07203483581543,0.000214957311982289,0.0380570665001869,0,0.225188657641411
5.13672733306885,0.223777890205383,0.336249530315399,0.0977002084255219,0,5.9384617805481,0.000200777256395668,0.0382995158433914,0,0.218978643417358
5.18029356002808,0.239330619573593,0.34170863032341,0.0918520838022232,0,6.31150960922241,0.000213329753023572,0.0342075675725937,0,0.238361969590187
5.48192071914673,0.239807620644569,0.37322735786438,0.0860689207911491,0,7.16044330596924,0.000206955097382888,0.0361568368971348,0,0.236789107322693
4.9443039894104,0.233739793300629,0.326795071363449,0.0810744985938072,0,6.79552745819092,0.00023840474023018,0.0393820069730282,0,0.232899680733681
5.41279315948486,0.246770709753036,0.363848686218262,0.0940564796328545,0,6.36710453033447,0.000212199258385226,0.0333829671144485,0,0.218435034155846
5.30441093444824,0.214711546897888,0.358705878257751,0.084602102637291,0,7.82500314712524,0.000242385460296646,0.0372924543917179,0,0.209309667348862
5.22254610061646,0.202750772237778,0.364772081375122,0.0798626765608788,0,5.84856605529785,0.000249491480644792,0.0366679914295673,0,0.225891843438148
5.01573038101196,0.190133228898048,0.335511237382889,0.089188888669014,0,6.17989063262939,0.000236592924920842,0.0388813838362694,0,0.211161002516747
5.91547775268555,0.2348403185606,0.429416000843048,0.0760964304208755,0,6.9961256980896,0.00022683413408231,0.037334930151701,0,0.21959088742733
5.53487586975098,0.196114927530289,0.368836551904678,0.0973872318863869,0,7.84409523010254,0.000237624350120313,0.0382119454443455,0,0.226881772279739
5.11171674728394,0.201665341854095,0.341331332921982,0.0863380953669548,0,6.83602285385132,0.000246023904765025,0.0349527411162853,0,0.239003837108612
5.0775146484375,0.21819344162941,0.334365129470825,0.0929933860898018,0,6.27015066146851,0.000246356154093519,0.0369527190923691,0,0.216676324605942
