x_km,y_km,logK_true,n_true,h_true
0,30.5,4.47669591845823,0.29854042805322,20.6958949506328
0.25,30,4.44050808922054,0.295369001006131,20.6979981297765
0.25,30.25,4.45735579796318,0.297430395112344,20.6971511112329
0.25,30.5,4.47447495034203,0.299421967210317,20.6958949506328
0.25,30.75,4.49107350158741,0.301266198803153,20.694665062092
0.25,31,4.50647516872905,0.302894303718715,20.6938687348069
0.5,30,4.43745228150869,0.296262074188016,20.6988535903726
0.5,30.25,4.45510161588644,0.298332251537061,20.6975786220648
0.5,30.5,4.4723757608865,0.300261927758815,20.6958896318804
0.5,30.75,4.48846862495948,0.301973123903863,20.6942472959342
0.5,31,4.50272927101389,0.303401060731143,20.6930770570143
0.75,29.75,4.41700097367913,0.295035248688145,20.7037493899385
0.75,30,4.43518549219741,0.297184506350663,20.7009990088208
0.75,30.25,4.45304587402164,0.299193616076859,20.6984473680221
0.75,30.5,4.46984079222998,0.300988054084074,20.6958654248525
0.75,30.75,4.48479791298272,0.302494263050835,20.6933768497583
0.75,31,4.49732818640499,0.303655271362881,20.6911167075779
0.75,31.25,4.50692140318234,0.304426592058202,20.6888951194191
0.75,38.5,4.17365267571722,0.279209252276915,17.2033587752208
0.75,38.75,4.18148296449058,0.279628141347161,17.1896362806855
0.75,39,4.19300334432852,0.2801911135663,17.1718862305805
0.75,39.25,4.20818637805579,0.280924561652694,17.1573661525935
1,29.5,4.39608738844991,0.29375354293499,20.7098122674261
1,29.75,4.41472504522967,0.295975871460497,20.7065279394339
1,30,4.43317814054741,0.298065093469725,20.7029979173329
1,30.25,4.45060058308426,0.299937701094836,20.6993929326847
1,30.5,4.46627595332029,0.301523269800278,20.6957879728803
1,30.75,4.47949569492985,0.302756089790549,20.6923063054955
1,31,4.48976347706126,0.303590928150308,20.6891298109353
1,31.25,4.49667606423158,0.303996693970608,20.686672803175
1,38,4.15409741661936,0.278457536910517,17.2564993621896
1,38.25,4.15891550434721,0.278822801993585,17.2426550636213
1,38.5,4.16744765731011,0.279303681352895,17.2171778687564
1,38.75,4.17976249174485,0.279925312324319,17.1938234059737
1,39,4.19584407339952,0.2807140216038,17.168873008162
1,39.25,4.21553709328046,0.281693155319017,17.1430090690845
1,39.5,4.2384798424911,0.282873376445801,17.1156414580403
1,48.5,4.68085289030949,0.31502305511861,14.1133363310647
1,48.75,4.75475545686719,0.319634126258722,14.1053650424229
1,49,4.82513852189525,0.324010509155924,14.0977170199199
1.25,29.5,4.39382809757583,0.294712577050278,20.7131309495539
1.25,29.75,4.41278906136114,0.296875783316091,20.7096215136767
1.25,30,4.43083994485244,0.298827093955966,20.7051402712856
1.25,30.25,4.44715554958226,0.300486687306054,20.7004010220283
1.25,30.5,4.46108449037337,0.301792626634324,20.695637968063
1.25,30.75,4.47201326789021,0.302690886324357,20.6909620418013
1.25,31,4.47955609648939,0.303150632434206,20.68642691751
1.25,31.25,4.48343113104297,0.30315661779545,20.681959373108
1.25,31.5,4.48346261877504,0.302709120738537,20.6768799888607
1.25,38,4.1449339796235,0.278484731912031,17.2704408879153
1.25,38.25,4.15415517540753,0.27902976627378,17.2544580914728
1.25,38.5,4.16728466180362,0.27971380121266,17.2291705696716
1.25,38.75,4.18428243568773,0.280562106798365,17.1999406613655
1.25,39,4.20499892780649,0.281597620490332,17.167240358075
1.25,39.25,4.22913344415355,0.282838226973679,17.1308596092592
1.25,39.5,4.25617017256583,0.284285770070663,17.0888249674436
1.25,39.75,4.28543660854435,0.28593283470753,17.0348240623926
1.25,40,4.31611863590557,0.287756634482939,16.997394273402
1.25,47.75,4.51267714876735,0.304494622512921,14.1758310564494
1.25,48,4.59016500739335,0.309360130029269,14.1614872918524
1.25,48.25,4.66799695164937,0.314246885237041,14.1424126634238
1.25,48.5,4.74426494343232,0.319028570842674,14.1213480988298
1.25,48.75,4.81723786732642,0.323588524691536,14.1055979522074
1.25,49,4.8853391863794,0.327822080255321,14.0905535885646
1.25,49.25,4.94721060005044,0.331636619211322,14.0722627167355
1.25,49.5,5.00174371385409,0.334956013691423,14.0577054184978
1.25,49.75,5.04810251579093,0.337723048716129,14.0487592093685
1.5,29.25,4.37254573119215,0.293395341532563,20.7272563435521
1.5,29.5,4.39198016327232,0.295630247451123,20.7200024356636
1.5,29.75,4.41057732343811,0.297654400640583,20.7137681889053
1.5,30,4.42754587341655,0.29938957007723,20.7076263364543
1.5,30.25,4.44211927671223,0.300764010362384,20.7015092758706
1.5,30.5,4.45373409300665,0.301727626001748,20.695458509063
1.5,30.75,4.4619011369949,0.302241630535063,20.6895072460789
1.5,31,4.46635626521316,0.302291697432104,20.6836500826597
1.5,31.25,4.46694777602172,0.301879950645496,20.6778010337967
1.5,31.5,4.46363072406545,0.301024313752769,20.6717498157229
1.5,31.75,4.4565956298219,0.299766232666197,20.665542217755
1.5,37.75,4.13167841278254,0.278189427931849,17.3249782457602
1.5,38,4.14162060833834,0.278802378270334,17.3005526612051
1.5,38.25,4.15553452161545,0.279550080132814,17.2758188992327
1.5,38.5,4.1734470925183,0.280460271244216,17.2454708294252
1.5,38.75,4.19518762789235,0.281555617791726,17.2100465057768
1.5,39,4.22046425606748,0.282853692739609,17.1700515891795
1.5,39.25,4.24881444434525,0.284363618031253,17.1255065103561
1.5,39.5,4.27955778246712,0.286075985791711,17.0757234849821
1.5,39.75,4.31185808009445,0.287970025305175,17.0198155250994
1.5,40,4.34475265249206,0.290008277780311,16.9610588295838
1.5,40.25,4.37717019146337,0.292138327496371,16.8850061703436
1.5,40.5,4.4079009808762,0.294288322588478,16.8219651646255
1.5,40.75,4.43575189128888,0.296377555068049,16.7777868990842
1.5,47,4.3482118910046,0.294115314500391,14.2687783271866
1.5,47.25,4.41966386016849,0.298596349029911,14.2483907854537
1.5,47.5,4.49582928229368,0.303387758637768,14.2211453221056
1.5,47.75,4.57472046191204,0.308359245179718,14.1902821246214
1.5,48,4.6543537399273,0.313379790163672,14.1673281504698
1.5,48.25,4.73280061168639,0.318320012571077,14.145836519278
1.5,48.5,4.80819239494993,0.323054658171014,14.1250505089726
1.5,48.75,4.87888307249382,0.327471341838256,14.1061861653388
1.5,49,4.94342333680572,0.331472671506674,14.0880039802911
1.5,49.25,5.00062119560566,0.334975616330596,14.0695636938966
1.5,49.5,5.04956614823383,0.337916412451147,14.0528153932667
1.5,49.75,5.08965227760592,0.340252301080094,14.0401981600741
1.75,29,4.35094950585872,0.292028580544889,20.7434978848452
1.75,29.25,4.37077416362159,0.294329281838936,20.7345872305913
1.75,29.5,4.38989102183493,0.296424334343379,20.7259953232049
1.75,29.75,4.40742808102574,0.298229000222133,20.7179437062438
1.75,30,4.42265933680193,0.299673802423921,20.710194659802
1.75,30.25,4.43491140316229,0.300699157083349,20.7026378050795
1.75,30.5,4.44374146050172,0.301270595409737,20.6952372219394
1.75,30.75,4.44878029692431,0.301365711770106,20.687978314184
1.75,31,4.44990258490884,0.300988644314332,20.6808384534143
1.75,31.25,4.44708142780325,0.300159098720151,20.6737621691489
1.75,31.5,4.44040342102687,0.29891281950765,20.666633869958
1.75,31.75,4.43016392829205,0.297306112693236,20.6592293594221
1.75,32,4.41672283985776,0.295406488751975,20.6506331918764
1.75,32.25,4.40052710049842,0.293290368609433,20.6459034571209
1.75,37.75,4.1298770366786,0.278620895115695,17.3495473804042
1.75,38,4.14457566164909,0.279434033817905,17.3312706009697
1.75,38.25,4.16335095577229,0.280406153721178,17.3031164662233
1.75,38.5,4.18609839303469,0.281562365536125,17.2673157922395
1.75,38.75,4.21249656077828,0.282919996138186,17.2254252472379
1.75,39,4.2420968370061,0.284488288407198,17.1784373748849
1.75,39.25,4.27426079792438,0.286264832139697,17.1268238499541
1.75,39.5,4.30814461140736,0.288227035590489,17.0706408113424
1.75,39.75,4.34275972788966,0.290339138600979,17.0098766812671
1.75,40,4.37700551297861,0.292547920027046,16.9449974324839
1.75,40.25,4.40969449622905,0.294785529982463,16.8743686759192
1.75,40.5,4.43955533073332,0.296967031215236,16.8049553556004
1.75,40.75,4.46535768846658,0.299000545725972,16.7348592041417
1.75,41,4.48595891232758,0.300790986753859,16.6450966840865
1.75,41.25,4.50027662979357,0.302239377580726,16.5704976719455
1.75,41.5,4.50746229295025,0.303258596493147,16.5175894979616
1.75,46,4.16596142776883,0.282664044557834,14.4453034534433
1.75,46.25,4.21087683680144,0.285423311665652,14.4159956857195
1.75,46.5,4.26619791075421,0.288858951762926,14.376977769738
1.75,46.75,4.33047725530717,0.292881174536274,14.3344744542139
1.75,47,4.40197052032769,0.297377298926602,14.2893413376433
1.75,47.25,4.47877579581267,0.302224320451212,14.2567663658206
1.75,47.5,4.55881217427017,0.307286109992102,14.2268377194591
1.75,47.75,4.64001347146103,0.312425406566795,14.1982461648218
1.75,48,4.72038412538342,0.317508638496442,14.1730852791375
1.75,48.25,4.79802395960308,0.322406846068879,14.1499359323608
1.75,48.5,4.87114630512321,0.326998829576673,14.1280676754093
1.75,48.75,4.93823349097998,0.331179150367608,14.1072942494081
1.75,49,4.99800762693386,0.334860804842282,14.0869295805112
1.75,49.25,5.04948077006093,0.337973389287185,14.0662623995519
1.75,49.5,5.09197092510778,0.340467783041267,14.0447449368386
1.75,49.75,5.1251218922137,0.342317617896955,14.0198120664882
2,28.75,4.32917298799338,0.290619492407814,20.7637771848592
2,29,4.3493295694233,0.292980705142249,20.752504156334
2,29.25,4.36888368834164,0.295141101761017,20.7417831112371
2,29.5,4.38697201224435,0.297014238053744,20.7316151040735
2,29.75,4.4027846155905,0.298523949442251,20.7219621694422
2,30,4.41569010978362,0.299613491762449,20.7126910711915
2,30.25,4.42513343709253,0.300238692514656,20.7036982809819
2,30.5,4.43079881449156,0.300382595624933,20.6949220761986
2,30.75,4.43245432818605,0.300041300631342,20.686329137785
2,31,4.43011256731433,0.299237938193096,20.6779051177687
2,31.25,4.42386513202748,0.298009144870942,20.6696537297956
2,31.5,4.41392141782663,0.296407251511274,20.6616064489873
2,31.75,4.40067468894936,0.294501779079198,20.6538497395217
2,32,4.38456763847247,0.292370752611299,20.6466059462242
2,32.25,4.36612050064036,0.29009829755591,20.6410519690553
2,32.5,4.34587840813587,0.287768610961541,20.6357198645831
2,32.75,4.32438824453326,0.285463481168024,20.6330935671807
2,33,4.30220595246527,0.283260010917601,20.6319744392102
2,37.75,4.13443296339675,0.279363484880724,17.3924520079475
2,38,4.15405949451316,0.280398418537542,17.3720258655555
2,38.25,4.17774363547759,0.281614426700482,17.3383716468471
2,38.5,4.20523317628193,0.283031535625672,17.2957999871329
2,38.75,4.23604102036821,0.284658806433545,17.2467652773759
2,39,4.26955413769205,0.286494822751354,17.1926878386442
2,39.25,4.30495342228889,0.288522826798508,17.1343600327475
2,39.5,4.34123997286782,0.290705440670736,17.0721895772988
2,39.75,4.37729354403399,0.29299169788031,17.0064284275812
2,40,4.41188395166989,0.295311632413073,16.9373431058474
2,40.25,4.44376057556995,0.297584399914796,16.8650382105451
2,40.5,4.47161252906687,0.299713126298565,16.791060828843
2,40.75,4.49422215987921,0.301598591630862,16.7143579924822
2,41,4.51052840054633,0.303144326678991,16.6315580967391
2,41.25,4.51956388251793,0.304254446107741,16.5497312155339
2,41.5,4.52066661737962,0.304852159481297,16.4652171788406
2,41.75,4.51344441083682,0.304880123413561,16.3518509186668
2,42,4.49784608914332,0.304307238046924,16.2476513203516
2,42.25,4.47417894292527,0.303134409271023,16.1484678928229
2,42.5,4.44315561487858,0.301395766618624,16.0542483806123
2,42.75,4.40582509245931,0.299156859699447,15.9689226459822
2,43,4.36370210855784,0.296522019036356,15.9054177972728
2,44.75,4.10494401357444,0.279135808303574,14.9498173380829
2,45.5,4.12216381257386,0.279817267785673,14.5826921126244
2,45.75,4.15303352437054,0.281670704228176,14.5370549109466
2,46,4.19595148223142,0.28430725949766,14.4748266280952
2,46.25,4.24987410414975,0.287661594279563,14.4272239812009
2,46.5,4.31331697127448,0.291639644536352,14.3827712565156
2,46.75,4.38456161094667,0.296132948969602,14.3399348722091
2,47,4.46165585658683,0.301013788241898,14.2993578076487
2,47.25,4.54254662798898,0.306147500138026,14.264450613505
2,47.5,4.62507247723033,0.31139087101914,14.2331616363275
2,47.75,4.70713595274129,0.316602252392335,14.204481205884
2,48,4.78677311865006,0.321648707913472,14.1783741280729
2,48.25,4.8621725562454,0.326405511409919,14.154181853641
2,48.5,4.93166189280794,0.330757743614442,14.1312932298293
2,48.75,4.99390021519826,0.334610499858169,14.1092123433788
2,49,5.0478171132082,0.337890049286694,14.0873175909497
2,49.25,5.09265763502785,0.340540909147522,14.064910067408
2,49.5,5.12800018687453,0.342531413021134,14.0411952231653
2,49.75,5.15375229417733,0.343853270716755,14.0149614109738
2.25,28.25,4.28754734053806,0.286669360350133,20.8034444300041
2.25,28.5,4.30736907163781,0.289177727047259,20.7925512531853
2.25,28.75,4.32771961587312,0.29159056489897,20.7751721029233
2.25,29,4.34766473727718,0.293811840931879,20.761191396551
2.25,29.25,4.36622880171665,0.295748369016012,20.7486386316258
2.25,29.5,4.382610578982,0.297322489851268,20.736907832443
2.25,29.75,4.39610050420917,0.298471219332158,20.7257569490031
2.25,30,4.40618574160836,0.299153866252222,20.7150312783824
2.25,30.25,4.41243781984762,0.299343718481793,20.7046205310584
2.25,30.5,4.41468230051368,0.299043082041776,20.6944497920536
2.25,30.75,4.41282674918208,0.298267322837031,20.6844766511021
2.25,31,4.40701272808045,0.297057819862702,20.6746974404389
2.25,31.25,4.39744469993886,0.295466851342974,20.6651684616098
2.25,31.5,4.38444603145052,0.293561367128299,20.656048604231
2.25,31.75,4.36849678265029,0.291421790164849,20.6476687399452
2.25,32,4.35010856954454,0.289133475279488,20.6406113040498
2.25,32.25,4.3298525293246,0.286784361666606,20.6356927916544
2.25,32.5,4.30830606286534,0.284458919282437,20.6328785021388
2.25,32.75,4.28601750847105,0.282234519347875,20.6315154949694
2.25,33,4.26353464457043,0.280181422685222,20.6308205917211
2.25,33.25,4.24135384121836,0.278356595572443,20.6301360296151
2.25,33.5,4.21988240453432,0.276801944901521,20.6298785552716
2.25,33.75,4.19941926319009,0.275540978293868,20.629780593489
2.25,34,4.18019160139304,0.274580854214307,20.6297431382271
2.25,34.25,4.16238432304884,0.273916316386151,20.6297289037393
2.25,34.5,4.14611037026457,0.27352692830188,20.6297237858115
2.25,34.75,4.13146679952601,0.273382535887551,20.6297224952101
2.25,37.75,4.14557387109363,0.28043442715127,17.4555340914078
2.25,38,4.17015755171358,0.28170944957994,17.4259806334828
2.25,38.25,4.19864303061486,0.283183435652657,17.3828098337279
2.25,38.5,4.23061476814414,0.284868441305594,17.3313637802773
2.25,38.75,4.26540836803902,0.286762340820528,17.2741559949786
2.25,39,4.30224726043273,0.288850920386463,17.2126058211781
2.25,39.25,4.34013745359606,0.291101352617998,17.1475513097841
2.25,39.5,4.37794055036127,0.293460667650231,17.0794827797153
2.25,39.75,4.41441854167638,0.295861839893439,17.0087017463925
2.25,40,4.44825836987124,0.298220462360009,16.935423774171
2.25,40.25,4.47817104889586,0.300443853941604,16.859811521057
2.25,40.5,4.50285722602146,0.302427164962449,16.7821508461801
2.25,40.75,4.52116720099934,0.304068491355877,16.7019588723036
2.25,41,4.53215848872435,0.305274475546603,16.6183998388556
2.25,41.25,4.53504362647945,0.30595871538097,16.5324025596714
2.25,41.5,4.52938347696621,0.30605993356214,16.4417822105291
2.25,41.75,4.51505541664342,0.305542179593004,16.3414705897474
2.25,42,4.49231276910413,0.304400418326599,16.2406294299224
2.25,42.25,4.46178238602577,0.302663975138859,16.1408215602437
2.25,42.5,4.4245094483796,0.300397123223934,16.0421883431476
2.25,42.75,4.38187135249093,0.297694784560477,15.9438719946867
2.25,43,4.33568700235836,0.294687690136339,15.8396545170393
2.25,43.25,4.28796689168463,0.291521552200559,15.6956287170024
2.25,43.5,4.24094689599206,0.288359201755326,15.5611992867254
2.25,43.75,4.19699641517858,0.285370136583765,15.4315175048405
2.25,44,4.15847531494189,0.282720592645429,15.305309698486
2.25,44.25,4.12759999366478,0.28056328338219,15.1826179381781
2.25,44.5,4.10633549868419,0.279029758268675,15.0639499586459
2.25,44.75,4.09621592181906,0.278221819774175,14.9498173380829
2.25,45,4.09846034342849,0.278218527056688,14.8403218316875
2.25,45.25,4.11363455169231,0.279056439364738,14.7344854349452
2.25,45.5,4.14179343927941,0.280738952297906,14.6285832633841
2.25,45.75,4.18242022485739,0.283233692373417,14.5554157277965
2.25,46,4.23458225033821,0.286483528175921,14.4915762827278
2.25,46.25,4.29687881098256,0.290399393289787,14.4375339325258
2.25,46.5,4.36753760867053,0.294867486864802,14.389562778735
2.25,46.75,4.44462354934979,0.299763725512112,14.3458979623991
2.25,47,4.52601866458763,0.304947669874865,14.3061611331781
2.25,47.25,4.60957428101478,0.310276168986422,14.2707616906547
2.25,47.5,4.69309973996566,0.315601947931288,14.2389376728939
2.25,47.75,4.77451697508662,0.320782685693277,14.2099642075638
2.25,48,4.85194390277641,0.32568920768226,14.1833608485386
2.25,48.25,4.92369249457676,0.33020353787181,14.1585599075796
2.25,48.5,4.98826516032673,0.334221485658269,14.1349907162537
2.25,48.75,5.04452812503094,0.337661229478065,14.1120949968885
2.25,49,5.09165380755609,0.340464981307742,14.0892585787478
2.25,49.25,5.12914624986693,0.342594758210681,14.0657993499218
2.25,49.5,5.15685612166314,0.344037877675999,14.0409882012506
2.25,49.75,5.17496148859968,0.344805424018886,14.014214884207
2.5,27.75,4.24776910643711,0.282639818161016,20.8429842279168
2.5,28,4.26580486467036,0.285162505522632,20.8322082365889
2.5,28.25,4.28556904990038,0.287705240199619,20.81445645659
2.5,28.5,4.30605577917325,0.29016489512639,20.7993264643013
2.5,28.75,4.32624938313179,0.29243808164245,20.7834992293315
2.5,29,4.34524174615729,0.29443351470905,20.768722981839
2.5,29.25,4.36212405169981,0.29606749782786,20.7549067464288
2.5,29.5,4.37618938463271,0.297275183057504,20.7418192501943
2.5,29.75,4.38685336655348,0.298010571365618,20.729284805393
2.5,30,4.3937344860611,0.298251101065189,20.7171676124435
2.5,30.25,4.3965415144245,0.297989358907817,20.7053584502813
2.5,30.5,4.39524325156316,0.297247360166601,20.6937716745524
2.5,30.75,4.38988016509847,0.296059127361055,20.6823499748698
2.5,31,4.38071127569795,0.29448246728527,20.6710809126728
2.5,31.25,4.36804969481783,0.292583919392899,20.6600345147056
2.5,31.5,4.35231999578417,0.290442233995919,20.6494365653151
2.5,31.75,4.33407524133527,0.288145487494345,20.6397987293268
2.5,32,4.31387703855687,0.285782729878037,20.6321056968912
2.5,32.25,4.29233677290221,0.28344228983635,20.627906042094
2.5,32.5,4.27003828577787,0.281204752162596,20.6284013229816
2.5,32.75,4.24751909793976,0.279140012883432,20.6291709205549
2.5,33,4.22528966919016,0.277307773113776,20.6295952638769
2.5,33.25,4.20380414862667,0.275752358759716,20.6296902169482
2.5,33.5,4.18340816835864,0.274501541480678,20.6297122436687
2.5,33.75,4.16433146235918,0.273563597613265,20.6297176199346
2.5,34,4.14674209609806,0.272931414036198,20.6297190274305
2.5,34.25,4.13076763729586,0.272586423676382,20.629719469676
2.5,34.5,4.11649292188471,0.272497862167803,20.6297198490989
2.5,34.75,4.10400002497638,0.272627764092453,20.6297211770578
2.5,37.5,4.13791969045721,0.280511008936339,17.6122470354536
2.5,37.75,4.16332693288066,0.281844404129967,17.5473663581402
2.5,38,4.19275230933332,0.283373293260087,17.4933356434283
2.5,38.25,4.22577307183338,0.285112155370151,17.4357776291147
2.5,38.5,4.26180169443052,0.287062535618918,17.3734000308737
2.5,38.75,4.29999453359893,0.289208724139532,17.307046928601
2.5,39,4.33940567378606,0.291520993810246,17.237604093631
2.5,39.25,4.37889348571805,0.293950443628938,17.1656918486085
2.5,39.5,4.41719957550416,0.296428151304168,17.0916923109093
2.5,39.75,4.45299071532564,0.298871542375561,17.0158230558224
2.5,40,4.48492119074354,0.301184528591245,16.9381933983004
2.5,40.25,4.51170608728086,0.303265833307679,16.8588289664719
2.5,40.5,4.53210329174816,0.305006815598249,16.7776695317047
2.5,40.75,4.54508097500548,0.306308037041295,16.6943778323839
2.5,41,4.54986735421263,0.307084965301861,16.6084931074727
2.5,41.25,4.54590114889168,0.307266617936371,16.5197672811375
2.5,41.5,4.53300360285658,0.306812121371684,16.4271919772253
2.5,41.75,4.51136012337792,0.305711919488708,16.3297412183081
2.5,42,4.48153703013746,0.303989160050489,16.2298265020419
2.5,42.25,4.44450363343943,0.30170425388161,16.1284851755646
2.5,42.5,4.40163345053286,0.298951186608452,16.0255753367568
2.5,42.75,4.35461580784865,0.295852340614386,15.9195896912973
2.5,43,4.30553902804665,0.292561069099392,15.8064357432181
2.5,43.25,4.25663474736046,0.289240364734521,15.6791790008372
2.5,43.5,4.21027976253189,0.286062326623818,15.5502749594016
2.5,43.75,4.16890566510902,0.283198914639443,15.4226389742913
2.5,44,4.1348345727716,0.280810993390359,15.2973754161012
2.5,44.25,4.11013361783194,0.279038121179341,15.1753753248134
2.5,44.5,4.09654746028825,0.277994460350065,15.0575441077981
2.5,44.75,4.09527418413564,0.277758010972637,14.9447232202577
2.5,45,4.10715476270798,0.278382228988479,14.8376004059126
2.5,45.25,4.13233221778684,0.279875924460666,14.7368232758284
2.5,45.5,4.17042969425243,0.282214708317898,14.6440450327458
2.5,45.75,4.22051945821333,0.285339666047482,14.5671067063587
2.5,46,4.2813065424847,0.289170086848335,14.5013250481049
2.5,46.25,4.35107406471792,0.293595199989944,14.4447128103096
2.5,46.5,4.42781801812407,0.298484606311586,14.395074053669
2.5,46.75,4.50942543072442,0.303700564284102,14.3508907654535
2.5,47,4.59367433251817,0.309093286460855,14.3113278458695
2.5,47.25,4.6783737806687,0.31451464439864,14.2759150465858
2.5,47.5,4.76135390810035,0.319816544487343,14.2440011388243
2.5,47.75,4.84061565896837,0.324860246142392,14.2149363926103
2.5,48,4.91439063190937,0.329522516389541,14.1881518988481
2.5,48.25,4.98116788122989,0.333696243611556,14.1630914291668
2.5,48.5,5.03966033498274,0.337290918720925,14.1392064232121
2.5,48.75,5.08897818539172,0.340241001648643,14.115941823635
2.5,49,5.12856453695843,0.342507068129321,14.0926941549026
2.5,49.25,5.15820405325905,0.344070897022057,14.0687647046847
2.5,49.5,5.17801565528799,0.344939179508357,14.0433078921576
2.5,49.75,5.18843985441791,0.345142486760485,14.0153673224986
2.75,27.5,4.22670264947747,0.281108182876447,20.8680182577304
2.75,27.75,4.24432279210927,0.283641018702014,20.8538761616929
2.75,28,4.26392636795773,0.286211570355696,20.8394634326657
2.75,28.25,4.28443946836516,0.288709110258061,20.8231929178603
2.75,28.5,4.30483267801529,0.291030168100735,20.8071229105701
2.75,28.75,4.32412190254879,0.293076533215724,20.7910896766675
2.75,29,4.34146257487259,0.294766377639762,20.775573560156
2.75,29.25,4.35604697996515,0.296029766200046,20.7606852052229
2.75,29.5,4.36728858127713,0.296818490270359,20.7463725201803
2.75,29.75,4.37474077208307,0.297105585434623,20.7325399577054
2.75,30,4.37816196790961,0.296888267048296,20.7190823882831
2.75,30.25,4.37740247294056,0.296179052217822,20.7058940260655
2.75,30.5,4.37256574562912,0.295018867306989,20.6928735581016
2.75,30.75,4.36382034508204,0.293459076925025,20.6799324744761
2.75,31,4.3515368839768,0.291572125025062,20.6670132381687
2.75,31.25,4.33612382669145,0.289435909830558,20.654129128114
2.75,31.5,4.31809096920539,0.287137614516119,20.6414502776534
2.75,31.75,4.29804761129603,0.284769265945008,20.6294973244372
2.75,32,4.27659219994609,0.282420049344471,20.6195965504577
2.75,32.25,4.25435110923575,0.280174580470751,20.6149933853312
2.75,32.5,4.2318965580661,0.278105997521605,20.6234846037967
2.75,32.75,4.20973316365347,0.276273495389364,20.6271007489909
2.75,33,4.18831861390299,0.27472362356308,20.6286644290894
2.75,33.25,4.16804200434316,0.273485958846554,20.6293032882275
2.75,33.5,4.14917831397619,0.272572886102688,20.6295571719294
2.75,33.75,4.13188729720831,0.271977639112455,20.6296565840774
2.75,34,4.11627780120889,0.271679500733768,20.6296951306134
2.75,34.25,4.1024365131541,0.271648664374038,20.6297098188509
2.75,34.5,4.09042773394834,0.271846089966632,20.6297148514307
2.75,37.5,4.1572415212742,0.282012572725502,17.6773232121013
2.75,37.75,4.18751815390028,0.283594619545841,17.628175202011
2.75,38,4.22151716359306,0.285384209256855,17.5641832580115
2.75,38.25,4.25864373678315,0.287385450053548,17.4939641016936
2.75,38.5,4.29813290752848,0.289586700738052,17.4202950851025
2.75,38.75,4.33897043799475,0.291957008451031,17.3443668553175
2.75,39,4.38005789113304,0.294450326621758,17.2668018638626
2.75,39.25,4.42012360453019,0.29700106607296,17.1879462724828
2.75,39.5,4.45782015514656,0.299525255125631,17.1079759646867
2.75,39.75,4.49176644182253,0.301927408339434,17.0269486179515
2.75,40,4.52061790030018,0.304102315962713,16.9448306706441
2.75,40.25,4.5431444290661,0.305944529936169,16.8615063107221
2.75,40.5,4.55821489274113,0.307346991998069,16.7767659470297
2.75,40.75,4.56496252106613,0.308218248763677,16.6902673168278
2.75,41,4.56283221972032,0.308488266246258,16.6015895308989
2.75,41.25,4.55152466981688,0.308106548576158,16.5103037415152
2.75,41.5,4.53115914011562,0.30705765325907,16.415841606042
2.75,41.75,4.50224557523636,0.305361182886056,16.3178556489696
2.75,42,4.46568522074906,0.303071124759878,16.2169236506722
2.75,42.25,4.42278225113194,0.300278458832741,16.1133646782377
2.75,42.5,4.37522537090623,0.297105296008509,16.0069049325936
2.75,42.75,4.32498802067845,0.293698173124407,15.8965361117817
2.75,43,4.27438565011542,0.290228308339807,15.7805284061179
2.75,43.25,4.22581163596174,0.28686979728474,15.6576895250595
2.75,43.5,4.18171735356453,0.283797927275768,15.5320273267025
2.75,43.75,4.14451837230225,0.281180562319504,15.4062902197063
2.75,44,4.1164089292379,0.279166594189494,15.2823046350321
2.75,44.25,4.0992342619021,0.277877691513902,15.1615179630695
2.75,44.5,4.09442770619676,0.277405292249266,15.0452112555768
2.75,44.75,4.10280212012577,0.277801026849897,14.9345314986671
2.75,45,4.1247710214023,0.279090198263604,14.8305124780233
2.75,45.25,4.16003777216318,0.281253286294285,14.7342122258018
2.75,45.5,4.20779967575313,0.284238451671854,14.647082374124
2.75,45.75,4.2667433134489,0.287961517536596,14.57124787248
2.75,46,4.33524910296296,0.292319911887851,14.5055359069545
2.75,46.25,4.41133790525731,0.297184055415117,14.4484878589682
2.75,46.5,4.49282307581091,0.302409452685271,14.398556302406
2.75,46.75,4.57747610660244,0.307848298922993,14.3544479214435
2.75,47,4.66302360414628,0.31334490098639,14.3151999246054
2.75,47.25,4.74728588092849,0.318749574400134,14.2800713313635
2.75,47.5,4.82816642021309,0.3239171636477,14.248371379323
2.75,47.75,4.90378856379282,0.328715602249115,14.2194600424593
2.75,48,4.97255481197726,0.333032159256889,14.1927594112274
2.75,48.25,5.0331673136163,0.336773601518417,14.1677314562068
2.75,48.5,5.08458696632549,0.339866170039623,14.1438607901804
2.75,48.75,5.12619639245169,0.342263247796084,14.1206326054845
2.75,49,5.15772293632178,0.343945600060232,14.0974928466195
2.75,49.25,5.17923284517702,0.344915513455949,14.0737684961114
2.75,49.5,5.19111057295335,0.345199571445354,14.0484509156536
2.75,49.75,5.19403385125217,0.344846571151039,14.0194403053688
3,27,4.19226802342626,0.277206793194209,20.9135727770643
3,27.25,4.20614743842111,0.279580575080089,20.9022423683855
3,27.5,4.22324774119669,0.282115410493978,20.8823096310866
3,27.75,4.24253740734236,0.284702037006086,20.8653335805421
3,28,4.26297556072066,0.287231097849872,20.8488958526459
3,28.25,4.28346647164377,0.289591713235154,20.8320688513499
3,28.5,4.30300611114372,0.291685361664262,20.8152132234838
3,28.75,4.32068357003147,0.29342398064907,20.7984729300066
3,29,4.33575095888687,0.294739552273126,20.78207097049
3,29.25,4.34752618655629,0.295579435641911,20.7661177114961
3,29.5,4.35555837615015,0.2959145743,20.750622848784
3,29.75,4.35954638623887,0.295738501256048,20.7355371624755
3,30,4.35939011643355,0.295068628984102,20.7207767807529
3,30.25,4.3550787382154,0.293936902385088,20.7062341322939
3,30.5,4.34684370738736,0.292401712896391,20.6917837841123
3,30.75,4.33497208716494,0.290529572106097,20.67728754803
3,31,4.31993429813368,0.288404691594087,20.6626027853297
3,31.25,4.30222039095745,0.286113005320038,20.6475999477633
3,31.5,4.28240907245814,0.283746395113511,20.63220235088
3,31.75,4.26114696045308,0.281396919099225,20.6164922795266
3,32,4.23904811872661,0.279149932273162,20.6010511308355
3,32.25,4.21673091474807,0.277082556555435,20.588282900624
3,36.5,4.08464298425009,0.278340940894418,18.5647620196051
3,36.75,4.10267252304812,0.279489407799591,18.5372982420267
3,37.5,4.18292838639692,0.283842342451814,17.7902128732201
3,37.75,4.21780121007836,0.285679811242135,17.7232429224706
3,38,4.25594230762337,0.287727869189658,17.6413029721594
3,38.25,4.29658118514659,0.28997775537267,17.5562211355495
3,38.5,4.33877982852811,0.29240271754833,17.4705802614684
3,38.75,4.38136708057748,0.29495537250038,17.3848810378879
3,39,4.42311370025477,0.297573071305978,17.2991728090226
3,39.25,4.46264864698446,0.300174327265518,17.2134021424447
3,39.5,4.49857323413136,0.302662074490165,17.1274710699583
3,39.75,4.52950217888602,0.304931016542431,17.0412391919434
3,40,4.55413977580633,0.306871002975188,16.954516567985
3,40.25,4.57136001220329,0.308377425625603,16.867056274846
3,40.5,4.58019155370025,0.309350413302462,16.7785432517869
3,40.75,4.57997856832183,0.309712247360264,16.6885868084432
3,41,4.57042285220992,0.309412823626015,16.5967465307747
3,41.25,4.55152046921282,0.308426866076994,16.5025651845866
3,41.5,4.52371220778044,0.306767881728244,16.405588094913
3,41.75,4.48784541584645,0.304486651111867,16.3055117677276
3,42,4.44515671453961,0.301668263591009,16.2023297158676
3,42.25,4.39727287211989,0.298432763044073,16.0960072420979
3,42.5,4.34617165139543,0.294927195484258,15.9862950114633
3,42.75,4.29407003714791,0.291317546331611,15.8727053161506
3,43,4.24345595543338,0.287787082451764,15.7547325202518
3,43.25,4.19681747846404,0.284514571632096,15.6325753034544
3,43.5,4.15660269624247,0.28167185539058,15.5081862375967
3,43.75,4.12512596220276,0.279416295643719,15.3836906337558
3,44,4.10436825334764,0.277879126808401,15.260988091419
3,44.25,4.09587280571098,0.27715939504029,15.1417551768501
3,44.5,4.1006952349947,0.277322278372848,15.0274778730757
3,44.75,4.11921746199266,0.27839081392921,14.9194471884043
3,45,4.15140173617427,0.280361097759854,14.8187650912564
3,45.25,4.19651341584714,0.283185437630479,14.7263878969557
3,45.5,4.25334729960134,0.28678570629703,14.6431713549523
3,45.75,4.32024451308085,0.291054433673338,14.5696965764052
3,46,4.39531130242686,0.295869693552026,14.5053928557398
3,46.25,4.47636344577558,0.301086166823231,14.44921170338
3,46.5,4.56109042791508,0.306548631712023,14.3999536124467
3,46.75,4.64720521623739,0.312102738514221,14.3564959332912
3,47,4.73243911909433,0.317590654246632,14.3178822247809
3,47.25,4.81467666539297,0.322864934182849,14.2833072179867
3,47.5,4.89194547991584,0.327787199195404,14.2520632767695
3,47.75,4.96253882393169,0.332235838382174,14.2235212222312
3,48,5.02507262167594,0.336112154990875,14.1971217266274
3,48.25,5.07849860969703,0.339339999037276,14.1723605259811
3,48.5,5.12205468038877,0.341865098295801,14.148772890564
3,48.75,5.15541303210971,0.343661705869483,14.1259183835969
3,49,5.17859057281231,0.344731850552459,14.1033647819423
3,49.25,5.19192728843705,0.345098445910162,14.0806745741309
3,49.5,5.19605209704337,0.344807023166454,14.0574238846074
3,49.75,5.1918464873787,0.343922624210776,14.0334295994407
3,50,5.18036110495656,0.342521375299977,14.0101923021297
3.25,26.75,4.17337524494212,0.275725686867422,20.9372626526813
3.25,27,4.18625840592669,0.27806713190704,20.9250161993949
3.25,27.25,4.20268277193525,0.28059262311044,20.9111091093687
3.25,27.5,4.22155402887809,0.28318724268011,20.8940130663455
3.25,27.75,4.24176788206437,0.285736505497786,20.8765989378312
3.25,28,4.26225794165592,0.288130663956094,20.8590660462094
3.25,28.25,4.28195697153381,0.290264146391838,20.8413217786497
3.25,28.5,4.29992869952003,0.292048441891887,20.8235210042544
3.25,28.75,4.31536838363031,0.293410044597941,20.8058215962173
3.25,29,4.32764894799822,0.294298294659004,20.7883812891589
3.25,29.25,4.33622973901765,0.294680400802524,20.7713003926572
3.25,29.5,4.3408033927881,0.294547922690299,20.754610658206
3.25,29.75,4.34121589809668,0.29391528209641,20.7382859527871
3.25,30,4.33750568412785,0.292819484661731,20.7222529926376
3.25,30.25,4.32979473901407,0.291310447035741,20.706396943887
3.25,30.5,4.31843324761027,0.289461728305997,20.690562997718
3.25,30.75,4.30381490421486,0.287352055835165,20.6745539611026
3.25,31,4.28649565962124,0.285073930162923,20.6581225354881
3.25,31.25,4.26703058074218,0.282717540546628,20.6409525132751
3.25,31.5,4.24604740323457,0.280375415931757,20.622607983184
3.25,31.75,4.22420760816128,0.27813560801816,20.6023801580225
3.25,32,4.20211645151271,0.276075761931434,20.5787600430187
3.25,32.25,4.18035910804182,0.274262020253575,20.5474162331075
3.25,32.5,4.15941562310174,0.272743023123372,20.4926479215804
3.25,32.75,4.13966182477616,0.271548905346841,20.4466872251646
3.25,33,4.12140114951299,0.27069471777111,20.4127579654638
3.25,33.5,4.09017518289903,0.269981641062613,20.1647943569373
3.25,33.75,4.07737578664337,0.27007184128983,20.1240094101434
3.25,34,4.06649515849752,0.27040725258241,20.068367961264
3.25,34.25,4.05758875081284,0.270943798368497,20.0096518848684
3.25,34.5,4.05073708695439,0.271635528836601,19.9620348080248
3.25,36.5,4.09698220373602,0.279605729623618,18.5923034523628
3.25,36.75,4.11992427582974,0.28094315120042,18.510314787534
3.25,37,4.14729826624377,0.282436001363254,18.3625948850489
3.25,37.25,4.17898505796491,0.284113788449792,18.1851138683634
3.25,37.5,4.21459692564894,0.28599264179486,17.9669913472655
3.25,37.75,4.25363645802951,0.288083704471154,17.8326119069973
3.25,38,4.29533017474128,0.29037725088979,17.7219404391009
3.25,38.25,4.33873568901314,0.292849635856653,17.6200466189096
3.25,38.5,4.38275436637415,0.295457730518918,17.5223941642745
3.25,38.75,4.42607993763353,0.298137359782832,17.4272126224021
3.25,39,4.46738170343435,0.300809935958918,17.333630854219
3.25,39.25,4.50522664547284,0.303379899627444,17.2411257273961
3.25,39.5,4.53820766591669,0.305740067435991,17.1493137655585
3.25,39.75,4.5649822968074,0.307779382129751,17.0578578154523
3.25,40,4.5843526350405,0.30938770699811,16.9664193002174
3.25,40.25,4.59534505031359,0.310466788698907,16.8746336840107
3.25,40.5,4.5971937491865,0.310929715783727,16.7820955215122
3.25,40.75,4.58949450078287,0.310718024297287,16.6883554759317
3.25,41,4.57223913353528,0.309806334497294,16.5929375429873
3.25,41.25,4.54574388920995,0.30819831583678,16.4953631587268
3.25,41.5,4.51078474277605,0.30593863463825,16.395185593544
3.25,41.75,4.46854849661086,0.303109750177696,16.2920583999829
3.25,42,4.42059630759412,0.299826535558857,16.1857760426123
3.25,42.25,4.3688534787579,0.296235066129618,16.0761889099622
3.25,42.5,4.31554883315364,0.292502795842461,15.9631477505099
3.25,42.75,4.26309061967343,0.288809410772502,15.8465406606926
3.25,43,4.21407361211334,0.285343740340221,15.7264740350486
3.25,43.25,4.1710040590423,0.282282517373901,15.6036060975819
3.25,43.5,4.13624238479695,0.279787628633126,15.4793992778866
3.25,43.75,4.11191420823474,0.277999994923411,15.3556610437732
3.25,44,4.09970534681702,0.277028270902716,15.2342312750944
3.25,44.25,4.1007864766813,0.276945093703525,15.116833872548
3.25,44.5,4.11578424064401,0.277786886986876,15.0049990343807
3.25,44.75,4.14462311279401,0.279546928746954,14.9000055514312
3.25,45,4.18681088738606,0.282192050618737,14.802854221008
3.25,45.25,4.24119597465891,0.285647435142777,14.714263835906
3.25,45.5,4.30621012046642,0.289810591336472,14.6346535471581
3.25,45.75,4.37990102927547,0.294553360863405,14.5640531124925
3.25,46,4.46015852328763,0.29973748092127,14.5019316755467
3.25,46.25,4.54465438631749,0.305205394990972,14.4474114597888
3.25,46.5,4.63101422771097,0.310794873854307,14.3994750738844
3.25,46.75,4.71694957191752,0.316348847757102,14.3571214191189
3.25,47,4.8002518335066,0.32171136355018,14.3194452712487
3.25,47.25,4.87892149649491,0.326741200825021,14.2856550265543
3.25,47.5,4.95115887839932,0.331310678281571,14.2550603979139
3.25,47.75,5.01547122161602,0.335312376330641,14.2270591489221
3.25,48,5.07072514754593,0.338664946485054,14.201126280632
3.25,48.25,5.11615103456656,0.341312105488891,14.1768024132664
3.25,48.5,5.15128308008028,0.343221163005601,14.1536828705125
3.25,48.75,5.17608875043322,0.344388357898608,14.1314117734899
3.25,49,5.19086723204284,0.344837072922063,14.1096859191945
3.25,49.25,5.19621159655803,0.344609901145365,14.0882802639451
3.25,49.5,5.19296221297097,0.34376931406789,14.0671307727758
3.25,49.75,5.18216092533381,0.342393663964174,14.0465568791524
3.25,50,5.16495802605052,0.340568141628014,14.0277258024562
3.25,50.25,5.14253071147232,0.338382496867214,14.0126872364411
3.25,50.5,5.11604511248078,0.335924532071989,14.0074531591256
3.25,50.75,5.08659078005377,0.333279664350698,14.0049323722671
3.25,51,5.05508730767863,0.330519866301355,14.0032585392308
3.25,51.25,5.02228640785756,0.327705718759751,14.0015848996596
3.5,26,4.14687882964093,0.270692817391464,21.0233417435769
3.5,26.75,4.16722617924283,0.276580727631574,20.9496260027974
3.5,27,4.18277461577988,0.279082379555803,20.9383709967143
3.5,27.25,4.20107793114581,0.281674265255416,20.9234655906982
3.5,27.5,4.22096331801566,0.28423578936708,20.9063854569213
3.5,27.75,4.2413085916257,0.286652733970435,20.8883457063442
3.5,28,4.26107231073529,0.288820481083235,20.8698120207417
3.5,28.25,4.27925901989199,0.290643966505751,20.8509859509677
3.5,28.5,4.29503379937494,0.292049167244806,20.8320576798857
3.5,28.75,4.30772167644665,0.29298070023009,20.8132026323232
3.5,29,4.31683189477398,0.293407809800068,20.7945716108727
3.5,29.25,4.32197347002027,0.293319017576884,20.7762680437033
3.5,29.5,4.32298444907345,0.292726872011192,20.75833759574
3.5,29.75,4.31985505667937,0.29166601862213,20.7407683264364
3.5,30,4.31275594625038,0.290191483956987,20.723492913503
3.5,30.25,4.30193315512103,0.288368830190155,20.7063885137095
3.5,30.5,4.28784380543444,0.286283739324343,20.6892732786621
3.5,30.75,4.27097363970619,0.28402360940503,20.6718972633522
3.5,31,4.25194657700605,0.281685284832158,20.6539240741913
3.5,31.25,4.23136245488893,0.279359135098918,20.634895061381
3.5,31.5,4.20987401147417,0.277134160102078,20.6141563169087
3.5,31.75,4.1881316547958,0.275090464822073,20.5907074156391
3.5,32,4.1667051308455,0.273294425759516,20.5628984092243
3.5,32.25,4.14612090770528,0.271798257170981,20.5279838552733
3.5,32.5,4.12678047226746,0.270634805389221,20.4826497418006
3.5,32.75,4.10897097467075,0.269817485068392,20.4336926859813
3.5,33,4.09290611051434,0.269344896159921,20.3780240906986
3.5,33.25,4.07873570353451,0.269199719310628,20.2948665998672
3.5,33.5,4.06652678516503,0.269351526204022,20.2058031697075
3.5,33.75,4.05628085193229,0.269757538149053,20.1384545545127
3.5,34,4.04801974744159,0.270370409691928,20.0709018182392
3.5,34.25,4.04181454441662,0.271144002976074,19.9980366764761
3.5,34.5,4.0377827670685,0.272034145567947,19.9139431104562
3.5,34.75,4.03612243767429,0.273004133491788,19.7907665238518
3.5,35,4.03702634974604,0.274022998906769,19.6651869485949
3.5,35.25,4.04083446498661,0.275077138620491,19.5331268078905
3.5,35.5,4.04791190533884,0.276164148534619,19.3927384292512
3.5,35.75,4.05861152426489,0.277290740935456,19.2426661875715
3.5,36,4.07329063971105,0.278478055474231,19.0810447759729
3.5,36.25,4.09220274849509,0.279750080652896,18.9039855618936
3.5,36.5,4.11557529813057,0.281141219302854,18.7015881448597
3.5,36.75,4.14342211760987,0.282682204183059,18.5517704529778
3.5,37,4.17562199328215,0.284400543453181,18.3967063319933
3.5,37.25,4.21189619047002,0.286319605855981,18.2316842317631
3.5,37.5,4.25168536173381,0.288446176039791,18.0619728475276
3.5,37.75,4.29430951783804,0.290778741357663,17.9194767508974
3.5,38,4.33881927617534,0.293292849304254,17.7951388274022
3.5,38.25,4.38411194805828,0.295948595280008,17.6812571055629
3.5,38.5,4.42894865999151,0.298686003057062,17.5736254982244
3.5,38.75,4.47191734033444,0.301424671951872,17.4700113349492
3.5,39,4.51162169114396,0.304071740439932,17.3691466942567
3.5,39.25,4.54660929099633,0.306520426341266,17.2702280549619
3.5,39.5,4.57551070862473,0.308657343620981,17.172670227024
3.5,39.75,4.59707454903243,0.310370509744796,17.0759832479463
3.5,40,4.6102488045657,0.311555286682008,16.9797073318847
3.5,40.25,4.61425754649754,0.312125489337606,16.8833800713552
3.5,40.5,4.60858134592623,0.312012759553993,16.7865189663325
3.5,40.75,4.5931014424654,0.311182822676184,16.6886185794718
3.5,41,4.5681245185165,0.309638853710187,16.5891649359361
3.5,41.25,4.53430222702119,0.307415916982857,16.4876559856212
3.5,41.5,4.49274898517894,0.304590561544321,16.3836328926325
3.5,41.75,4.44498200057223,0.301275840124921,16.2767244436124
3.5,42,4.39286477841614,0.297613559794024,16.1666767739791
3.5,42.25,4.3385854086142,0.293771426510724,16.053350766177
3.5,42.5,4.28457419093425,0.28993168805677,15.9367330756744
3.5,42.75,4.23336727962421,0.286281258251721,15.8169913072453
3.5,43,4.18759092882246,0.283007720621738,15.6945920163008
3.5,43.25,4.14968575423756,0.280279133230236,15.5704443086123
3.5,43.5,4.12183699343589,0.278241354403024,15.4459460480062
3.5,43.75,4.10589621583436,0.27701364580544,15.3227925913037
3.5,44,4.1031808357341,0.276678100798967,15.2027566158542
3.5,44.25,4.11443302784162,0.277278212331256,15.0875133714886
3.5,44.5,4.1398182528193,0.278820228861865,14.9785190857313
3.5,44.75,4.17879818258161,0.281267536209766,14.8769258858014
3.5,45,4.23044339574981,0.284558579101509,14.7835427088894
3.5,45.25,4.29322365928721,0.288593268872379,14.6988273625239
3.5,45.5,4.36525990563483,0.293247353189869,14.6228854366765
3.5,45.75,4.44436664703322,0.29837515364408,14.5554672336044
3.5,46,4.52827921186315,0.303825546450856,14.4959776903114
3.5,46.25,4.6145880082741,0.309432630631326,14.4435929017961
3.5,46.5,4.70091443102678,0.315031200572437,14.3973906711238
3.5,46.75,4.78502468311138,0.320465554732092,14.3564572586791
3.5,47,4.86482403543313,0.325585821661028,14.3199499451843
3.5,47.25,4.9384783337438,0.330261071432597,14.2871211868518
3.5,47.5,5.00440539293851,0.334378172378451,14.257319948482
3.5,47.75,5.06136510774318,0.337847388768003,14.2299843358965
3.5,48,5.10850462627224,0.34060758748733,14.2046328461655
3.5,48.25,5.1453523649224,0.342624470509339,14.1808556346719
3.5,48.5,5.17174649160939,0.343888150488466,14.1583076241723
3.5,48.75,5.18794272759783,0.344416950234835,14.1367084848374
3.5,49,5.19450223860971,0.34425459638154,14.1158545794396
3.5,49.25,5.19223835445665,0.343461321476023,14.0956509782431
3.5,49.5,5.18215964956965,0.342113546564762,14.0761804668721
3.5,49.75,5.16541766690044,0.340299229173593,14.0578261723667
3.5,50,5.14320892856498,0.338108572213426,14.0414201373987
3.5,50.25,5.11669838520065,0.33563178171033,14.0282198917355
3.5,50.5,5.08698920382502,0.332953295907428,14.0197179251984
3.5,50.75,5.05506406650486,0.330151584423562,14.0140300765
3.5,51,5.02171584772524,0.327289904548973,14.0098312753739
3.5,51.25,4.98755492927619,0.324418802335716,14.0063053791221
3.5,51.5,4.9531085448813,0.321583248239019,14.0029156503312
3.5,51.75,4.91869299194522,0.31881099830574,14.0014213659891
3.5,52,4.88454813640817,0.316124839704983,14.0004375448931
3.75,25.5,4.14020050936281,0.268471467183748,21.0295010788566
3.75,25.75,4.13351891791933,0.269468110888544,21.0279636927929
3.75,26,4.1332074420897,0.270964140015538,21.0233417435769
3.75,26.25,4.13866568437416,0.272881391743198,21.0140414475852
3.75,26.5,4.14915790659851,0.275129136523823,20.9983462842779
3.75,26.75,4.16371016168999,0.277597545204613,20.9734116829054
3.75,27,4.1812470916311,0.280172392146523,20.9556365458445
3.75,27.25,4.20066165615018,0.282736140771973,20.9383160281155
3.75,27.5,4.22075931879374,0.285168177455594,20.9200758374023
3.75,27.75,4.24045084019066,0.287360143317239,20.9009611647527
3.75,28,4.25876297576092,0.289217799305188,20.8812242558819
3.75,28.25,4.27480613105973,0.290661165603104,20.8611083772676
3.75,28.5,4.28787089462076,0.291634317356755,20.8408423921507
3.75,28.75,4.29742678512346,0.292102521468464,20.8206305764997
3.75,29,4.30312743102057,0.292056357701684,20.8006414701609
3.75,29.25,4.30473368495608,0.291505992790113,20.7809948466862
3.75,29.5,4.30222640419351,0.2904842640588,20.7617535852459
3.75,29.75,4.29573372163925,0.289044381224369,20.7429205005797
3.75,30,4.28554945052048,0.287256941184388,20.7244361165932
3.75,30.25,4.27203219510944,0.285200065581632,20.7061744745639
3.75,30.5,4.25573116729795,0.282967896408968,20.6879360118518
3.75,30.75,4.23720601324095,0.280652492238213,20.6694350023178
3.75,31,4.21712689373746,0.278350803294095,20.6502786329338
3.75,31.25,4.19611393517144,0.276149205541819,20.62993323013
3.75,31.5,4.17481687620084,0.274129094533468,20.6076705668725
3.75,31.75,4.15384673128711,0.27235902634631,20.5824905847462
3.75,32,4.13371083449523,0.270891116686784,20.5530416727464
3.75,32.25,4.11485396233837,0.269761470904551,20.5176796178602
3.75,32.5,4.09758358611606,0.268985961450324,20.4751272480526
3.75,32.75,4.08209157642251,0.26856117626128,20.42622687968
3.75,33,4.06850505950296,0.268470207758403,20.369139560366
3.75,33.25,4.05690630917758,0.26868260912263,20.2996923535377
3.75,33.5,4.04732086221143,0.26915798288238,20.2248764970614
3.75,33.75,4.03973715270572,0.269847323858308,20.1527503739625
3.75,34,4.03419257955153,0.270701135462552,20.0783176569764
3.75,34.25,4.03079422735542,0.271674793596924,19.9971578476445
3.75,34.5,4.02971167295312,0.272729186578362,19.9043122949449
3.75,34.75,4.03120109454601,0.273835453794103,19.7931298274194
3.75,35,4.03551143584553,0.274972500709909,19.6719808663982
3.75,35.25,4.04302011563211,0.276137163104274,19.5421933805767
3.75,35.5,4.05410949518259,0.277337370709299,19.4036880052633
3.75,35.75,4.06912219750205,0.27858910136115,19.2561336407613
3.75,36,4.08837285905817,0.279920703154569,19.0992060648162
3.75,36.25,4.11204183493023,0.281360766484771,18.9330746199705
3.75,36.5,4.14024603310734,0.282944684833886,18.7609954005003
3.75,36.75,4.17286777524134,0.28470126153663,18.6018306810295
3.75,37,4.20962722524108,0.286652246604257,18.4449613276928
3.75,37.25,4.2500728492219,0.288811935540754,18.2874812503495
3.75,37.5,4.29346834198976,0.291175194634066,18.1329084892335
3.75,37.75,4.33895321383083,0.293725722697653,17.9906321757756
3.75,38,4.38541331646003,0.296422928964306,17.8601212084383
3.75,38.25,4.43160496182949,0.299210045106929,17.7384618884814
3.75,38.5,4.47617677910827,0.302010671603675,17.6231258723127
3.75,38.75,4.51764660898816,0.304729731215808,17.5123400038162
3.75,39,4.5545934518811,0.307262752458023,17.4048954807711
3.75,39.25,4.58559142767214,0.309495530446412,17.2999286366883
3.75,39.5,4.60935613916752,0.311313178032238,17.1967646647478
3.75,39.75,4.62477480049819,0.312608180171135,17.0948224936558
3.75,40,4.63098662250126,0.313287119692712,16.9935582967209
3.75,40.25,4.62745397641896,0.313281457636889,16.8924360199351
3.75,40.5,4.61393817236369,0.312546453979473,16.7909121105032
3.75,40.75,4.5906317646887,0.311076045344989,16.6884345503236
3.75,41,4.55817189579909,0.308904557370226,16.5844580238879
3.75,41.25,4.5175507161872,0.30609943482095,16.4784644737089
3.75,41.5,4.47021364374112,0.302768265261103,16.3699938973362
3.75,41.75,4.41798806925635,0.299052057680548,16.2586856763344
3.75,42,4.36300637695287,0.295115316259299,16.1443153026988
3.75,42.25,4.30767221317309,0.291141846556706,16.0268252937137
3.75,42.5,4.25455665735525,0.287322294580269,15.9063639503525
3.75,42.75,4.20625036433778,0.283843947673033,15.7833379556627
3.75,43,4.16532790028463,0.28088635796754,15.6584806750359
3.75,43.25,4.13407628505237,0.278602652016183,15.5329005082425
3.75,43.5,4.11441927809514,0.277117283563337,15.4080515108981
3.75,43.75,4.1078565336378,0.276523552638229,15.2855996800859
3.75,44,4.11527772378206,0.276874066622498,15.1672441043805
3.75,44.25,4.13695951789197,0.278181538179263,15.0545469741533
3.75,44.5,4.17259545563616,0.280421680491679,14.9488062982518
3.75,44.75,4.22120030471187,0.283528831315788,14.8509713725831
3.75,45,4.28144315949305,0.287414785426061,14.7616129045176
3.75,45.25,4.35146734044626,0.291956762040147,14.6809323837332
3.75,45.5,4.42914417491976,0.297011952204002,14.608790359344
3.75,45.75,4.51211992830802,0.302420825913715,14.5447519297988
3.75,46,4.59803892930341,0.308023284806683,14.4881483698781
3.75,46.25,4.6844725368179,0.3136493181642,14.4381670013361
3.75,46.5,4.7690960950277,0.319135030996195,14.3939412630031
3.75,46.75,4.84978471717864,0.324330363140375,14.3546252014423
3.75,47,4.92460853425434,0.329095789942296,14.3194393352162
3.75,47.25,4.99194438856375,0.333314658857205,14.2876913823965
3.75,47.5,5.05046680191736,0.336891966629291,14.2587804037921
3.75,47.75,5.09921944443053,0.339758674554552,14.232192225407
3.75,48,5.13765018509063,0.341876038901178,14.2074926672025
3.75,48.25,5.16559329879321,0.343232967912982,14.1843209787839
3.75,48.5,5.18318562188856,0.343842535910852,14.1623853255798
3.75,48.75,5.1909510068629,0.34374411786947,14.1414647190539
3.75,49,5.18967989420952,0.34299965477795,14.1214206708838
3.75,49.25,5.18036256420965,0.341683972027458,14.1022212715314
3.75,49.5,5.16412501498374,0.339883658290381,14.0839814072325
3.75,49.75,5.14217405631719,0.33769208108822,14.06701249176
3.75,50,5.11569946709249,0.335200259686999,14.0518438291346
3.75,50.25,5.08580671499507,0.332494987892929,14.0391220114713
3.75,50.5,5.05349845098049,0.329654149323926,14.0292899460622
3.75,50.75,5.01962593225727,0.326746978672276,14.0217582638355
3.75,51,4.9848451247991,0.323826808759471,14.0158209538941
3.75,51.25,4.94963011170336,0.320934049157462,14.0109409543896
3.75,51.5,4.91439269678201,0.318104570872556,14.0068434440292
3.75,51.75,4.87936649457922,0.315359091225491,14.0037570505939
3.75,52,4.84474563019473,0.312715622581018,14.001202326898
4,25.5,4.12180019053416,0.268325676739568,21.0310475562841
4,25.75,4.11941008032435,0.269708188919856,21.0310642724837
4,26,4.12315259737414,0.271538897203018,21.0280685153892
4,26.25,4.13218940195089,0.273720222433648,21.0205651589123
4,26.5,4.14559153251133,0.27614575311057,21.0078664605335
4,26.75,4.16224347383255,0.278694410996998,20.9904294747956
4,27,4.180991732125,0.281246400632089,20.972786838703
4,27.25,4.20070734277102,0.283684264794724,20.9544402774224
4,27.5,4.22022649713881,0.285893127981963,20.9350175557108
4,27.75,4.23853590358467,0.287775766211216,20.9145862152334
4,28,4.25476443545487,0.289252931757467,20.8933950357884
4,28.25,4.26815266297873,0.290263397207937,20.8717325315481
4,28.5,4.27813198066913,0.290771882295577,20.8498773452945
4,28.75,4.28432354942785,0.290765681872044,20.8280763727468
4,29,4.28652754474221,0.290256991699895,20.8065320826273
4,29.25,4.28465421988527,0.289276849091523,20.7853928414875
4,29.5,4.27882121506675,0.287876674095562,20.7647466159473
4,29.75,4.26928533411308,0.286125683952242,20.7446171017357
4,30,4.25645163633244,0.284106834774714,20.7249594753854
4,30.25,4.24077648446615,0.281907097650941,20.7056538494472
4,30.5,4.2228823571528,0.279624950097734,20.6864961639289
4,30.75,4.20338020193561,0.277352815563462,20.6671848017472
4,31,4.18296004625117,0.275183425966542,20.6473018505217
4,31.25,4.16223383836178,0.273195118782313,20.6262886804861
4,31.5,4.14181764658437,0.271457960594628,20.6034172294488
4,31.75,4.12225469912505,0.2700259444015,20.5777667447952
4,32,4.10396591565971,0.268934733624205,20.5482341117748
4,32.25,4.0872973315455,0.268203108753865,20.5136482377855
4,32.5,4.07245541309559,0.267829857813594,20.4730708956433
4,32.75,4.05954012250463,0.267795737069042,20.4260794520225
4,33,4.04860506784371,0.268070311163775,20.3717418702643
4,33.25,4.03968538564176,0.268612821581438,20.3092604956324
4,33.5,4.03278993574674,0.269376306250327,20.2409278045292
4,33.75,4.02792010800923,0.270309266019088,20.169087727199
4,34,4.02515172905532,0.271363760719265,20.0922304958169
4,34.25,4.02464446232729,0.272500029814756,20.0078044969848
4,34.5,4.02662902990088,0.273686810476904,19.9130255022972
4,34.75,4.03141972233137,0.274905050871191,19.8058079489395
4,35,4.03931371200209,0.276144624329768,19.6881361021313
4,35.25,4.05071007473117,0.277412910920104,19.5611502715943
4,35.5,4.06598687142701,0.278727393006638,19.425399240882
4,35.75,4.08545174502216,0.280111777430449,19.2813159341407
4,36,4.10934966962032,0.281599376271708,19.1295920025211
4,36.25,4.13776190955566,0.283220735644934,18.9717184839794
4,36.5,4.1706713099316,0.285009309259183,18.8110168852811
4,36.75,4.20780932867665,0.286988932394705,18.653435853274
4,37,4.24872426609839,0.289172707042838,18.4980364050829
4,37.25,4.29278480958913,0.291563190960979,18.3446234776612
4,37.5,4.33907934615045,0.294141188879574,18.195233350729
4,37.75,4.38657659632606,0.29687408159715,18.053210760759
4,38,4.43401639473185,0.299704471387983,17.9191447922676
4,38.25,4.48004051001796,0.302558990752416,17.7920665425071
4,38.5,4.52321915774228,0.305346193438249,17.6706563918245
4,38.75,4.56204078330786,0.307958859605669,17.5537226906526
4,39,4.59510393997327,0.310284507711144,17.4402931144613
4,39.25,4.62105672712786,0.312206120539523,17.3295744035123
4,39.5,4.6387465615426,0.313612586311707,17.2208868064428
4,39.75,4.64724425229979,0.314406529626474,17.1136121748407
4,40,4.64592108859451,0.314511389723491,17.0071580784594
4,40.25,4.63451215227111,0.313881376728978,16.9009391481593
4,40.5,4.61308620247772,0.312499578369826,16.7943683950859
4,40.75,4.58216403807714,0.310390976351288,16.6868610764553
4,41,4.54271908989152,0.30762221398322,16.577853807296
4,41.25,4.49607864496809,0.304292542707513,16.4668287309744
4,41.5,4.44400089505643,0.300538194020453,16.3533479500411
4,41.75,4.38859205717931,0.296524072778372,16.2370990970635
4,42,4.33220877420478,0.292431980166719,16.1179404201246
4,42.25,4.27741188607818,0.288455456242509,15.9959458084896
4,42.5,4.22684226175878,0.284786704378424,15.8714506166006
4,42.75,4.18306329287789,0.281606495593158,15.7450909679715
4,43,4.1485097765062,0.279079909653069,15.6178319438299
4,43.25,4.1252272180037,0.277339540101726,15.4909577780421
4,43.5,4.11479804052364,0.27648396308506,15.3659983786414
4,43.75,4.11830505617298,0.276577264052809,15.2445985265083
4,44,4.13616940142956,0.277640755413308,15.1283550123875
4,44.25,4.16818707212702,0.279655832991297,15.0186612563127
4,44.5,4.21359095334232,0.282568330040187,14.9165958596448
4,44.75,4.27098428717354,0.286285284179793,14.8228581801908
4,45,4.33868558766593,0.290694356476223,14.7377611498176
4,45.25,4.41457381494283,0.295653300035707,14.6612643929914
4,45.5,4.49633710514013,0.301004487188814,14.5930269266747
4,45.75,4.58152015516763,0.306578644398875,14.5324758863217
4,46,4.66773934835478,0.312210941219244,14.4788815113558
4,46.25,4.75260767908444,0.317731763725899,14.4314331490796
4,46.5,4.83391014293709,0.322982979700016,14.3893053814779
4,46.75,4.90968207140139,0.327824502914881,14.351710588883
4,47,4.97820533423157,0.332131312955614,14.317930729788
4,47.25,5.03810785235359,0.33580473225421,14.2873318737436
4,47.5,5.0883523896455,0.338770952464696,14.2593670406949
4,47.75,5.12828779558836,0.340983915235599,14.2335722016143
4,48,5.15767130493782,0.342428515322474,14.2095605224165
4,48.25,5.1766379652594,0.343117005069073,14.1870169978852
4,48.5,5.18560454368357,0.343084406127925,14.1656948276199
4,48.75,5.18533039651396,0.342388972071191,14.1454168362595
4,49,5.17679181377855,0.341107704927252,14.126083398636
4,49.25,5.16110493872289,0.339326170273032,14.1076861365395
4,49.5,5.13945838852212,0.337136843106168,14.0903256655757
4,49.75,5.11306004405154,0.334634167840313,14.074223260068
4,50,5.08304452667554,0.331906014567009,14.0597014137783
4,50.25,5.05041903363804,0.329032469897763,14.0470948680598
4,50.5,5.01605965993475,0.326082510257035,14.0365717906684
4,50.75,4.98067514450123,0.323114867090779,14.0279181640051
4,51,4.94478815822867,0.320172799688396,14.0207737576903
4,51.25,4.90875441342706,0.317287482100124,14.0148027462723
4,51.5,4.87289782697625,0.314487314232578,14.0097706360902
4,51.75,4.83740425072906,0.311788184777009,14.005546254946
4,52,4.80245900630573,0.309205717032403,14.0018006876016
4.25,25.25,4.11182695258483,0.267273752691911,21.0251130473348
4.25,25.5,4.10723678092125,0.268532811102281,21.0326028902086
4.25,25.75,4.10903455069392,0.270261757626223,21.0372368452682
4.25,26,4.11648329851398,0.27236689646189,21.0373972666434
4.25,26.25,4.12854946433246,0.274734750089688,21.0324459559078
4.25,26.5,4.14416397778903,0.277247800356678,21.0223825316363
4.25,26.75,4.16212937133566,0.279779202384777,21.0079769540204
4.25,27,4.18127209215432,0.282209386223122,20.9909869256824
4.25,27.25,4.20049316679147,0.284426736527387,20.972012603119
4.25,27.5,4.21870383382427,0.286327541465163,20.9513609052944
4.25,27.75,4.23499994625351,0.287830306736144,20.9293692710568
4.25,28,4.2486366109208,0.288874462416918,20.9064183314389
4.25,28.25,4.2589997783742,0.289420095450702,20.8828898299431
4.25,28.5,4.26566944723803,0.289453944406716,20.8591363139699
4.25,28.75,4.26841961852016,0.288985529883718,20.8354642474076
4.25,29,4.2671947053547,0.288047822425053,20.8121245354729
4.25,29.25,4.26204835433456,0.286690922407522,20.789306189399
4.25,29.5,4.25322597429279,0.28498222284926,20.7671322991532
4.25,29.75,4.2411007231699,0.283003620805324,20.7456567866071
4.25,30,4.22617345129503,0.280846603593089,20.7248594894482
4.25,30.25,4.20897917722937,0.278602821367112,20.7046382970945
4.25,30.5,4.19018995372,0.276370689040185,20.6847989037825
4.25,30.75,4.17044053943479,0.274238626304017,20.6650415404083
4.25,31,4.15041022686156,0.272290974205203,20.644945336264
4.25,31.25,4.13067178696458,0.270594365743477,20.6239525964327
4.25,31.5,4.11177686692342,0.269204421983267,20.6013574599698
4.25,31.75,4.09417579262967,0.268158382747766,20.5763090354891
4.25,32,4.0781855823992,0.267474263799536,20.5478449886645
4.25,32.25,4.0640456374553,0.267153402582868,20.5149788936822
4.25,32.5,4.05186504256954,0.267178512080347,20.4768370142711
4.25,32.75,4.04166584014422,0.267516570315837,20.432735445075
4.25,33,4.03345012044611,0.268126495710819,20.3820159709845
4.25,33.25,4.0272323757587,0.268960701708902,20.3243419955588
4.25,33.5,4.02303218159799,0.269969448301667,20.2602870515481
4.25,33.75,4.02088890831851,0.271102545199578,20.1903321405717
4.25,34,4.02093554018257,0.272317072219933,20.1136924392109
4.25,34.25,4.0233947869152,0.273580983776014,20.0289227091059
4.25,34.5,4.02856027516976,0.274872942273655,19.9345208121102
4.25,34.75,4.0367969549224,0.276184835904073,19.8295962908749
4.25,35,4.04843558275005,0.277517715777764,19.7146417468238
4.25,35.25,4.06387583780403,0.27888877209293,19.5903676234448
4.25,35.5,4.08346636919179,0.280323512265468,19.4574726490777
4.25,35.75,4.1074532863774,0.281851223826018,19.3167584644819
4.25,36,4.13598515990982,0.28350750398531,19.1693350587435
4.25,36.25,4.16902010827502,0.285321946428872,19.016874481178
4.25,36.5,4.20638701830646,0.287323059535061,18.861819617339
4.25,36.75,4.24765196962121,0.289526757221364,18.7069955358257
4.25,37,4.29218423339685,0.291934859960315,18.5534416076841
4.25,37.25,4.33917263335575,0.294535940690558,18.4020281003492
4.25,37.5,4.38753918419166,0.297295164217666,18.2541713514637
4.25,37.75,4.43609905512209,0.300162785782641,18.111452698847
4.25,38,4.48347187419177,0.303064768548473,17.9744817476455
4.25,38.25,4.52821753544943,0.305912339226317,17.8430225212242
4.25,38.5,4.56886694765141,0.308601344049465,17.7164382047744
4.25,38.75,4.60392321997298,0.311015885768469,17.5939843162439
4.25,39,4.63205032920878,0.313039885670977,17.474934771994
4.25,39.25,4.65201745834763,0.314558736155426,17.3586118951315
4.25,39.5,4.66284829292137,0.315470691211701,17.2443755801716
4.25,39.75,4.66383804940335,0.315694156286288,17.1316063032279
4.25,40,4.65462505466075,0.315174643110501,17.0196902597468
4.25,40.25,4.63524415064019,0.313893417542325,16.9080139395647
4.25,40.5,4.60608969362995,0.311864468525747,16.7959646083022
4.25,40.75,4.56801816927277,0.309145262956303,16.6829415074993
4.25,41,4.52233505659724,0.305834392811091,16.5683815595162
4.25,41.25,4.4706868590667,0.302060783022149,16.4517899509772
4.25,41.5,4.4151155343682,0.297985474253895,16.3327808687219
4.25,41.75,4.35796371436684,0.293791993157784,16.2111292368901
4.25,42,4.30175675166306,0.289673158128619,16.0868215679246
4.25,42.25,4.24914383116639,0.285825375221463,15.9601043842498
4.25,42.5,4.20275575889635,0.282435462641469,15.8315244795544
4.25,42.75,4.16504116281957,0.279671076382335,15.7019472873102
4.25,43,4.1382060732396,0.277677009436163,15.5725479346599
4.25,43.25,4.1239717588862,0.276560595385414,15.4447571873285
4.25,43.5,4.12351147999812,0.276391109520379,15.3201546595639
4.25,43.75,4.13744426048269,0.27720129678779,15.200330007784
4.25,44,4.16570375927113,0.278980492062013,15.0867311972117
4.25,44.25,4.2076129346093,0.281679302073122,14.9805315989778
4.25,44.5,4.26197583098077,0.285215284663205,14.8825473149369
4.25,44.75,4.32703569599818,0.289470747041228,14.793203572189
4.25,45,4.40082240527287,0.29431243169767,14.7125551590426
4.25,45.25,4.48101848260066,0.299582423089847,14.6403416573478
4.25,45.5,4.56519720915992,0.305112476270907,14.5760560514594
4.25,45.75,4.65086780625034,0.310728051451839,14.5190217120123
4.25,46,4.73567987355513,0.316264107822637,14.468466356635
4.25,46.25,4.81734601376108,0.321556101474273,14.4235857708076
4.25,46.5,4.89381312556586,0.326456144243815,14.3835929878926
4.25,46.75,4.96332385413848,0.330838339491744,14.3477549092811
4.25,47,5.0244128636938,0.334596003646229,14.315412803817
4.25,47.25,5.07599165660158,0.337651598764109,14.285990633901
4.25,47.5,5.11733299251277,0.339954815456766,14.258995345545
4.25,47.75,5.14810067424284,0.341483896616416,14.2340123459766
4.25,48,5.16835705205682,0.342247517443333,14.2106999650249
4.25,48.25,5.17851946532556,0.342280223534406,14.1887844858849
4.25,48.5,5.17925300090746,0.341636790662914,14.1680564612655
4.25,48.75,5.17150907406946,0.340391140249373,14.1483705993316
4.25,49,5.1563983876131,0.338631370002801,14.1296495243571
4.25,49.25,5.13510761996774,0.336449428416067,14.1118892764238
4.25,49.5,5.10883324548766,0.333939259599449,14.0951637622342
4.25,49.75,5.07873446160546,0.331192298816041,14.0796206032366
4.25,50,5.04585078293005,0.328289894489581,14.0654554220008
4.25,50.25,5.01106400887515,0.325303005673361,14.052852192727
4.25,50.5,4.97511127092337,0.322290391514862,14.0418956145215
4.25,50.75,4.9385619338113,0.319300118899735,14.0325040765551
4.25,51,4.90182212357637,0.316366250108016,14.0244965661723
4.25,51.25,4.86515790505117,0.313512475731049,14.0176692528001
4.25,51.5,4.82884005870172,0.310761940356452,14.0118310342498
4.25,51.75,4.793044458546,0.308128179012085,14.0067811656544
4.25,52,4.75798293335159,0.305626748847277,14.0022111947506
4.5,23.5,4.29064399749107,0.27238985246548,20.710977547722
4.5,23.75,4.24439725745494,0.269845242153911,20.7452869901762
4.5,24,4.20310315853866,0.267873713913877,20.7921330518122
4.5,24.25,4.1677880777669,0.266524496159223,20.8430190557204
4.5,24.5,4.139200494572,0.26582071485975,20.8935679734033
4.5,24.75,4.11778923237253,0.265760972524598,20.940884062319
4.5,25,4.10370983766148,0.266319895927378,20.9827685903213
4.5,25.25,4.0967906570954,0.267446321273608,21.0175837892549
4.5,25.5,4.09651709553154,0.269063348901367,21.0370623634872
4.5,25.75,4.10214805205103,0.271077042195068,21.0479470883397
4.5,26,4.11274439554352,0.273377513078196,21.0519252912532
4.5,26.25,4.12713357724206,0.275840165956268,21.0495810572237
4.5,26.5,4.14416605638166,0.27834185499865,21.0414590610945
4.5,26.75,4.16262202967543,0.280755937003458,21.0283968652275
4.5,27,4.18136067258595,0.28296890599344,21.0115128070429
4.5,27.25,4.19935643629757,0.284880394469742,20.9916457278675
4.5,27.5,4.21562984047755,0.286402576046194,20.9694516599123
4.5,27.75,4.22940896915873,0.287473314600317,20.9455185832756
4.5,28,4.24009024455953,0.288053280582633,20.9203972235992
4.5,28.25,4.24721257234379,0.288125225148283,20.8945933055909
4.5,28.5,4.25050647555473,0.287698079986473,20.8685546964036
4.5,28.75,4.24989550506134,0.286802644329515,20.8426634483675
4.5,29,4.24546249306991,0.28549077985782,20.8172321676212
4.5,29.25,4.23739527634756,0.283828920972485,20.7925021772927
4.5,29.5,4.22605476946135,0.281897052190382,20.7686426427206
4.5,29.75,4.21191433160947,0.27978580438516,20.7457488328635
4.5,30,4.19555060145838,0.277590922791635,20.7238371725693
4.5,30.25,4.17755297214842,0.275404300563937,20.7028362700464
4.5,30.5,4.15861416953979,0.273319838849358,20.6825752995548
4.5,30.75,4.13936093856363,0.271417754349483,20.6627701784756
4.5,31,4.12042871273824,0.269770234724241,20.6430095572665
4.5,31.25,4.10232032427764,0.268429177156276,20.6227442831534
4.5,31.5,4.08549580862081,0.267433489730551,20.6012851985995
4.5,31.75,4.07029456944931,0.266802487748329,20.5778164813025
4.5,32,4.05692208988633,0.266536469177063,20.5514310965681
4.5,32.25,4.04551460193677,0.266620354517819,20.5211937343474
4.5,32.5,4.03609863491592,0.267022862738359,20.4862183567209
4.5,32.75,4.02864181175581,0.267700161802005,20.445720136502
4.5,33,4.0231231608969,0.2686040825589,20.399022588052
4.5,33.25,4.019565762347,0.269684077296996,20.3456662881916
4.5,33.5,4.01802632100454,0.270891481906969,20.2854943204548
4.5,33.75,4.01860299962775,0.272180973723534,20.218294811629
4.5,34,4.02149812468342,0.273517593985241,20.1434273126106
4.5,34.25,4.02700038085107,0.274879146532857,20.0599783468139
4.5,34.5,4.03546026084258,0.276255441802979,19.9670815836283
4.5,34.75,4.04727891942101,0.277649548015101,19.8642700366575
4.5,35,4.06280035700745,0.279073040646141,19.7517082021436
4.5,35.25,4.08239998828332,0.280551433629145,19.6299083687821
4.5,35.5,4.10637001792379,0.282116120680309,19.4995919086117
4.5,35.75,4.13486835583362,0.283799373367709,19.3616949656243
4.5,36,4.16792227572889,0.285636136503991,19.2174389703588
4.5,36.25,4.20534602743611,0.287652053619505,19.0683980157592
4.5,36.5,4.24679945966176,0.289867768727549,18.9164708652319
4.5,36.75,4.29167457146084,0.292288559859203,18.7635852523566
4.5,37,4.33916112911771,0.294902726639907,18.6111231948837
4.5,37.25,4.3882752194181,0.297683156381412,18.4602473433861
4.5,37.5,4.43778861607618,0.300578473383124,18.3121271384735
4.5,37.75,4.48638720567082,0.303521813616014,18.1677969255461
4.5,38,4.53260238688549,0.306423565933625,18.0278134242269
4.5,38.25,4.57494984962909,0.309181690977087,17.8922396274063
4.5,38.5,4.61196383592782,0.311682588774341,17.7608075137622
4.5,38.75,4.64220787641693,0.313805971216452,17.6330707964682
4.5,39,4.66445715611197,0.315437209050706,17.5085014730688
4.5,39.25,4.6776470047463,0.316469689711941,17.3865354450302
4.5,39.5,4.68101794986661,0.316816642001651,17.2665869271264
4.5,39.75,4.67412486003403,0.316417539001967,17.1480535815907
4.5,40,4.65690099074339,0.315244441534797,17.0303183863144
4.5,40.25,4.62969975414293,0.313308899487321,16.9127568878728
4.5,40.5,4.59325009044544,0.310657523213715,16.7947478899571
4.5,40.75,4.5487418138918,0.307380187921396,16.6756937164419
4.5,41,4.49779802984031,0.303605513606846,16.5550544622482
4.5,41.25,4.44235794940867,0.299488497635768,16.4323868081041
4.5,41.5,4.38470752850745,0.295209906371879,16.3073920767062
4.5,41.75,4.32737248596586,0.290965672962269,16.1799733071416
4.5,42,4.27298086562289,0.286952795346758,16.0502875675688
4.5,42.25,4.22419207063431,0.283363516584138,15.9187892510776
4.5,42.5,4.18354047707433,0.280372556043572,15.7862549544091
4.5,42.75,4.1532704742694,0.278128438937457,15.6537741915157
4.5,43,4.13527446275778,0.276750716033239,15.5227033544392
4.5,43.25,4.13087765820984,0.27631777138486,15.3945744857952
4.5,43.5,4.14079366763735,0.276867296179704,15.2709638986998
4.5,43.75,4.1651525752738,0.27839972410507,15.1533498436765
4.5,44,4.20340485501334,0.280872829219679,15.0429775332505
4.5,44.25,4.25442972060238,0.284207960565223,14.9407568133494
4.5,44.5,4.31665155170735,0.288296875332907,14.8472154625082
4.5,44.75,4.38801697860075,0.293000455400273,14.762499759747
4.5,45,4.46633591040832,0.298168356860086,14.6864209895967
4.5,45.25,4.54916458878556,0.30363128511805,14.6185270863764
4.5,45.5,4.6340291229583,0.309214961809085,14.5581787424477
4.5,45.75,4.71846708762756,0.314744334143209,14.5046254359673
4.5,46,4.80021947739851,0.320058839840243,14.4570718354413
4.5,46.25,4.87715274503456,0.325003695567494,14.4147291925589
4.5,46.5,4.94742330682157,0.32944558392103,14.3768509958727
4.5,46.75,5.00952240475383,0.333276675939233,14.3427573755229
4.5,47,5.06227078981396,0.336411885591956,14.3118467769696
4.5,47.25,5.10488639136025,0.338797194581296,14.2835990083929
4.5,47.5,5.13696207034695,0.340407105259331,14.2575729423427
4.5,47.75,5.15847336932671,0.341244340819808,14.233401090057
4.5,48,5.16977009238675,0.341340292347103,14.2107838189821
4.5,48.25,5.17152053073173,0.340749560352831,14.1894842639315
4.5,48.5,5.1645952713857,0.339543416302619,14.169324102227
4.5,48.75,5.15008624308998,0.337807422953097,14.1501817225141
4.5,49,5.12918268051724,0.335636308963956,14.1319925673858
4.5,49.25,5.10308633993654,0.333123916574492,14.1147493309764
4.5,49.5,5.07295110572284,0.330361500411225,14.098499816569
4.5,49.75,5.03984618052441,0.327434018691289,14.0833380891503
4.5,50,5.00468777545459,0.324413824326643,14.0693832298703
4.5,50.25,4.96821903402905,0.321361409967164,14.0567433582069
4.5,50.5,4.9310401841659,0.318325135994317,14.0454736691108
4.5,50.75,4.89359793468624,0.315343309136417,14.035552341754
4.5,51,4.85620967451834,0.312442539031998,14.0269017607018
4.5,51.25,4.81908802312767,0.30964138092145,14.0194182717256
4.5,51.5,4.78248851759669,0.306960214875216,14.0129786802045
4.5,51.75,4.74661330629004,0.304412626403533,14.0074076266546
4.5,52,4.71173019808802,0.302016049811288,14.0024076842758
4.75,22.75,4.4113172375308,0.279762241050893,20.503704429771
4.75,23,4.35586024958327,0.276056318009367,20.5430646755542
4.75,23.25,4.30275105624293,0.272770017193279,20.6026706636653
4.75,23.5,4.25333663867016,0.269992166879939,20.676824304057
4.75,23.75,4.20885860094071,0.267794641428726,20.7343157439299
4.75,24,4.17036415619699,0.266228390269518,20.7899224501542
4.75,24.25,4.13870272399497,0.265323290420713,20.8450059494512
4.75,24.5,4.11438762140385,0.265080426557017,20.8980858659757
4.75,24.75,4.09759353405108,0.265474695099812,20.947180581141
4.75,25,4.08818410838777,0.266456636894614,20.9903117702727
4.75,25.25,4.08570194377892,0.267952032634675,21.0255015594984
4.75,25.5,4.08938285222133,0.269863892881939,21.0501583213379
4.75,25.75,4.0982802465438,0.272081784070046,21.0655831149291
4.75,26,4.11130917690065,0.274484436893836,21.0728136904277
4.75,26.25,4.12722036601983,0.276941798147547,21.072591085522
4.75,26.5,4.14484299090285,0.279331036440898,21.0656572816995
4.75,26.75,4.16298888340879,0.281531701854555,21.0529078346498
4.75,27,4.18059373728364,0.283441802700918,21.0353668919148
4.75,27.25,4.19673857083235,0.284976897733482,21.0140056070827
4.75,27.5,4.21057708656084,0.286068773319497,20.9897058666683
4.75,27.75,4.22148351419118,0.28667712194727,20.9632707188085
4.75,28,4.22900313819786,0.286785187806164,20.9354277843518
4.75,28.25,4.23282942715048,0.286398501094985,20.9068231736089
4.75,28.5,4.23284089057838,0.28554720050756,20.8780156611122
4.75,28.75,4.22910380337317,0.28428135886365,20.8494759003342
4.75,29,4.22183036855824,0.282668920762397,20.8215893707795
4.75,29.25,4.21132988386422,0.280789145781128,20.7946601872878
4.75,29.5,4.19806243083885,0.278730615680585,20.768914433308
4.75,29.75,4.18258055588226,0.276588311760639,20.7445006309879
4.75,30,4.1655112823916,0.274457720938092,20.7214848654421
4.75,30.25,4.14746866513839,0.272426504303625,20.6998401007679
4.75,30.5,4.12913273009185,0.27057979447658,20.6794319063632
4.75,30.75,4.11108794736558,0.268985836930091,20.6600021949412
4.75,31,4.09389330452405,0.267701574560211,20.6411542691861
4.75,31.25,4.07795497560862,0.266762008863838,20.6223437779465
4.75,31.5,4.06362181220023,0.266188112929581,20.6028801755878
4.75,31.75,4.05111480919512,0.265981250364421,20.5819433790264
4.75,32,4.04053231890613,0.266125095957482,20.5586173153499
4.75,32.25,4.03192273537934,0.266590268791276,20.5319400761984
4.75,32.5,4.02525479052474,0.267334496153886,20.500960771088
4.75,32.75,4.020471957352,0.268306784257039,20.4647867500151
4.75,33,4.01756151421839,0.269455818562803,20.4226176244137
4.75,33.25,4.01658331995168,0.270732017377194,20.3737887072606
4.75,33.5,4.01765327730039,0.272091394480377,20.3177713033796
4.75,33.75,4.02094238466092,0.273496524995426,20.2540433696895
4.75,34,4.02672646625171,0.274922611131825,20.1819724787064
4.75,34.25,4.03535509174378,0.276358582239709,20.1008774693881
4.75,34.5,4.04722218960309,0.277805710113268,20.0101917640406
4.75,34.75,4.06274474662587,0.279277617266254,19.9096425756514
4.75,35,4.08225545690252,0.280794978877385,19.7993501315365
4.75,35.25,4.10607847312848,0.282389533249505,19.6797646368078
4.75,35.5,4.13442231751378,0.284095977190512,19.5516063687092
4.75,35.75,4.16733154335221,0.285946697232387,19.4158444141799
4.75,36,4.20469051000345,0.28797296182205,19.2736980066944
4.75,36.25,4.24615340118185,0.290193536177273,19.1266212362194
4.75,36.5,4.29120165950298,0.292618511005853,18.9762282723272
4.75,36.75,4.33905095599236,0.295240186587534,18.8241213517169
4.75,37,4.38871803578241,0.298031615338129,18.6716871887671
4.75,37.25,4.43906054325429,0.300948953154382,18.5201321013512
4.75,37.5,4.48872290558554,0.303924151354586,18.3705229154025
4.75,37.75,4.53629221520231,0.306874109468064,18.2237233392175
4.75,38,4.58024864772778,0.309695627220137,18.0802801483385
4.75,38.25,4.61910499232126,0.312276456904567,17.9404043670824
4.75,38.5,4.65144344422373,0.314497643028949,17.8040359012494
4.75,38.75,4.67593377408531,0.316239450831656,17.6709207876593
4.75,39,4.69150646896505,0.317394152591407,17.540675985306
4.75,39.25,4.69730447856111,0.317868794952677,17.4128317342428
4.75,39.5,4.69282050786797,0.317596896698761,17.2868553535982
4.75,39.75,4.67789760132397,0.316543614276427,17.1621690568111
4.75,40,4.65278387225066,0.314711007892646,17.0381641593205
4.75,40.25,4.61816127503961,0.312142836547435,16.9142196564342
4.75,40.5,4.57509280940996,0.308918558622434,16.7897234556373
4.75,40.75,4.52508931902755,0.305158828612744,16.6641028259862
4.75,41,4.47006688979505,0.301018896274534,16.5368683982033
4.75,41.25,4.41222031513204,0.296674936240867,16.407661895436
4.75,41.5,4.35402906301935,0.292321365428459,16.2763108344785
4.75,41.75,4.29813802385681,0.288159682433056,16.1428879696757
4.75,42,4.24720240610863,0.284384008158019,16.0077591779125
4.75,42.25,4.20380652043087,0.281175568316943,15.8716131632618
4.75,42.5,4.17029894348471,0.278690799843992,15.7354622561248
4.75,42.75,4.14863328167528,0.277053910255221,15.600600081086
4.75,43,4.14031333238892,0.276355289488128,15.4685192338017
4.75,43.25,4.14621293524342,0.276641827213231,15.3407903481203
4.75,43.5,4.16655708422294,0.277918526864427,15.2189173297774
4.75,43.75,4.20098547864397,0.280153682514076,15.1042023612116
4.75,44,4.24849212164947,0.283274967592967,14.9976370012863
4.75,44.25,4.30756037662436,0.28717692999872,14.8998368998393
4.75,44.5,4.37629714931323,0.291728783506261,14.8110331782458
4.75,44.75,4.45242307894818,0.296773933424691,14.7311048520024
4.75,45,4.53359958749773,0.302149309460004,14.6596457361257
4.75,45.25,4.61732614652099,0.307678926597857,14.5960452167519
4.75,45.5,4.70114686800938,0.313187334682417,14.539564656242
4.75,45.75,4.78268803270715,0.318503869630033,14.4894067219864
4.75,46,4.85983625643077,0.32347714855481,14.4447711863532
4.75,46.25,4.93066119009364,0.327966661904407,14.4048942830552
4.75,46.5,4.99357027540024,0.331857611038972,14.3690731004448
4.75,46.75,5.0473369689882,0.335063527232372,14.3366804282965
4.75,47,5.09109163521603,0.337523359853265,14.3071696675867
4.75,47.25,5.12436995481087,0.339207978399916,14.280073744746
4.75,47.5,5.14708201433654,0.340116845991358,14.2550006408542
4.75,47.75,5.15949835831456,0.340276110050112,14.2316270553777
4.75,48,5.1622256752469,0.339737615563577,14.2096921707044
4.75,48.25,5.15614064878575,0.338572713854341,14.1889921480842
4.75,48.5,5.14226805919818,0.336865080659891,14.1693751481085
4.75,48.75,5.12178428450328,0.334707399536228,14.1507379219268
4.75,49,5.09590092134264,0.332196448568367,14.133023647952
4.75,49.25,5.06578354739644,0.329423744709794,14.116219057338
4.75,49.5,5.03250139926545,0.32647433091206,14.1003495718648
4.75,49.75,4.99700419455529,0.323424148449953,14.08547041975
4.75,50,4.96007067047696,0.320335186921594,14.0716517329332
4.75,50.25,4.92230681673478,0.317257298444698,14.058958603826
4.75,50.5,4.88419184762796,0.314229344914713,14.0474328886534
4.75,50.75,4.84607798516627,0.311281674425304,14.0370874341326
4.75,51,4.80822940839365,0.308435792446228,14.0279185143935
4.75,51.25,4.77084475213286,0.305707734487765,14.0199190380127
4.75,51.5,4.73420082583696,0.303117534891096,14.0130688061452
4.75,51.75,4.69855640678128,0.300680834133191,14.0072875133752
4.75,52,4.66425519475649,0.298418235463514,14.0023352256661
5,22.5,4.43123044053466,0.280716609398957,20.4038421288406
5,22.75,4.37305184580956,0.276789984789191,20.4646889239617
5,23,4.31700441180836,0.273276097022434,20.5251443848169
5,23.25,4.26451062519005,0.270269774721632,20.5913202125568
5,23.5,4.21688093398295,0.267847871262915,20.6615275543558
5,23.75,4.17524542314001,0.266065987677071,20.7272642853379
5,24,4.14047288655991,0.264955279790998,20.7901442680692
5,24.25,4.11317134783394,0.264522893623359,20.850614135554
5,24.5,4.09357382753606,0.264745758675397,20.9078036672793
5,24.75,4.08155900225936,0.265574361278775,20.9602239340614
5,25,4.0767021553254,0.266936002383367,21.0061926682636
5,25.25,4.0782877035058,0.268735821372467,21.0440633599416
5,25.5,4.0853482178764,0.270860546907163,21.0724639602281
5,25.75,4.09678989646918,0.273188193552857,21.0913509450206
5,26,4.11144429652816,0.275591794145242,21.1011230153919
5,26.25,4.12804655063825,0.277941929056311,21.1023618813929
5,26.5,4.14545768387791,0.280122025261285,21.095830447815
5,26.75,4.16256577390595,0.282023402459759,21.0824821311228
5,27,4.17841612162705,0.283560274239998,21.0634078296615
5,27.25,4.19221907157131,0.284667789480211,21.0397319112839
5,27.5,4.20327607848155,0.28529988529542,21.0125423032271
5,27.75,4.21111388898218,0.285439297684035,20.9828513472154
5,28,4.21542834274718,0.285091927883711,20.9515723294077
5,28.25,4.21606454166493,0.284285011310292,20.9195050865703
5,28.5,4.21304285489836,0.283067839314987,20.8873314906085
5,28.75,4.20656216160384,0.281506821674514,20.8556204482215
5,29,4.19695133260626,0.279682401804663,20.8248383253864
5,29.25,4.18462400129305,0.277682545115607,20.7953600645055
5,29.5,4.17011795590305,0.275600010754107,20.7674782407685
5,29.75,4.15403825374466,0.273529520921298,20.7414065245796
5,30,4.13703136023126,0.271561778376553,20.7172745939633
5,30.25,4.11970174365024,0.269775952179938,20.695114334782
5,30.5,4.10268103270356,0.268244614659619,20.6748405829327
5,30.75,4.08647800102161,0.267020964742789,20.6562295433378
5,31,4.07154720852593,0.266144518861855,20.6388998060359
5,31.25,4.05817964042991,0.265632284032613,20.6223017030326
5,31.5,4.04660457468753,0.26548724535627,20.6057195371148
5,31.75,4.03692979305463,0.265693964938533,20.5882897809072
5,32,4.02916331950105,0.26622168960955,20.5690345526538
5,32.25,4.02329144833455,0.267029783347673,20.5469079870563
5,32.5,4.01925683960089,0.268068663571835,20.5208476822826
5,32.75,4.01701199806349,0.269284200209654,20.4898217910532
5,33,4.01658261541165,0.27062592842741,20.4528676241698
5,33.25,4.01808895487157,0.272048895394727,20.4091210370162
5,33.5,4.02172120603853,0.273516856328243,20.3578181547469
5,33.75,4.02772891305751,0.275002562536709,20.2982562800204
5,34,4.03645706719916,0.276492695737598,20.2297667664214
5,34.25,4.04830343542571,0.277987674948459,20.1517550023404
5,34.5,4.06368567031447,0.279499666320808,20.0637891673802
5,34.75,4.08301184462135,0.281051451986392,19.9656957992125
5,35,4.10657631348633,0.282670755120513,19.8576134983968
5,35.25,4.13462457445583,0.28439299532318,19.7399844863813
5,35.5,4.16725564489375,0.28625332132841,19.6135283752627
5,35.75,4.20437850367326,0.288281263186987,19.4792143843603
5,36,4.2457174190975,0.290501458269779,19.338233185982
5,36.25,4.29075573547902,0.292923073502152,19.1919517171826
5,36.5,4.33879341952061,0.295543310467507,19.0418375463016
5,36.75,4.38887433892028,0.298339637092346,18.8893494762473
5,37,4.43985561533602,0.30126874640203,18.7358307442641
5,37.25,4.49045755736227,0.304269761243887,18.582477066787
5,37.5,4.53922619930943,0.307258662003015,18.430317761254
5,37.75,4.58468551467836,0.310137901835411,18.2801755032494
5,38,4.62530520804625,0.31279357986006,18.1326201536262
5,38.25,4.65963866593677,0.315107139097493,17.9879569641114
5,38.5,4.68636109129504,0.316959044195737,17.8462554147094
5,38.75,4.70429281550297,0.318235503087901,17.7073892409497
5,39,4.71256055089007,0.318841279761585,17.5710795071106
5,39.25,4.71055137812885,0.318702516642026,17.4369302722613
5,39.5,4.69803913363925,0.317777732129001,17.30445540359
5,39.75,4.67517593602513,0.316061420195661,17.173104031832
5,40,4.64253609550567,0.313587828577509,17.0422843430091
5,40.25,4.60113088133487,0.310433393177513,16.9113925472293
5,40.5,4.55234713615249,0.306709097540566,16.7798448974349
5,40.75,4.4979944196505,0.302563247370496,16.6471190185763
5,41,4.44024687064152,0.298173002668694,16.5128080254783
5,41.25,4.38150708895718,0.29372976847845,16.376676502336
5,41.5,4.32438703345272,0.289434849999855,16.2387193029734
5,41.75,4.27157704471774,0.28548818289106,16.0992183009837
5,42,4.22567626673946,0.282074072285096,15.9587784048729
5,42.25,4.18910468759558,0.279356357677955,15.8183350383053
5,42.5,4.16393744711293,0.27746780003205,15.6791236335845
5,42.75,4.1517595042946,0.276504124868898,15.5426016799111
5,43,4.1536267692205,0.276523802205184,15.4103343035587
5,43.25,4.16992749418789,0.277540882863903,15.2838542404752
5,43.5,4.20039296930038,0.279527754358852,15.1645175568756
5,43.75,4.2441944093653,0.282421839252251,15.0533886921344
5,44,4.29991561372122,0.286123136278829,14.951166167519
5,44.25,4.36570617870959,0.290502681164,14.8581572494522
5,44.5,4.43942595518226,0.295411086715144,14.7743048392634
5,44.75,4.51864320635788,0.300678772235843,14.699245525176
5,45,4.60094197468488,0.306134723504108,14.6323892409557
5,45.25,4.68383175403443,0.311601235222388,14.5730019693882
5,45.5,4.76493603102406,0.316906686629448,14.5202769146398
5,45.75,4.84202567439985,0.321889684425407,14.4733938245701
5,46,4.91318213010975,0.326412539491286,14.431563144834
5,46.25,4.97672128904751,0.330353120379896,14.3940542351575
5,46.5,5.03133530074465,0.333618469562322,14.360210436522
5,46.75,5.07610385056775,0.33614593656288,14.32945648004
5,47,5.11047887130905,0.33789989874595,14.3012983528406
5,47.25,5.13431224487075,0.338876301617111,14.2753191693635
5,47.5,5.14781489808508,0.33909847024923,14.2511730632469
5,47.75,5.15152259688018,0.338613702600189,14.2285780872687
5,48,5.14625704643895,0.337490968512683,14.2073094502577
5,48.25,5.13305224575362,0.335814240398643,14.187193414291
5,48.5,5.11303098496064,0.333675006554829,14.1681014306593
5,48.75,5.08739768409206,0.331168446537603,14.1499452995293
5,49,5.05733422937503,0.328389098714299,14.1326731684425
5,49.25,5.02392710347504,0.325422588307536,14.1162649513163
5,49.5,4.98813067361161,0.322345173563273,14.1007266465621
5,49.75,4.95075985150571,0.319222374108967,14.0860829002361
5,50,4.91245668938394,0.316105634214971,14.0723675146489
5,50.25,4.8737056620166,0.313035101694276,14.0596139349822
5,50.5,4.83489255470204,0.310041945145564,14.0478512903013
5,50.75,4.79631129706857,0.307150975595957,14.0371124578459
5,51,4.7582118267195,0.304381208800719,14.0274556324035
5,51.25,4.72081682175068,0.301748681915843,14.018984251835
5,51.5,4.68445500409468,0.299275092005398,14.011832914511
5,51.75,4.64946236587688,0.296979458792596,14.0061188777808
5,52,4.61626600731897,0.294886002475732,14.0018834464278
5.25,21.75,4.57392167528153,0.290782582243973,20.089371427962
5.25,22,4.51393832953367,0.286192114767906,20.1472481127048
5.25,22.25,4.45285149996529,0.281768799259386,20.2335434384607
5.25,22.5,4.39215396058569,0.277635785668024,20.3435877096368
5.25,22.75,4.33332861083687,0.273904704143563,20.4280540747916
5.25,23,4.27787464140462,0.270676971827632,20.5041756734594
5.25,23.25,4.22717316737941,0.268034735461657,20.5788975342248
5.25,23.5,4.18242141295516,0.266038112644001,20.6533211943468
5.25,23.75,4.14456391939672,0.264722275823907,20.7253836588637
5.25,24,4.11422754357037,0.264095339944385,20.7947586122931
5.25,24.25,4.09173342920516,0.264139664649206,20.8610721177903
5.25,24.5,4.07701361505001,0.264807462508117,20.9233962422131
5.25,24.75,4.06965565815123,0.266025786837227,20.9803698274029
5.25,25,4.06897515647979,0.267701206559132,21.0304380596661
5.25,25.25,4.07404619876935,0.269722143743923,21.0720932226902
5.25,25.5,4.08375750467404,0.271964068745918,21.1041451006658
5.25,25.75,4.09693186638872,0.274299237378199,21.1260707776285
5.25,26,4.11237840873568,0.276601087804076,21.1378645873988
5.25,26.25,4.12887102731434,0.278746889026013,21.1399217697772
5.25,26.5,4.14534606642745,0.280631836824392,21.1329843346501
5.25,26.75,4.16080145171362,0.282163805819198,21.1180854200837
5.25,27,4.17441451898416,0.283276861752506,21.0964616096178
5.25,27.25,4.18553844885028,0.283928203053951,21.0694429964524
5.25,27.5,4.19362935374858,0.284095168058183,21.038354624848
5.25,27.75,4.1983670824687,0.283783483539559,21.0044430001262
5.25,28,4.199595261652,0.283020590703251,20.9688289636557
5.25,28.25,4.19730400410418,0.281853268185192,20.9324829794734
5.25,28.5,4.19164596436932,0.280346969704465,20.8962207146915
5.25,28.75,4.18293874580955,0.278580731528673,20.8607148240735
5.25,29,4.17161059557343,0.276643312486747,20.8265154687065
5.25,29.25,4.15815692817753,0.274626851502382,20.7940718875034
5.25,29.5,4.14316590843944,0.272623656843433,20.7637498015155
5.25,29.75,4.12726276235925,0.270723597108802,20.735839141033
5.25,30,4.11107800294798,0.269008314375982,20.7105482105494
5.25,30.25,4.09517008405875,0.26754470993185,20.6879844640354
5.25,30.5,4.08008775446668,0.266389731032828,20.6681266783045
5.25,30.75,4.06623575548122,0.265579384277284,20.6507940123232
5.25,31,4.05394515939985,0.265134674812783,20.6356193422768
5.25,31.25,4.04338495291363,0.265054691990058,20.6220343924288
5.25,31.5,4.03466976788456,0.265325577049526,20.6092715608566
5.25,31.75,4.02781224863694,0.265917345808333,20.5963844815066
5.25,32,4.02275759273597,0.266787943943831,20.58228504861
5.25,32.25,4.01946293941726,0.267889206872426,20.5657928497657
5.25,32.5,4.01787949775229,0.269168293996123,20.5456895323844
5.25,32.75,4.01800068581896,0.270572003415828,20.5207703607499
5.25,33,4.01991594713978,0.272054438114962,20.4898881640862
5.25,33.25,4.02382229794028,0.273578383583295,20.4519863037679
5.25,33.5,4.02999074396598,0.275117639196444,20.4061149368998
5.25,33.75,4.03874627188826,0.276656519588018,20.3514316866359
5.25,34,4.05049070736447,0.278193575261012,20.2872086841517
5.25,34.25,4.06565086367394,0.279740199755133,20.2128657915256
5.25,34.5,4.08464370534982,0.281318107864878,20.1280242159148
5.25,34.75,4.10784104422175,0.282957225833089,20.0325611403157
5.25,35,4.13547114530857,0.28468981902873,19.9266408351755
5.25,35.25,4.16767468254821,0.286552178098287,19.8107157927338
5.25,35.5,4.20441816996129,0.288576952020326,19.6855102298008
5.25,35.75,4.24545689637321,0.290787891686952,19.5519896911062
5.25,36,4.29034317032603,0.293200250419624,19.4113216084181
5.25,36.25,4.3383847477428,0.295811201849194,19.2648216172157
5.25,36.5,4.38870364406234,0.298603180377787,19.1138846617907
5.25,36.75,4.44018324989473,0.301537552683746,18.9599040307574
5.25,37,4.49154106795966,0.304554240312379,18.804194820893
5.25,37.25,4.5413873875621,0.307575845086785,18.6479477311136
5.25,37.5,4.58820396283123,0.310503953184621,18.4921926780882
5.25,37.75,4.63049133410945,0.313229263696925,18.3377648482621
5.25,38,4.66675187541652,0.315630905973153,18.1852775516814
5.25,38.25,4.69562381181137,0.317588627839256,18.0351122996858
5.25,38.5,4.71591934403799,0.318987581202969,17.8874322248826
5.25,38.75,4.72665073032362,0.319725497450626,17.7422035174802
5.25,39,4.72717732127216,0.319725066653766,17.5992255032552
5.25,39.25,4.71716069693833,0.318936424562997,17.4581611378458
5.25,39.5,4.69667747751381,0.317346900704974,17.3185653802619
5.25,39.75,4.66620146898373,0.314982772498671,17.1799165053868
5.25,40,4.62663552955418,0.311911230794757,17.0416484980758
5.25,40.25,4.57931161815775,0.308240324672104,16.9031902672673
5.25,40.5,4.52592039840635,0.304109721363505,16.7640088144642
5.25,40.75,4.46853772279661,0.299690887091173,16.623661683089
5.25,41,4.40955048177638,0.295177078666422,16.481860511059
5.25,41.25,4.35151072489425,0.290768227919684,16.3385329416909
5.25,41.5,4.29709192635282,0.28666541225156,16.1938809160932
5.25,41.75,4.24894793404239,0.283059930991634,16.0484277056515
5.25,42,4.20953386510073,0.280119770549446,15.9030336053536
5.25,42.25,4.18101678076449,0.277985774496716,15.7588733338158
5.25,42.5,4.16511819018472,0.276762635317759,15.6173698603033
5.25,42.75,4.16299118400626,0.276514594064205,15.4800826734169
5.25,43,4.17520516666953,0.277266670770679,15.3485700604752
5.25,43.25,4.20165253645393,0.27899994252948,15.224243840312
5.25,43.5,4.24158968193218,0.281655387027523,15.1082403602855
5.25,43.75,4.29376200467091,0.285141846514077,15.0013367525403
5.25,44,4.35640451983752,0.289334940509152,14.9039162009164
5.25,44.25,4.4274043138358,0.294086206941498,14.815981025833
5.25,44.5,4.50444829072172,0.299232174287579,14.7372087730879
5.25,44.75,4.58502544578082,0.304595188691779,14.6670275900611
5.25,45,4.66671085329747,0.310001366193626,14.6047007707668
5.25,45.25,4.74708668134795,0.315276382508185,14.5494053607388
5.25,45.5,4.82391237122298,0.320257410327888,14.5002943997626
5.25,45.75,4.89515377638441,0.324796982257659,14.4565447747881
5.25,46,4.95913007094292,0.328775198418134,14.4173899789667
5.25,46.25,5.01443847099707,0.332091750908788,14.3821385500311
5.25,46.5,5.06007987241611,0.334677976452241,14.3501816202424
5.25,46.75,5.09545282868693,0.336496448491336,14.3209946721973
5.25,47,5.12032990935026,0.337537159906826,14.2941337873812
5.25,47.25,5.13486420696149,0.337820062970085,14.2692294196756
5.25,47.5,5.13953807172775,0.337390025884256,14.2459791671269
5.25,47.75,5.13511125848734,0.33631214567523,14.2241400977025
5.25,48,5.1225700010463,0.334668369120055,14.2035214358404
5.25,48.25,5.10304961850773,0.33255067362223,14.1839776992071
5.25,48.5,5.07771407619824,0.330053667325616,14.1654017708306
5.25,48.75,5.04774349609535,0.327270710165429,14.147718609164
5.25,49,5.01424627868563,0.324290489949054,14.1308797248512
5.25,49.25,4.97819874336348,0.321190140227937,14.1148575923332
5.25,49.5,4.94042440630606,0.318035716692525,14.0996399397458
5.25,49.75,4.90160320387172,0.314882123179366,14.0852238374787
5.25,50,4.86225564062126,0.311771201310218,14.0716097972751
5.25,50.25,4.82277228710796,0.308735253427495,14.058798162427
5.25,50.5,4.78348130620391,0.305800178304192,14.0467936324387
5.25,50.75,4.7446581557783,0.30298793947718,14.0356266617468
5.25,51,4.70657616649456,0.300317572837317,14.0254003682373
5.25,51.25,4.66951398715484,0.297807194538219,14.0163501112647
5.25,51.5,4.6338730184785,0.295481475715299,14.0088229107433
5.25,51.75,4.60007432505335,0.293363263051676,14.0032006494999
5.25,52,4.56862188887946,0.291479910464004,14.0008575624724
5.5,21,4.7139851808781,0.301652733918312,19.7682661276845
5.5,21.25,4.65947736842933,0.297012278097472,19.8286957764763
5.5,21.5,4.60077148927627,0.292255088871912,19.91847883351
5.5,21.75,4.53915195799916,0.287510766787106,20.0322368653053
5.5,22,4.47605955256269,0.282911670132322,20.1227355063475
5.5,22.25,4.41302318911912,0.278585283068782,20.2154069865322
5.5,22.5,4.35161962214008,0.274650737801608,20.3129352767776
5.5,22.75,4.29336027918548,0.271211283483852,20.4031322317206
5.5,23,4.23969944585235,0.268355061703651,20.4878896080485
5.5,23.25,4.19190035876773,0.266146835066735,20.5699421080864
5.5,23.5,4.15097279640452,0.264625872418057,20.6503163105541
5.5,23.75,4.11761297004466,0.263803781073374,20.72862142419
5.5,24,4.09216145519183,0.263663725067866,20.8043993275968
5.5,24.25,4.07463207049306,0.264162800774794,20.8769720189612
5.5,24.5,4.06466212092078,0.26522961492571,20.9452718532584
5.5,24.75,4.06157819260412,0.266770418157446,21.0078787138466
5.5,25,4.06448503645941,0.268675043605291,21.0631751068461
5.5,25.25,4.07230725859088,0.270820324632276,21.1095571396502
5.5,25.5,4.08385415739089,0.273076313079113,21.145675575015
5.5,25.75,4.09792711140654,0.275315689341058,21.170662311803
5.5,26,4.11336693161283,0.27741835197116,21.1841946784902
5.5,26.25,4.12903029096302,0.279273840070731,21.1864972653374
5.5,26.5,4.14396116854446,0.280793824085067,21.1783054348844
5.5,26.75,4.15729005466826,0.281906441050746,21.1607822883849
5.5,27,4.16833934518027,0.282568025710163,21.1353920363724
5.5,27.25,4.17661107646393,0.282758988410099,21.1037522696506
5.5,27.5,4.18171702539517,0.282480021025353,21.0674943575128
5.5,27.75,4.18348635695997,0.281758579514821,21.0281532872106
5.5,28,4.18190403084667,0.280641432495235,20.9870959654842
5.5,28.25,4.17709495559812,0.279191793373051,20.9454860454726
5.5,28.5,4.16933049451177,0.277487516298824,20.9042814332973
5.5,28.75,4.15902838546677,0.275615965531001,20.8642568957994
5.5,29,4.14669333514073,0.273669637270465,20.8260402211932
5.5,29.25,4.13287389592329,0.271740125397788,20.7901500796655
5.5,29.5,4.11817553840005,0.269914696711936,20.7570264863508
5.5,29.75,4.10320694079702,0.268274051441687,20.7270451405492
5.5,30,4.08854540407612,0.266887015066766,20.7005101482328
5.5,30.25,4.07466850244249,0.265805193334783,20.6776257868604
5.5,30.5,4.06201329236652,0.265067805721332,20.6584546141843
5.5,30.75,4.05086162970237,0.264692632592401,20.6428712763931
5.5,31,4.04141451982454,0.264682288037651,20.630523379235
5.5,31.25,4.03372583691704,0.265019213616875,20.6208097275142
5.5,31.5,4.02781387026305,0.265674968067522,20.6128816020799
5.5,31.75,4.02362514567846,0.266608203221044,20.6056680525592
5.5,32,4.02107677277525,0.267769361374417,20.5979210887492
5.5,32.25,4.02013259728656,0.269106838975114,20.5882743697112
5.5,32.5,4.02078552417291,0.270568616592146,20.5753069039359
5.5,32.75,4.02309666249345,0.272106189454407,20.557603888727
5.5,33,4.02723693939142,0.273681378338662,20.5338094963121
5.5,33.25,4.03348760781741,0.275267041611228,20.5026687737477
5.5,33.5,4.04219800479049,0.276848428600317,20.4630572231065
5.5,33.75,4.05375713945408,0.278421867073331,20.4140008383124
5.5,34,4.06860454925677,0.279997275952491,20.3546968619213
5.5,34.25,4.08717207748269,0.281595733920245,20.284543138715
5.5,34.5,4.1098486918968,0.283246532663799,20.2031735126012
5.5,34.75,4.13694178262215,0.284984280986907,20.1104902264826
5.5,35,4.16858668928068,0.286843004459936,20.0066801977702
5.5,35.25,4.20479571048762,0.288856951829354,19.8922128562527
5.5,35.5,4.24538381225675,0.291053365628619,19.7678232900564
5.5,35.75,4.28993945162484,0.293447469906896,19.6344795043797
5.5,36,4.33783699754092,0.296042691946053,19.4933389755268
5.5,36.25,4.3882102279852,0.29882224085011,19.3456941667802
5.5,36.5,4.44001338005082,0.301752454823114,19.192910182987
5.5,36.75,4.4919872909142,0.3047780022511,19.0363577786384
5.5,37,4.54273594619268,0.307822393060829,18.8773492289629
5.5,37.25,4.59079235462227,0.310793081801618,18.7170905211315
5.5,37.5,4.63461222448331,0.313579721597059,18.5566402263289
5.5,37.75,4.67271509447444,0.316064806672291,18.396876181112
5.5,38,4.70368014788866,0.318124961489262,18.2384717151354
5.5,38.25,4.72627399534377,0.319643391902544,18.0818835872795
5.5,38.5,4.73948732680041,0.320515458006789,17.9273565254599
5.5,38.75,4.7425613980283,0.320655902082463,17.7749344404677
5.5,39,4.73511891696247,0.320010312983357,17.6244830175017
5.5,39.25,4.71711921627315,0.318556879261567,17.4757174754524
5.5,39.5,4.68895535675945,0.316314399035492,17.3282332046391
5.5,39.75,4.65142671912906,0.31334198341318,17.1815431329668
5.5,40,4.60575783887509,0.309738995176305,17.035119088334
5.5,40.25,4.55358320909741,0.305642511518393,16.8884417792843
5.5,40.5,4.49686735066952,0.301216638579832,16.7410554716303
5.5,40.75,4.43790973081517,0.296650360595321,16.5926311002515
5.5,41,4.37925428745428,0.292146407907609,16.4430371891925
5.5,41.25,4.32353400201034,0.287906108661341,16.292403457161
5.5,41.5,4.273404268674,0.28412318620753,16.1411719745942
5.5,41.75,4.23139501153615,0.280973614287173,15.9901260943434
5.5,42,4.19972891938257,0.278603278829467,15.8403776007727
5.5,42.25,4.18023778362739,0.277125404147502,15.6933086296667
5.5,42.5,4.17422282683613,0.276613380251235,15.5504699710551
5.5,42.75,4.18236199661567,0.277098207890901,15.4134427318546
5.5,43,4.20472351638785,0.278571175927485,15.2836903778458
5.5,43.25,4.24071810346802,0.280981430218785,15.1624236302078
5.5,43.5,4.28916762930598,0.2842408057189,15.050499861852
5.5,43.75,4.34845081917042,0.288232780980626,14.9483777191989
5.5,44,4.4165253151436,0.292812646875263,14.8561220468845
5.5,44.25,4.4910912584851,0.297817058865655,14.7734497917256
5.5,44.5,4.56973661050429,0.303073420933902,14.6998067092219
5.5,44.75,4.64994113376606,0.308401196571218,14.6344513828329
5.5,45,4.72933506885395,0.313628835242035,14.5765378289649
5.5,45.25,4.80563074903858,0.318590439656901,14.525185687866
5.5,45.5,4.87677441538835,0.323136690271653,14.4795315787765
5.5,45.75,4.94097062311693,0.32713823752909,14.4387653919671
5.5,46,4.99681132848233,0.330496399742823,14.4021527125356
5.5,46.25,5.04320044699913,0.333135237108652,14.3690450906503
5.5,46.5,5.07946033911573,0.335011756038517,14.3388817576448
5.5,46.75,5.10530838202401,0.336113954091889,14.3111872441314
5.5,47,5.12082341774848,0.336456355126459,14.2855651815984
5.5,47.25,5.12643174991796,0.336080626935622,14.2616907657159
5.5,47.5,5.12284628470208,0.335049791847208,14.2393028706588
5.5,47.75,5.11100074866217,0.333442574031783,14.2181960016546
5.5,48,5.09199038070927,0.33134927583157,14.1982124327022
5.5,48.25,5.06699512866232,0.328865180524645,14.1792343924698
5.5,48.5,5.03716712056496,0.326083642609007,14.1611757423717
5.5,48.75,5.00361812966944,0.323092582591303,14.1439739250639
5.5,49,4.9673511567808,0.319972218484529,14.1275828587896
5.5,49.25,4.9292155906638,0.316789762340414,14.1119666594413
5.5,49.5,4.88990337018904,0.313600875115643,14.0970943014206
5.5,49.75,4.84997384444496,0.310450792500567,14.0829349331998
5.5,50,4.80985327121991,0.307373624234292,14.0694534788592
5.5,50.25,4.76987435766333,0.304396309470389,14.0566079030432
5.5,50.5,4.73034719883469,0.301542157641075,14.0443538860702
5.5,50.75,4.69156731269823,0.298832859215219,14.0326719723801
5.5,51,4.65386296040747,0.296289519133149,14.0216549356318
5.5,51.25,4.61759044200608,0.293933672318907,14.0117029213416
5.5,51.5,4.58323166614039,0.291793379764485,14.0034671477141
5.75,20.25,4.83474465152025,0.311817108162411,19.434371930136
5.75,20.5,4.79236993775116,0.307776864095146,19.4970917730378
5.75,20.75,4.74320287410356,0.303342729697524,19.59037340149
5.75,21,4.68819245077997,0.298629779835347,19.7087150655628
5.75,21.25,4.62850688792962,0.293766742957914,19.803229220373
5.75,21.5,4.56551596378397,0.288890074386044,19.9003222212033
5.75,21.75,4.50067111841767,0.284134356947402,20.0031669605597
5.75,22,4.43554259638234,0.279632222153694,20.1009177398674
5.75,22.25,4.3717432960751,0.275506973669291,20.1975983038397
5.75,22.5,4.31087253565701,0.271868692446373,20.2942320445926
5.75,22.75,4.2543986872477,0.268807242042012,20.3877526170339
5.75,23,4.20365472210498,0.266392815496277,20.4780545369996
5.75,23.25,4.15971248044013,0.264668783766545,20.566049588361
5.75,23.5,4.12333179971857,0.263650513021968,20.6523113726869
5.75,23.75,4.0949174005876,0.263324269842848,20.7367930337605
5.75,24,4.07450436864278,0.263647932714163,20.8190815767595
5.75,24.25,4.06180611230128,0.264554541554307,20.8983946409435
5.75,24.5,4.05619667868588,0.265951840973531,20.9735321594066
5.75,24.75,4.05679186834363,0.267729377284679,21.0429091702426
5.75,25,4.06254711052561,0.269765422069978,21.1046784526356
5.75,25.25,4.07230316231341,0.271931145702659,21.1569273948183
5.75,25.5,4.08485197317147,0.274097379255901,21.1979253317714
5.75,25.75,4.0990280007016,0.276143331500085,21.2263750772622
5.75,26,4.11374741328892,0.27796093147346,21.2415982304132
5.75,26.25,4.12798195604254,0.279456726004653,21.2436365415717
5.75,26.5,4.14090467826269,0.280562480096463,21.2332511389036
5.75,26.75,4.1517918040794,0.281229037310161,21.2118185807509
5.75,27,4.16011626335458,0.281436100817893,21.1811494924056
5.75,27.25,4.16552928021435,0.281187153403383,21.1432752460219
5.75,27.5,4.16779479488789,0.280504956971399,21.1002461617352
5.75,27.75,4.16688388621711,0.279436340229621,21.053972885904
5.75,28,4.16291272755695,0.278044238349252,21.0061252992957
5.75,28.25,4.15612662775083,0.276404418994146,20.9580872801035
5.75,28.5,4.14689708445376,0.274602795862826,20.9109607984297
5.75,28.75,4.1357176708782,0.272730388175157,20.8656073216397
5.75,29,4.12314042609773,0.270878689979313,20.8227096128482
5.75,29.25,4.10973260501806,0.269134099255879,20.782836111407
5.75,29.5,4.09607965912865,0.267574556288772,20.746492735482
5.75,29.75,4.0827354484375,0.266267832109552,20.7141481085329
5.75,30,4.07018889136836,0.265266962859446,20.6862239513801
5.75,30.25,4.05880797136962,0.264606210684474,20.6630520837046
5.75,30.5,4.0488993992936,0.264306103684683,20.6448096456811
5.75,30.75,4.04061628182651,0.264366374630921,20.6314484689545
5.75,31,4.03403731036425,0.264772579669985,20.6226364838811
5.75,31.25,4.02912163395523,0.265492884454491,20.617725744391
5.75,31.5,4.02582073162354,0.2664874571463,20.6157537615802
5.75,31.75,4.02405126542527,0.267707426100544,20.6154774046923
5.75,32,4.02373972353418,0.269099873531282,20.6154322839174
5.75,32.25,4.02489091630263,0.270613861367347,20.6140075649762
5.75,32.5,4.02756723704126,0.272201961620499,20.6095254512353
5.75,32.75,4.03191633327968,0.27382354788461,20.6003163038799
5.75,33,4.03819914947143,0.275450520313031,20.584783576514
5.75,33.25,4.04677937601794,0.277067237507845,20.5614562934552
5.75,33.5,4.05807372054152,0.278670866741546,20.5290291648104
5.75,33.75,4.07251671556503,0.280269304729598,20.4863927495621
5.75,34,4.09056136695039,0.281882561083699,20.4326592189219
5.75,34.25,4.11261747168395,0.283539490935348,20.3671875499326
5.75,34.5,4.13901760214906,0.285274542853459,20.2896069712233
5.75,34.75,4.16997738631055,0.287124277467061,20.1998344560265
5.75,35,4.20551471321304,0.28912158543818,20.0980788674574
5.75,35.25,4.24549367853129,0.291295797736765,19.9848314275014
5.75,35.5,4.28956345134231,0.293666007179926,19.8608444544329
5.75,35.75,4.33713809376766,0.296236440821669,19.7270960171792
5.75,36,4.38741428674736,0.298996660390301,19.5847453366714
5.75,36.25,4.43935992613228,0.301914450593991,19.435080359274
5.75,36.5,4.4917781584994,0.304939356878562,19.279461394075
5.75,36.75,4.54329140271142,0.307999500384479,19.119262862677
5.75,37,4.592421659984,0.311003167655901,18.9558165445763
5.75,37.25,4.6376618879257,0.313844923589322,18.7903652657119
5.75,37.5,4.67748296470859,0.316405807148443,18.6240205032082
5.75,37.75,4.71046727929521,0.318564422922675,18.457727344499
5.75,38,4.73531456128149,0.320199931644162,18.2922382959034
5.75,38.25,4.75096125058824,0.321204466637386,18.1280964677317
5.75,38.5,4.75661416388606,0.321489096982769,17.9656328073398
5.75,38.75,4.75177512275156,0.320990667137771,17.8049703657468
5.75,39,4.73635421001007,0.319681874338105,17.6460423480146
5.75,39.25,4.71062389424295,0.317571912457196,17.4886192490476
5.75,39.5,4.6752988529799,0.314712348695239,17.3323432798031
5.75,39.75,4.63149892372542,0.311194666822443,17.1767730766686
5.75,40,4.5807540654207,0.307148092395656,17.0214352415456
5.75,40.25,4.52497346125017,0.302734719104132,16.8658859364846
5.75,40.5,4.46635538963936,0.298137637123966,16.7097770808393
5.75,40.75,4.40736988858227,0.293556827247842,16.5529285868382
5.75,41,4.35065210495512,0.289197384880501,16.3954028746013
5.75,41.25,4.29883840014497,0.285254824093564,16.2375639816922
5.75,41.5,4.25448033098278,0.281908714367094,16.0801134684022
5.75,41.75,4.21989506566015,0.279313699747021,15.9240927692091
5.75,42,4.19698951116792,0.277588747188216,15.7708356530318
5.75,42.25,4.18719028075414,0.2768159991411,15.6218735924599
5.75,42.5,4.19133079388903,0.277035569667105,15.4788042800912
5.75,42.75,4.20959424161347,0.278244742182984,15.343138837483
5.75,43,4.2415578715591,0.2804020160002,15.216159092096
5.75,43.25,4.2861873788237,0.283426756145578,15.0988068964747
5.75,43.5,4.34192787527795,0.287204880701213,14.9916209130228
5.75,43.75,4.40686175354198,0.291598525196528,14.8947314025575
5.75,44,4.47874556834812,0.296447322568925,14.8079002149927
5.75,44.25,4.5551682457126,0.301578115710712,14.7305911186591
5.75,44.5,4.63368988114611,0.306814430314185,14.66205792624
5.75,44.75,4.71184624903976,0.311978140719533,14.6014294503008
5.75,45,4.78738152512154,0.316905165490034,14.547785099331
5.75,45.25,4.8581896404513,0.321442806294914,14.5002141656516
5.75,45.5,4.92244766185949,0.325459478509065,14.457855789944
5.75,45.75,4.97863447163723,0.328847433174004,14.419924537252
5.75,46,5.02564036181264,0.331531732764264,14.3857239824737
5.75,46.25,5.06268998398273,0.3334622464412,14.3546504727802
5.75,46.5,5.0894273166724,0.334621806918151,14.3261905207975
5.75,46.75,5.10587526814334,0.335022771364671,14.2999155525728
5.75,47,5.11239159245115,0.3347018847447,14.2754742083672
5.75,47.25,5.10963632750389,0.333719174296528,14.252584145649
5.75,47.5,5.09850327237022,0.33215162277754,14.2310239223842
5.75,47.75,5.08004490696538,0.330086941893767,14.2106248232844
5.75,48,5.05540913231338,0.327619101364072,14.1912625195624
5.75,48.25,5.02576761335719,0.324842329251095,14.1728480942309
5.75,48.5,4.99221574095634,0.321845061957035,14.1553177446315
5.75,48.75,4.95576475887916,0.318707166969326,14.1386221401617
5.75,49,4.91729471152971,0.315498964008179,14.1227171572344
5.75,49.25,4.87752663498368,0.312277548923699,14.1075571340723
5.75,49.5,4.83703483271992,0.309089145023324,14.0930906273326
5.75,49.75,4.79628481138419,0.305971203040803,14.0792572833644
5.75,50,4.75564445538483,0.302952591026613,14.0659836239534
5.75,50.25,4.71542850716516,0.300057617126382,14.0531758676607
5.75,50.5,4.67596729073285,0.297309548402883,14.0407095344816
5.75,50.75,4.63760872211634,0.294731895619929,14.0284252926033
5.75,51,4.60075719502942,0.292349124039045,14.0162131832366
5.75,51.25,4.56585492142762,0.290186589731037,14.0047162347778
6,19.5,4.92223341434294,0.31986278485511,19.0954413710943
6,19.75,4.89698714709917,0.316977500015526,19.1578111098033
6,20,4.86324074764449,0.313483705845429,19.2518815186
6,20.25,4.82150715975931,0.309460904566196,19.372571722222
6,20.5,4.77252625980574,0.305009431805645,19.4698814185061
6,20.75,4.71728155156338,0.30024782021211,19.5706040786698
6,21,4.65692826013954,0.29530424775781,19.6778144816697
6,21.25,4.59282371967058,0.290316521102642,19.7802563719306
6,21.5,4.52649841585003,0.285425718807789,19.8821292514226
6,21.75,4.45953589622538,0.280766878669287,19.9847687792866
6,22,4.39358709554169,0.276468008982957,20.0856736012751
6,22.25,4.33028675353874,0.272643128868511,20.1852359194759
6,22.5,4.27118487478123,0.269388258503428,20.2836308501827
6,22.75,4.21763072545333,0.266775242439434,20.3800817595032
6,23,4.17076309558484,0.264852399296814,20.4745145763563
6,23.25,4.13140108383232,0.263638791571546,20.567348071858
6,23.5,4.10001210513338,0.26312421330182,20.6589607818933
6,23.75,4.07669164488106,0.263269396004949,20.7494054364313
6,24,4.06117737493276,0.264008263682947,20.8383406674414
6,24.25,4.05291464206006,0.265252635741909,20.9249626038901
6,24.5,4.05106551420707,0.26689357667424,21.0079509872709
6,24.75,4.05459755120368,0.268809176260895,21.0854795005291
6,25,4.06238276561275,0.270872087421882,21.1553138968964
6,25.25,4.07324097444678,0.272954077601732,21.2150094132541
6,25.5,4.08600085566879,0.274932845377491,21.2622014062387
6,25.75,4.09957351053981,0.276699716526299,21.2949513790238
6,26,4.11298238782828,0.278163367266251,21.3120761196354
6,26.25,4.12533529966262,0.279250967803227,21.3133743640861
6,26.5,4.13594638187818,0.279916731513229,21.2996764178496
6,26.75,4.14424312074286,0.280135304182657,21.2727058357079
6,27,4.14984875552691,0.279909540673899,21.234805852969
6,27.25,4.15255972080317,0.27926462305875,21.1886173283415
6,27.5,4.15228482256461,0.278242983399849,21.1367811315366
6,27.75,4.14912601407521,0.276907527883299,21.0817113259645
6,28,4.14331624703557,0.275333429767155,21.025457168599
6,28.25,4.13520166402723,0.273604561318604,20.9696495805515
6,28.5,4.12522934755191,0.27181019627269,20.9155204867312
6,28.75,4.11393821755686,0.270040202162902,20.86397668808
6,29,4.10189275549251,0.268380428737555,20.8157040851173
6,29.25,4.08964040041085,0.266907768017351,20.7712758649629
6,29.5,4.07770803825332,0.265687129093491,20.731239861283
6,29.75,4.06655904209921,0.264770408827934,20.6961621524153
6,30,4.0565655828633,0.264192891290579,20.6666137395576
6,30.25,4.04796800084812,0.26397059725198,20.6431030227466
6,30.5,4.04093761658193,0.264105630898503,20.6259732492843
6,30.75,4.03550758780137,0.26458106702529,20.6152923642724
6,31,4.03165594989256,0.265367847206208,20.6107640586073
6,31.25,4.02927859083666,0.266423138090784,20.6116810548994
6,31.5,4.02829702187652,0.267699562448646,20.6169282041727
6,31.75,4.02863683564585,0.269144892180726,20.6250312742711
6,32,4.03026944023736,0.270706984830323,20.6342391729644
6,32.25,4.03326931701622,0.272339348558028,20.642623870889
6,32.5,4.03778795656114,0.274002317403459,20.6481834712286
6,32.75,4.04406888840924,0.275665519083997,20.6489373344801
6,33,4.05246202839373,0.277312378184753,20.6430064853557
6,33.25,4.06340301321468,0.278939238646558,20.6286774479896
6,33.5,4.07735775959622,0.280554765041907,20.6044505493414
6,33.75,4.09478243818118,0.282177201119809,20.5690750049513
6,34,4.1161160170715,0.283834752918739,20.5215745912191
6,34.25,4.14171790135741,0.285561701821929,20.4612666975219
6,34.5,4.17183642094483,0.287394962332598,20.3877747078772
6,34.75,4.20657029740441,0.289370205857324,20.3010321978656
6,35,4.2457988603828,0.291516315672061,20.2012750175694
6,35.25,4.28922272460523,0.293854976939976,20.0890224276124
6,35.5,4.33631640228191,0.296394646893082,19.9650496047829
6,35.75,4.38631797254281,0.299126448887279,19.8303495931956
6,36,4.43825308027423,0.302024524398749,19.6860890955634
6,36.25,4.49093829308175,0.305040368692058,19.5335599048064
6,36.5,4.54304859179263,0.308106749341789,19.3741291842164
6,36.75,4.59311778729637,0.311136204746942,19.2091891594194
6,37,4.63962205752488,0.314023850638428,19.0401071253652
6,37.25,4.68105497092762,0.316654492723716,18.8681820071797
6,37.5,4.71594554128964,0.318904662022031,18.694601736063
6,37.75,4.74298290470296,0.320654013733621,18.5204051429202
6,38,4.76102926606764,0.321789654869597,18.3464502884083
6,38.25,4.76922886871168,0.322218167467044,18.1733903874425
6,38.5,4.76703718539215,0.321871511204409,18.0016628035451
6,38.75,4.75424162085309,0.320713022437599,17.8314866869723
6,39,4.73105613518272,0.318745674145017,17.6628774959932
6,39.25,4.69807330041437,0.31601128981269,17.4956749676786
6,39.5,4.65632578184173,0.312594013712216,17.3295830912948
6,39.75,4.60723954859863,0.308615695529998,17.1642240269292
6,40,4.55262416640127,0.304231650995073,16.9992014580214
6,40.25,4.49462575066264,0.299623727459974,16.8341745782066
6,40.5,4.43562592039467,0.294987595037153,16.6689350623966
6,40.75,4.37820202013889,0.290527150709186,16.5034854500009
6,41,4.32500535454118,0.286442609107656,16.3381116865263
6,41.25,4.27859130009135,0.28291672606728,16.1734300509956
6,41.5,4.2413194853997,0.280108757369653,16.010399422767
6,41.75,4.21520945230117,0.27814695867411,15.8502903884035
6,42,4.20178019712064,0.27711971316765,15.6946010118046
6,42.25,4.20200152748896,0.277075897083005,15.5449302736416
6,42.5,4.21621482146717,0.278021681835939,15.4028279954468
6,42.75,4.24411396492558,0.279921417163777,15.2696428763044
6,43,4.28481871182971,0.282702908698378,15.1463999800748
6,43.25,4.33690485346494,0.286258894999175,15.0337248277458
6,43.5,4.39851054158211,0.290453431900326,14.9318208645248
6,43.75,4.46749802834674,0.295131990509174,14.8405008844926
6,44,4.54149951231822,0.300123678169287,14.75925404659
6,44.25,4.61806547132265,0.305250877438144,14.6873311516874
6,44.5,4.69479438720096,0.310338582431011,14.6238358353685
6,44.75,4.76933738149916,0.315216270087118,14.5678045826193
6,45,4.83960508016169,0.319732171332207,14.5182722319571
6,45.25,4.90371739879099,0.323751045840336,14.4743194988299
6,45.5,4.96011814756115,0.327162541148683,14.4351021165778
6,45.75,5.00758653453873,0.329883052829463,14.3998670877976
6,46,5.04532568283653,0.331862815755046,14.3679590822135
6,46.25,5.0728824659402,0.33307771296569,14.3388192579626
6,46.5,5.09020953969099,0.333535295135605,14.3119796331139
6,46.75,5.09760920198079,0.3332700040588,14.2870559966208
6,47,5.09567928857192,0.332337438116351,14.2637394556518
6,47.25,5.08526522659761,0.330811834271887,14.241788115693
6,47.5,5.06738682025746,0.328779495197492,14.221019167973
6,47.75,5.04315910628014,0.326332423895872,14.2013009813188
6,48,5.01372996139243,0.323563923236882,14.1825445857229
6,48.25,4.98021792980624,0.320563530148146,14.1646934484058
6,48.5,4.94362852181492,0.3174121172995,14.147710272433
6,48.75,4.90485464127926,0.314180084878164,14.131561880248
6,49,4.86465124437581,0.310927674017588,14.1162061009975
6,49.25,4.82362435538133,0.307702820858289,14.1015849883791
6,49.5,4.78225703110902,0.304544202141053,14.0876236200425
6,49.75,4.74095640114641,0.301483983721255,14.0742307261623
6,50,4.70007177901183,0.298548519456211,14.061296445234
6,50.25,4.65993857945066,0.295762067798799,14.0486808811992
6,50.5,4.6209393953939,0.293149896739554,14.0361778630275
6,50.75,4.58349631982156,0.290738647552884,14.0233953106103
6,51,4.54809750043649,0.288556480470189,14.0093043363787
6.25,19,4.96182754780618,0.32338397662867,18.8520247077097
6.25,19.25,4.94724313382367,0.321280281091167,18.9229554919609
6.25,19.5,4.92361296004059,0.318490904602263,19.0339013407517
6.25,19.75,4.89113478288009,0.315066264144904,19.1283987519561
6.25,20,4.85026542513902,0.311082283568986,19.2292198750976
6.25,20.25,4.80173733351945,0.306637815699424,19.3383050093521
6.25,20.5,4.74651043423792,0.301850070311343,19.443813230108
6.25,20.75,4.68577386460174,0.296850754700833,19.5497785064661
6.25,21,4.62087642643953,0.291777630363351,19.6573471463025
6.25,21.25,4.55334056710887,0.286773408458942,19.7637769258476
6.25,21.5,4.484820853526,0.281979120187387,19.8693610751234
6.25,21.75,4.41698260814215,0.277525225836454,19.9742647822824
6.25,22,4.3514950309265,0.273529983262834,20.0777619240029
6.25,22.25,4.28994277836218,0.270093109407248,20.1797305994129
6.25,22.5,4.23375101196248,0.267291993622617,20.2801877728008
6.25,22.75,4.18407788179972,0.265176615953356,20.3790655143491
6.25,23,4.14180775744982,0.263770621339729,20.4765850349819
6.25,23.25,4.10746596017905,0.263067245216436,20.5732205133556
6.25,23.5,4.0812106328146,0.263030626983437,20.6694466000397
6.25,23.75,4.06283762009885,0.263597423559121,20.7654980934319
6.25,24,4.05182042784196,0.26468053466184,20.8611960448527
6.25,24.25,4.0473884723452,0.266174818286649,20.9558020379776
6.25,24.5,4.0485550937172,0.267959955476602,21.0479079551642
6.25,24.75,4.05420608311401,0.269908563248154,21.1353916704537
6.25,25,4.06319278820902,0.271893925969988,21.2154720907498
6.25,25.25,4.0743686098227,0.273794533900623,21.2849031447016
6.25,25.5,4.08664171799338,0.275500500755515,21.3403342152403
6.25,25.75,4.09903131704859,0.276919977891258,21.3788198862351
6.25,26,4.11068881129845,0.27798197638484,21.3983836115824
6.25,26.25,4.12086937527175,0.278636608396511,21.3984553013482
6.25,26.5,4.12903281183414,0.27886154351925,21.3800012326157
6.25,26.75,4.13475763236301,0.278654982415041,21.3453147722538
6.25,27,4.13781285147708,0.278041473449907,21.2975727694419
6.25,27.25,4.13813249228096,0.277065416414488,21.2403296210594
6.25,27.5,4.13575906891523,0.275785560433346,21.1770718399431
6.25,27.75,4.13091004915673,0.2742768441168,21.1108958149187
6.25,28,4.12391540274586,0.272622192450398,21.0443250639065
6.25,28.25,4.11519645512914,0.270908793500508,20.9792540993146
6.25,28.5,4.10524497204111,0.269224469898677,20.916998156896
6.25,28.75,4.09460915733705,0.267653261925692,20.8584216975153
6.25,29,4.0838271895294,0.266271105958741,20.8041121460343
6.25,29.25,4.07338734970911,0.265141695383124,20.7545604039319
6.25,29.5,4.0637225119094,0.26431404320111,20.7103078179568
6.25,29.75,4.05517731502835,0.263822265288525,20.6720208632975
6.25,30,4.047990115516,0.263683103017591,20.6404714540643
6.25,30.25,4.04226954515698,0.26389467120822,20.6164276105283
6.25,30.5,4.03806158196859,0.264442135886598,20.6004871168293
6.25,30.75,4.03530222140898,0.265294401736148,20.5929023935902
6.25,31,4.03390171127132,0.266411140455453,20.593444012786
6.25,31.25,4.03373107286752,0.267742416229005,20.6013333883992
6.25,31.5,4.03472115214996,0.269237466534804,20.6152518547874
6.25,31.75,4.03684305596834,0.270844843806942,20.6334151174896
6.25,32,4.04014274173857,0.272516968523687,20.6536917384795
6.25,32.25,4.04478469013586,0.274214962555259,20.6737410969798
6.25,32.5,4.05101938564182,0.275909279520628,20.691150491876
6.25,32.75,4.05918574794107,0.277581248842595,20.7035573342476
6.25,33,4.06971267969165,0.279226319084294,20.70874861827
6.25,33.25,4.08308990339287,0.280852418050866,20.7047365110773
6.25,33.5,4.09980889536676,0.282478519706134,20.6898124257146
6.25,33.75,4.12032006445514,0.284131378965513,20.6625826149579
6.25,34,4.14501939249683,0.28584506866992,20.6219889619674
6.25,34.25,4.17418788981729,0.287656679340353,20.5673181789106
6.25,34.5,4.20796372293074,0.289602785993357,20.498200706796
6.25,34.75,4.24630683878969,0.291715348277666,20.4145998749987
6.25,35,4.28894114795702,0.294016497230123,20.3167901197227
6.25,35.25,4.33539365237238,0.296517777855522,20.2053269367405
6.25,35.5,4.38496115252253,0.299214861664942,20.0810120457057
6.25,35.75,4.4367103899621,0.302084104571698,19.9448528843025
6.25,36,4.48950907819032,0.30508323971093,19.7980203954249
6.25,36.25,4.54204332245824,0.308147286438496,19.6418066012973
6.25,36.5,4.59288869122331,0.311193034587445,19.477583815939
6.25,36.75,4.64052518959611,0.314119266793237,19.306764274078
6.25,37,4.68342301904551,0.316810851633218,19.1307588654638
6.25,37.25,4.72011926700627,0.319146785496258,18.9509386233453
6.25,37.5,4.7492444763296,0.321003863622211,18.7685929054907
6.25,37.75,4.76963705405307,0.322268163276977,18.5848873288759
6.25,38,4.78036040869654,0.322840262772818,18.4008238981657
6.25,38.25,4.7807997940502,0.322646469541273,18.2172061251587
6.25,38.5,4.77068563893342,0.321644186867102,18.0346165273625
6.25,38.75,4.75010853217492,0.319826641170039,17.853405386974
6.25,39,4.71959468010837,0.317228968048182,17.6737008912224
6.25,39.25,4.68005493454871,0.313925759364465,17.4954385656601
6.25,39.5,4.6328272751075,0.310031995572401,17.3184085499372
6.25,39.75,4.57962005813696,0.305696391968864,17.1423209386712
6.25,40,4.52248683167703,0.301095277032517,16.9668827527612
6.25,40.25,4.46376273841031,0.296423985495808,16.7918847189566
6.25,40.5,4.40595204424245,0.291883728980285,16.6172872091144
6.25,40.75,4.35166666752976,0.287675031577304,16.4433002637228
6.25,41,4.30349178143267,0.283986196841402,16.2704472054289
6.25,41.25,4.26381419756815,0.280980872540521,16.0995913638589
6.25,41.5,4.23471636707339,0.278792757094652,15.9319179523546
6.25,41.75,4.21784547920624,0.277519813564745,15.7688672743105
6.25,42,4.21427773701731,0.277217463036769,15.6120175610403
6.25,42.25,4.22449731450233,0.277900467974708,15.4629369282707
6.25,42.5,4.24835446231084,0.279541688552051,15.3230296443559
6.25,42.75,4.28508307535649,0.282074519360887,15.1934003659361
6.25,43,4.33339833946921,0.285399214136028,15.0747631927898
6.25,43.25,4.39155438325121,0.289385906560463,14.9674050208135
6.25,43.5,4.45745868080716,0.293881515951208,14.8712010586365
6.25,43.75,4.52883064228674,0.298720013210325,14.7856752047047
6.25,44,4.60325190040269,0.30372538976579,14.7100843939414
6.25,44.25,4.67830217505238,0.308721003217792,14.6435098961727
6.25,44.5,4.75167855262338,0.313538550047549,14.5849450953484
6.25,44.75,4.8212001009172,0.318019971432747,14.5333668776084
6.25,45,4.88498923362162,0.322030121034639,14.4877898158462
6.25,45.25,4.94142802340765,0.325454723254708,14.4473023244849
6.25,45.5,4.989253412055,0.328207202728431,14.4110862099608
6.25,45.75,5.02755985378029,0.330229520906197,14.3784252097804
6.25,46,5.05586556138394,0.331497292679566,14.3487058050484
6.25,46.25,5.07402804780091,0.332011348264685,14.321412487934
6.25,46.5,5.08228301911648,0.331801649627418,14.2961201934458
6.25,46.75,5.0811746503598,0.330921411078282,14.2724861884197
6.25,47,5.07149315528541,0.329440937919639,14.2502414224534
6.25,47.25,5.05421566854018,0.327444094248343,14.2291825077116
6.25,47.5,5.03043209745792,0.325021827547389,14.2091644859966
6.25,47.75,5.00126734869373,0.32226610087278,14.1900938767359
6.25,48,4.9678245402529,0.319265953253525,14.1719208834485
6.25,48.25,4.93113597466544,0.316103623605442,14.1546284436238
6.25,48.5,4.89209844534313,0.312850983097828,14.1382149504058
6.25,48.75,4.85148413374823,0.309568798943842,14.1226704487004
6.25,49,4.80993561909088,0.306308208319081,14.107954832047
6.25,49.25,4.76796977776221,0.30310987185327,14.0939923344033
6.25,49.5,4.72601357632276,0.300007417306718,14.0806779072129
6.25,49.75,4.68445524399888,0.29703045174589,14.067886456189
6.25,50,4.6436640530281,0.294205372617233,14.0554788203218
6.25,50.25,4.60402835324645,0.291558442209621,14.043301433359
6.25,50.5,4.56600434179439,0.289118166597034,14.0311807966128
6.25,50.75,4.53009616845952,0.286914645020001,14.0189298342237
6.25,51,4.49686791748317,0.284979035326971,14.0064077664921
6.5,18.25,4.98165230648229,0.326338011737444,18.498100201153
6.5,18.5,4.98700890679588,0.325791519317908,18.5603561664658
6.5,18.75,4.98363630976964,0.324538302500585,18.6560172325442
6.5,19,4.97109192615447,0.32256429883594,18.781935818921
6.5,19.25,4.9492253858539,0.319885755694043,18.8848062447641
6.5,19.5,4.9181891509655,0.316548283753242,18.9915826233961
6.5,19.75,4.87841250415452,0.312624430757757,19.0959646791342
6.5,20,4.83058451628867,0.308210340275419,19.2025914621839
6.5,20.25,4.77565958372182,0.303422123126331,19.3124990692169
6.5,20.5,4.71481137975694,0.298390866833198,19.4227447149421
6.5,20.75,4.64941976990906,0.293257758344674,19.5334306265004
6.5,21,4.58100067312198,0.288165784974068,19.6444749463134
6.5,21.25,4.51120285572962,0.283257727016572,19.7548379470193
6.5,21.5,4.44175373339525,0.278669462881462,19.8640660643983
6.5,21.75,4.374337153304,0.274521676480729,19.9718366844649
6.5,22,4.31056916210224,0.2709179010099,20.0777365983549
6.5,22.25,4.2519094507665,0.267939029279689,20.1816205809885
6.5,22.5,4.19958758064135,0.265640090907288,20.2835948532819
6.5,22.75,4.15451157204844,0.264046507703952,20.3839791291208
6.5,23,4.11727172127434,0.263155866727691,20.4833727055182
6.5,23.25,4.08808424827515,0.262935640126524,20.5825856817391
6.5,23.5,4.06680851350447,0.263325873988072,20.6824446853297
6.5,23.75,4.05297530735621,0.264242185383704,20.7835543108317
6.5,24,4.04584658304881,0.265580765232568,20.8860613791261
6.5,24.25,4.04449972925121,0.267224860888702,20.9894312508773
6.5,24.5,4.04786607712675,0.269048766970406,21.0922516456166
6.5,24.75,4.05481248268457,0.270925885894984,21.1920927018878
6.5,25,4.06422362132268,0.272736226056198,21.2854714097582
6.5,25.25,4.07502934308127,0.27437056227992,21.368001877206
6.5,25.5,4.08624772159407,0.275736071305856,21.4348274431358
6.5,25.75,4.09702605420182,0.276761287998517,21.4813834703274
6.5,26,4.10665478805379,0.277397844662343,21.5043815185722
6.5,26.25,4.1145401526721,0.277619743228063,21.5026566940871
6.5,26.5,4.12028666466978,0.277427781310751,21.4774368042304
6.5,26.75,4.12361924167897,0.276842204387296,21.4319784740662
6.5,27,4.1244444798733,0.275906686822421,21.3707900253778
6.5,27.25,4.12282260362731,0.274681424952102,21.2988113178724
6.5,27.5,4.11891411702672,0.273237376109891,21.2207460250933
6.5,27.75,4.11303131627396,0.271656933817835,21.1406132194217
6.5,28,4.1055752379401,0.270025967253052,21.0615173520303
6.5,28.25,4.09701040973143,0.268430107620743,20.9856039604515
6.5,28.5,4.08783681422396,0.266951072935869,20.914165182711
6.5,28.75,4.07857240803166,0.265662810502755,20.8478571251357
6.5,29,4.06968991769304,0.264627723448358,20.7869851979487
6.5,29.25,4.06158278711245,0.263893488379327,20.7318031337512
6.5,29.5,4.05456240994323,0.263491413538689,20.6827601749963
6.5,29.75,4.04883831977219,0.263437119033487,20.640628187528
6.5,30,4.04451245923408,0.263729256520998,20.6064702426762
6.5,30.25,4.04157292899775,0.264349580133902,20.5814583537597
6.5,30.5,4.03996456315748,0.265268896761141,20.5665968077983
6.5,30.75,4.03956002563137,0.266445308798568,20.5624385506259
6.5,31,4.04024147794143,0.267831168162385,20.5688745932038
6.5,31.25,4.04189542312782,0.269373609838903,20.5850399626566
6.5,31.5,4.04449898457461,0.271022600830966,20.6093388410782
6.5,31.75,4.04809916233729,0.272731241750534,20.639563874068
6.5,32,4.05283738983321,0.274459668921832,20.6730725350293
6.5,32.25,4.05897861309137,0.276178963255631,20.7069824121253
6.5,32.5,4.06687222559108,0.277871126408082,20.7383567130876
6.5,32.75,4.07694290659737,0.279529687175623,20.764362228901
6.5,33,4.08968098859189,0.281161734452281,20.7823913839726
6.5,33.25,4.10560679295962,0.282785618990629,20.7901489130721
6.5,33.5,4.1252100882496,0.284428835861354,20.7857079698295
6.5,33.75,4.14890642889611,0.286124383342635,20.7675406096211
6.5,34,4.17702004060554,0.287909610751972,20.7345274758855
6.5,34.25,4.20972721867128,0.28982168468028,20.6859513210661
6.5,34.5,4.24703304956874,0.291894044620341,20.6214774237339
6.5,34.75,4.28874092437852,0.294152230832358,20.5411235944457
6.5,35,4.33440734826271,0.296609084511776,20.4452212252566
6.5,35.25,4.38338117505716,0.299263821192711,20.3343717753225
6.5,35.5,4.43478456013904,0.302097586864611,20.2094036771431
6.5,35.75,4.48752396192558,0.305070832228225,20.071330039194
6.5,36,4.54032868230757,0.30812454726595,19.9213106702635
6.5,36.25,4.59178127600081,0.311177851042711,19.7606192048556
6.5,36.5,4.64039192380081,0.314133203417091,19.5906154030099
6.5,36.75,4.68462576691513,0.316878343350024,19.412719237646
6.5,37,4.7229894605562,0.319291653118931,19.2283829136268
6.5,37.25,4.75410744434974,0.321250983656807,19.03906132032
6.5,37.5,4.77675420252803,0.322638654969785,18.8461733834833
6.5,37.75,4.78995712170082,0.323352723535901,18.6510557402076
6.5,38,4.79301499219998,0.323312586623798,18.4549113110531
6.5,38.25,4.7855813287697,0.32246899494986,18.258757833492
6.5,38.5,4.7676806324125,0.320808418297791,18.0633872101912
6.5,38.75,4.7397161881969,0.318356124937913,17.8693396746005
6.5,39,4.70252623502085,0.315179840563441,17.6769062058072
6.5,39.25,4.65732901644914,0.311385499543455,17.4861589403691
6.5,39.5,4.60574587074559,0.307115659671161,17.2970075094148
6.5,39.75,4.54973410590649,0.302541047744233,17.1092784792834
6.5,40,4.49154555682797,0.2978528592574,16.9228079857908
6.5,40.25,4.43364629467444,0.293252954564388,16.7375413173287
6.5,40.5,4.37859286481407,0.288940766348565,16.5536250227524
6.5,40.75,4.32895132347007,0.285106309764559,16.3714829803538
6.5,41,4.28715452689842,0.281919502172472,16.1918638675656
6.5,41.25,4.25533492670681,0.279519421616239,16.0158412046228
6.5,41.5,4.23522150829988,0.278010107883084,15.8447619848642
6.5,41.75,4.22803070990569,0.27745663132946,15.6801471540779
6.5,42,4.23436315144283,0.277880430124053,15.5235514420447
6.5,42.25,4.2542136643322,0.279262641237489,15.376408585358
6.5,42.5,4.28696665913646,0.281544681162684,15.2398895337855
6.5,42.75,4.33144564572306,0.284632051922828,15.114794895311
6.5,43,4.38602828597096,0.288401497332298,15.0015008769393
6.5,43.25,4.44872268765809,0.292705266796339,14.8999599263688
6.5,43.5,4.51728340574172,0.297378354877073,14.8097467932712
6.5,43.75,4.58936171456231,0.302248683478672,14.7301378732597
6.5,44,4.66255723116151,0.307140605731167,14.6602033205268
6.5,44.25,4.73454021145222,0.311883750046385,14.5988972210464
6.5,44.5,4.80315969443136,0.316321403526772,14.5451378915705
6.5,44.75,4.866447758079,0.320312264668183,14.4978691357632
6.5,45,4.92277568783199,0.323741351180784,14.4561034045277
6.5,45.25,4.97081437270495,0.326517891932456,14.4189478072655
6.5,45.5,5.00960938402588,0.328580507825409,14.3856155964564
6.5,45.75,5.03857316770395,0.329896915633938,14.355428568444
6.5,46,5.05752853266082,0.330467070844637,14.3278137111463
6.5,46.25,5.0666193839415,0.330314489439274,14.3022960960085
6.5,46.5,5.06632762937931,0.329488222928623,14.2784902617199
6.5,46.75,5.05739297994257,0.328056190852565,14.2560917067788
6.5,47,5.04074496475614,0.326098844960878,14.23486838699
6.5,47.25,5.01743758569534,0.323705072613813,14.2146532166882
6.5,47.5,4.98857841032209,0.320966175012664,14.1953379559932
6.5,47.75,4.95525734444115,0.317970489476769,14.1768683229156
6.5,48,4.91849960571124,0.314800228344037,14.1592390954996
6.5,48.25,4.87923239188888,0.311528935451301,14.1424849498051
6.5,48.5,4.83824033935781,0.308219293397439,14.1266589757321
6.5,48.75,4.79618734657778,0.304923417114622,14.1117909098799
6.5,49,4.75362890988694,0.301685236263757,14.0978415222956
6.5,49.25,4.71102742866366,0.298540612914901,14.0847037959325
6.5,49.5,4.66879293693536,0.295520831921289,14.072227205037
6.5,49.75,4.62733297382184,0.292655480518173,14.0602421348019
6.5,50,4.58706883292093,0.289973008007239,14.0485773432287
6.5,50.25,4.5484631421285,0.287502901388099,14.0370701055035
6.5,50.5,4.51205293645693,0.285277139898401,14.0255753171498
6.5,50.75,4.47841649951784,0.28332855404971,14.0140625662582
6.5,51,4.4481704259942,0.281689628472086,14.0034504666673
6.75,17.75,4.98165646643154,0.326779702307649,18.2674180188482
6.75,18,4.99738801766525,0.327041317489893,18.3321468760925
6.75,18.25,5.00509994716122,0.326642888919636,18.436400815451
6.75,18.5,5.0040035943141,0.325536393028456,18.5272271408416
6.75,18.75,4.99358033140975,0.323701429947202,18.6268557901879
6.75,19,4.97361498470864,0.321147577701989,18.7371906411703
6.75,19.25,4.94419478363358,0.317914822189537,18.845471417486
6.75,19.5,4.90571184120467,0.314071523334974,18.9550480872902
6.75,19.75,4.85883353450932,0.30971101654147,19.0654055118694
6.75,20,4.80448053470041,0.304947372772782,19.1776617964349
6.75,20.25,4.74382114004377,0.299910841288654,19.2920640119478
6.75,20.5,4.67822440738811,0.294742456491334,19.407595704809
6.75,20.75,4.60923250079229,0.289588387848901,19.5236455952076
6.75,21,4.538487692694,0.28459187351358,19.6395704997094
6.75,21.25,4.46771232407362,0.279890552840908,19.7544791035018
6.75,21.5,4.39864344512093,0.275609953130429,19.8676137703757
6.75,21.75,4.33291201894303,0.271856000530157,19.9783695773525
6.75,22,4.2720073331165,0.268713081406103,20.0863134320118
6.75,22.25,4.2171946201547,0.266239627170048,20.1913380252088
6.75,22.5,4.16945062818804,0.26446576414719,20.2937320764057
6.75,22.75,4.12939497941681,0.263391084489648,20.3941969538592
6.75,23,4.09730999528782,0.262987313122944,20.493826853652
6.75,23.25,4.07311464718816,0.263197845426848,20.5939909731674
6.75,23.5,4.05640478312133,0.263941745308483,20.6961184462606
6.75,23.75,4.04649971987595,0.26511797551498,20.8014246778713
6.75,24,4.0425137415682,0.26661138425661,20.9106140784444
6.75,24.25,4.04343927322553,0.268299632666844,21.023573164427
6.75,24.5,4.04818826871155,0.270057867658444,21.1390625789763
6.75,24.75,4.05566228376864,0.271766348090405,21.2544262408503
6.75,25,4.06482138317553,0.27331731738129,21.365373716075
6.75,25.25,4.07470211835214,0.274618477014377,21.465973357916
6.75,25.5,4.08445129797561,0.275597550633089,21.549085723815
6.75,25.75,4.09335461258929,0.276205697374117,21.6074777244587
6.75,26,4.10084517541991,0.276418084961093,21.6355933210252
6.75,26.25,4.10647834197276,0.276232199047721,21.6312806395435
6.75,26.5,4.10999822418997,0.275670385424482,21.5962965513072
6.75,26.75,4.11126777441906,0.274772300644963,21.535595835731
6.75,27,4.11031917704939,0.273597244143082,21.4558545791427
6.75,27.25,4.10732296421891,0.272217050998581,21.3641224762712
6.75,27.5,4.10253637712834,0.270710248585456,21.2668447871757
6.75,27.75,4.09633972146433,0.269161818520443,21.1692679008398
6.75,28,4.08917282989067,0.267655706631763,21.0751768749271
6.75,28.25,4.08150609299117,0.266271306008464,20.9868941838875
6.75,28.5,4.07380798811559,0.265080015091329,20.9054810946507
6.75,28.75,4.06652685046107,0.26414210800322,20.8310932540498
6.75,29,4.06003500889291,0.263503737047654,20.7634396322176
6.75,29.25,4.05460397511538,0.263194828472524,20.7022735674479
6.75,29.5,4.05040854256299,0.263228378230325,20.6478100704314
6.75,29.75,4.04752163571876,0.263602048259911,20.6009413785172
6.75,30,4.04592164225105,0.264298060605035,20.5631837097546
6.75,30.25,4.04550134372405,0.265284428029097,20.5363664307607
6.75,30.5,4.04613957960755,0.26652104062308,20.5221598627918
6.75,30.75,4.04768600336959,0.267959143231266,20.5216081210076
6.75,31,4.05003610652148,0.269547972996715,20.534805015533
6.75,31.25,4.05312934541002,0.271235825289273,20.5607708572732
6.75,31.5,4.05701971798898,0.272977126899989,20.597516552215
6.75,31.75,4.06185155722511,0.274732642419906,20.6422421878193
6.75,32,4.06787258804216,0.2764725396193,20.691606264957
6.75,32.25,4.07544861200627,0.27817927243321,20.7420070225245
6.75,32.5,4.08501861646846,0.279846875824454,20.7898357115869
6.75,32.75,4.09707568068723,0.281480695622746,20.8316802387513
6.75,33,4.11214820771441,0.283098327071446,20.864471919412
6.75,33.25,4.13075988344785,0.284726794097643,20.8855798450909
6.75,33.5,4.15336968495623,0.286399906430449,20.8928622222802
6.75,33.75,4.18032914028792,0.288154378786659,20.884683246562
6.75,34,4.21186346243341,0.29002813360878,20.8599028319041
6.75,34.25,4.24802064233248,0.292055680759415,20.817846123597
6.75,34.5,4.28865359294316,0.29426462737345,20.7582581147834
6.75,34.75,4.33339607560839,0.296671572454057,20.6812484973058
6.75,35,4.38163058533932,0.299277803326124,20.5872310163119
6.75,35.25,4.43252927686483,0.302068392228705,20.4768636893461
6.75,35.5,4.48504911972829,0.30500871231421,20.3509965542077
6.75,35.75,4.53795386188142,0.308042789919238,20.2106286374705
6.75,36,4.58986018427394,0.311095281502934,20.0568772423222
6.75,36.25,4.63927962422077,0.314070819882841,19.8909593847418
6.75,36.5,4.6846955211193,0.316860069725412,19.7141834272197
6.75,36.75,4.72460017998086,0.319343306377285,19.5279450177339
6.75,37,4.7575804433861,0.321396937142817,19.3337203763414
6.75,37.25,4.78239140947922,0.322902880348638,19.1330532616066
6.75,37.5,4.79799146072714,0.323754494794992,18.9275248106001
6.75,37.75,4.80363242783075,0.323867268195774,18.7187040730543
6.75,38,4.79887685076048,0.323184269486286,18.5080805410547
6.75,38.25,4.78366676092054,0.321684538307088,18.2969862882409
6.75,38.5,4.75833189791296,0.31938603121246,18.086524557641
6.75,38.75,4.72358917053898,0.316346764496919,17.8775177118092
6.75,39,4.68057971688549,0.312665919324459,17.6704945445
6.75,39.25,4.63080896942853,0.308477791935731,17.465719711632
6.75,39.5,4.57615009904698,0.303947862437733,17.2632613914125
6.75,39.75,4.5187659440975,0.299262884438912,17.0630887829729
6.75,40,4.46105075783027,0.294622009764742,16.8651834295397
6.75,40.25,4.40553371740607,0.290226319243903,16.6696518404208
6.75,40.5,4.3547451823889,0.286266234681067,16.4768206959316
6.75,40.75,4.31112032621587,0.282914632925197,16.2873034597055
6.75,41,4.27685438867863,0.280317433669468,16.1020260547889
6.75,41.25,4.25374750223523,0.278584816528139,15.9221975229871
6.75,41.5,4.24311413752978,0.277788369615581,15.7492283557926
6.75,41.75,4.24570306306781,0.277959058819254,15.584607870104
6.75,42,4.26163135813941,0.279084683406889,15.4297558147807
6.75,42.25,4.29042556453358,0.281114519362586,15.2858768663578
6.75,42.5,4.33105063753837,0.283961530549603,15.1538433311062
6.75,42.75,4.38198436281213,0.287507320193676,15.0341215428777
6.75,43,4.44134217433332,0.291609883895911,14.9267528769065
6.75,43.25,4.50696393626188,0.296108808643128,14.8313840680793
6.75,43.5,4.57652655950103,0.30083265130873,14.74733337675
6.75,43.75,4.64768274193206,0.305608800825956,14.673678547499
6.75,44,4.71811198261421,0.310267288097086,14.6093485670428
6.75,44.25,4.78562912414194,0.314648931296206,14.5532080521181
6.75,44.5,4.84828088866443,0.318612912410142,14.5041286053232
6.75,44.75,4.90434897542517,0.322038182986821,14.4610404227974
6.75,45,4.95248117132158,0.324832489890839,14.4229658529841
6.75,45.25,4.99165307237186,0.326929976715993,14.3890368945679
6.75,45.5,5.02122244994102,0.328294656504635,14.3585000914386
6.75,45.75,5.04090985043522,0.328918946602197,14.33071411636
6.75,46,5.0508198094579,0.328824940951144,14.3051434070803
6.75,46.25,5.05134715903905,0.328055576729041,14.281349678902
6.75,46.5,5.04317445205125,0.326674946000904,14.2589830569333
6.75,46.75,5.02718522433928,0.324761215028922,14.23777368299
6.75,47,5.00439405541375,0.322400418773753,14.2175234266675
6.75,47.25,4.9758802609761,0.319682256973477,14.1980986720789
6.75,47.5,4.94272437160547,0.316694851073126,14.1794253529571
6.75,47.75,4.90594788321451,0.313520363307989,14.1614873725779
6.75,48,4.86647909543911,0.310232822368647,14.1443289242795
6.75,48.25,4.82513656528465,0.306896923153797,14.1280547724268
6.75,48.5,4.78260413439589,0.303567113547211,14.1128119772559
6.75,48.75,4.73946238516688,0.300288741894255,14.0987117449806
6.75,49,4.69621385660024,0.297101005303756,14.0857070599345
6.75,49.25,4.65330513505425,0.294037633614233,14.0736269016231
6.75,49.5,4.61116714185606,0.291130065980395,14.0622438543895
6.75,49.75,4.57025840179328,0.288409839268957,14.0513215438453
6.75,50,4.53107321199463,0.285908609524933,14.0406441145446
6.75,50.25,4.49415543879929,0.283659282928247,14.0300308179407
6.75,50.5,4.46011416732047,0.281696480808984,14.0192700722197
6.75,50.75,4.42957793822489,0.280054050446924,14.0076584726508
7,17.25,4.96865609446334,0.326208711961295,18.0383390313379
7,17.5,4.99350292141435,0.327176291249791,18.1009081078541
7,17.75,5.01152554917779,0.327575744592391,18.2031399219703
7,18,5.02157741687102,0.327325339601358,18.2921938604505
7,18.25,5.02277170540854,0.326368759602142,18.3889196810594
7,18.5,5.01453356321081,0.324680240865044,18.4863614603368
7,18.75,4.99657958856647,0.322263322978558,18.5888108125927
7,19,4.96894002265897,0.319151835327111,18.6971565129815
7,19.25,4.93195128440995,0.315409085253534,18.8082145460045
7,19.5,4.88624993644736,0.311124736345104,18.9218764588283
7,19.75,4.83273873518699,0.30641048594681,19.0379260130866
7,20,4.77255859605873,0.301395011378361,19.1564408616133
7,20.25,4.70707150786249,0.296218650898148,19.2771569240728
7,20.5,4.63781037082462,0.291027690523487,19.3992727986775
7,20.75,4.56643744454027,0.285968220091034,19.5218510644072
7,21,4.49466736113858,0.281178435684527,19.6438350257556
7,21.25,4.42423215521925,0.276785598650034,19.764064900866
7,21.5,4.35680813069256,0.272899973021135,19.8814504324299
7,21.75,4.29390061127414,0.269608354534386,19.9951009174515
7,22,4.23680455454635,0.266972485564228,20.1044579603242
7,22.25,4.18653521712267,0.265025910521277,20.2094538599652
7,22.5,4.14378033729813,0.263772743023477,20.3106237191065
7,22.75,4.10885851946891,0.26318704348425,20.4091415155026
7,23,4.08175717185256,0.263216473579401,20.5067615722225
7,23.25,4.06213427096864,0.26378355429023,20.6056472120574
7,23.5,4.04937604691431,0.264790795675908,20.7081014660838
7,23.75,4.04265471119095,0.266125903049153,20.8162373548909
7,24,4.0410034209793,0.267668381996279,20.9316192090819
7,24.25,4.04339228166363,0.269296547061455,21.0548770854773
7,24.5,4.04876692947449,0.270892422153113,21.1852730121803
7,24.75,4.05610498055199,0.27234858810069,21.3201957241485
7,25,4.06447118275211,0.2735741035117,21.4546105187919
7,25.25,4.07302729242052,0.274497059268428,21.5806420382809
7,25.5,4.08105799611942,0.275067885510203,21.6877371657886
7,25.75,4.08799020132562,0.275261224346385,21.764134801953
7,26,4.09339782277251,0.275075340623192,21.8001340857102
7,26.25,4.09697920829527,0.274529535629565,21.7919311915592
7,26.5,4.09860937210727,0.273665014548191,21.7424165225933
7,26.75,4.09827702175382,0.272537271410024,21.6597004484538
7,27,4.09612339709779,0.271217006413751,21.5540323482743
7,27.25,4.09240796522297,0.269783030526077,21.435648518026
7,27.5,4.08745720427057,0.268316525837462,21.3134363716137
7,27.75,4.08168646624052,0.26690017181259,21.194219175009
7,28,4.07553692722759,0.265611342774234,21.0825145248665
7,28.25,4.0694446463672,0.264518987617924,20.9806352819615
7,28.5,4.06380741831626,0.263680683525919,20.8890444835606
7,28.75,4.05896943292316,0.263140385505024,20.8069124180434
7,29,4.05517679506748,0.262926382134515,20.7328328034493
7,29.25,4.05256483930676,0.26305033507086,20.6656206771962
7,29.5,4.05117176526683,0.263507570644304,20.6050269968016
7,29.75,4.05094797272267,0.264279533314953,20.5521032280314
7,30,4.0517751080601,0.265334733693414,20.5091097044647
7,30.25,4.05348645554318,0.266630897254952,20.478980380247
7,30.5,4.05593622394572,0.268120990561583,20.4644927207628
7,30.75,4.05899268247814,0.269753568475239,20.467485835733
7,31,4.06260291326798,0.27147884941988,20.4883694420739
7,31.25,4.06679001711235,0.273249960177925,20.5259841804913
7,31.5,4.07170644022205,0.27502885432276,20.5777539246265
7,31.75,4.07760502376871,0.27678622930393,20.6400244477031
7,32,4.08484035791887,0.278503662174603,20.7084812969071
7,32.25,4.09387020945662,0.280175456363128,20.778558841972
7,32.5,4.10520605697037,0.281807299315384,20.8457859621314
7,32.75,4.11938608466565,0.283415230817225,20.9060445739906
7,33,4.13694949213443,0.285025642240757,20.9557389330257
7,33.25,4.15839413927488,0.286672074976544,20.9918886640497
7,33.5,4.18411889179197,0.288392198518176,21.012163078854
7,33.75,4.21438332387944,0.290223801142665,21.0148714205443
7,34,4.2492889313228,0.292202672238167,20.9989202838349
7,34.25,4.28873534800493,0.294358013625865,20.9637481103522
7,34.5,4.33240869155107,0.296709066530896,20.9092446584944
7,34.75,4.37976526068152,0.299261211665418,20.8356632497431
7,35,4.43001279770943,0.302002260121938,20.7435329891719
7,35.25,4.48215457004535,0.304901784574416,20.6335794493022
7,35.5,4.53499844663538,0.30790872705056,20.5066622205327
7,35.75,4.58718956491982,0.310950890793413,20.36373236504
7,36,4.63726373693774,0.313937840889978,20.2058125727481
7,36.25,4.68369899018389,0.31676203243928,20.0339989135396
7,36.5,4.72499389773996,0.319305757465702,19.8494802709009
7,36.75,4.75971176127289,0.321446204362908,19.6535670245133
7,37,4.78656319025459,0.323062917537338,19.4477185015202
7,37.25,4.80447516484351,0.324047416839342,19.2335599968696
7,37.5,4.81262597201758,0.324309580094831,19.012872286504
7,37.75,4.81052174666801,0.323787349880122,18.7875436802874
7,38,4.79801021721337,0.32245150075935,18.5594807620388
7,38.25,4.77533433884662,0.320312044482881,18.3304871698931
7,38.5,4.74313172487099,0.317419421120867,18.102137594406
7,38.75,4.7024248835261,0.31386353130945,17.8756768741833
7,39,4.65463950248593,0.309772302143398,17.6519779083817
7,39.25,4.60153840314351,0.305303961124066,17.4315666159549
7,39.5,4.54520518224845,0.300641069980091,17.2147055212732
7,39.75,4.48795464979708,0.295979590809856,17.0015169246875
7,40,4.4322578121704,0.291519310509817,16.7921189936179
7,40.25,4.38063080383052,0.287453258455889,16.5867535289742
7,40.5,4.33549414381106,0.283956069817147,16.385882472105
7,40.75,4.29906710352993,0.281177686063375,16.1902414603259
7,41,4.27322881649807,0.279235541796326,16.0008416889091
7,41.25,4.25938332622394,0.278207905445161,15.8189140338881
7,41.5,4.25839018178025,0.278132526162866,15.6458064539449
7,41.75,4.27051817972522,0.279006457363521,15.48285313235
7,42,4.29541780225277,0.280785511927135,15.3312345396321
7,42.25,4.33219015557,0.283390029920116,15.1918546954616
7,42.5,4.37944310863831,0.286708477424618,15.0652546448565
7,42.75,4.43538249662368,0.290603292921848,14.9515706354975
7,43,4.49793956330902,0.294918993809735,14.8505415607445
7,43.25,4.56486159997153,0.299488004295921,14.7615575584455
7,43.5,4.63381790643655,0.304137974190794,14.6837352622259
7,43.75,4.70252543671001,0.308701101485606,14.6160051873786
7,44,4.76879796677969,0.313018010048072,14.5571969162271
7,44.25,4.83064105356807,0.316945013135881,14.5061158020404
7,44.5,4.8863363849489,0.320360683969273,14.4616066648935
7,44.75,4.93444240326202,0.323166730231814,14.4225980765498
7,45,4.97390040333459,0.325295064889305,14.388128493238
7,45.25,5.0039948514874,0.326704941997533,14.3573568493264
7,45.5,5.02438692577582,0.327384738429598,14.3295619428856
7,45.75,5.0350831465941,0.327349370039663,14.3041360516231
7,46,5.03643592774528,0.326639900004603,14.2805763712883
7,46.25,5.02904683100855,0.325314711586168,14.2584760517642
7,46.5,5.01374820671672,0.323448526055396,14.2375160082339
7,46.75,4.99151443543043,0.321125312882988,14.2174572658675
7,47,4.96339409745747,0.318432533700766,14.1981326198378
7,47.25,4.93044781506462,0.315457248755619,14.1794384893697
7,47.5,4.8936957478844,0.312281905177502,14.1613297873443
7,47.75,4.85407156113369,0.308981141029925,14.1438212514103
7,48,4.81240279462788,0.305620674041039,14.1270034654221
7,48.25,4.7694105345978,0.302257320646525,14.1110694195116
7,48.5,4.72570169553502,0.298939140350411,14.0963405987086
7,48.75,4.68180724980549,0.295707156154076,14.0831318896683
7,49,4.63821487990774,0.292598476999945,14.0713430795074
7,49.25,4.59539262794998,0.289647136595553,14.0606589690475
7,49.5,4.55382346101074,0.286886633860516,14.0507186678464
7,49.75,4.51403735752282,0.284351552794343,14.041184128663
7,50,4.47660801659015,0.282076868768827,14.031778258348
7,50.25,4.44215118298437,0.280098017449183,14.0223696977048
7,50.5,4.41132307115631,0.278450441362556,14.0131420984732
7,50.75,4.38476444343617,0.277166498335307,14.0045566079668
7.25,16.75,4.94476290600153,0.324808459295331,17.821769475379
7.25,17,4.97687354041866,0.326328472615936,17.8800364365542
7.25,17.25,5.00375488193304,0.327407324465028,17.9760850802562
7.25,17.5,5.02397112681303,0.327937377058163,18.0601674697603
7.25,17.75,5.03630423136713,0.32783139687132,18.1522611223489
7.25,18,5.03979902960086,0.327027352844405,18.2449769959511
7.25,18.25,5.03379005461941,0.32549146512804,18.3417456102933
7.25,18.5,5.01794105757403,0.323221885073712,18.4420998018203
7.25,18.75,4.99222173045579,0.320246709767426,18.5472528690708
7.25,19,4.95691851534263,0.316623563924299,18.6576298238425
7.25,19.25,4.91262009397905,0.312437542836186,18.7724303691998
7.25,19.5,4.86020252465025,0.307797063715971,18.8912972091255
7.25,19.75,4.80079021240063,0.302828723608311,19.0139083515882
7.25,20,4.73572085393707,0.297671575480532,19.1398915536967
7.25,20.25,4.66651690283974,0.292471257022984,19.2685807746635
7.25,20.5,4.59483042294573,0.287374100760946,19.3989113582042
7.25,20.75,4.52238910234595,0.282520798829424,19.5295295812292
7.25,21,4.45091570510734,0.278039247010342,19.658884200076
7.25,21.25,4.38208186446894,0.274041441212257,19.7853399762734
7.25,21.5,4.3174323534602,0.270618135371143,19.9073507466427
7.25,21.75,4.25828085694172,0.267833589584653,20.0236551451698
7.25,22,4.20567481377256,0.265724637255586,20.1334944420585
7.25,22.25,4.16034515635145,0.264298951238289,20.2368328365925
7.25,22.5,4.12268000884972,0.263535083029056,20.3345187653059
7.25,22.75,4.0927109394373,0.263383436211637,20.4283349984645
7.25,23,4.07016748066032,0.263770891079128,20.5209061732186
7.25,23.25,4.05450097099863,0.264603571846596,20.6154600216574
7.25,23.5,4.04495226083643,0.265772836813077,20.7154782460544
7.25,23.75,4.04061298096762,0.267161125689239,20.8242994461119
7.25,24,4.04049685286272,0.268648782392632,20.9447155384081
7.25,24.25,4.0436044364427,0.270120777430719,21.0785435431292
7.25,24.5,4.04895557218354,0.271471411589429,21.2260939918451
7.25,24.75,4.05563230161498,0.272610105426261,21.385416681038
7.25,25,4.06282155488098,0.273466128750589,21.551224476709
7.25,25.25,4.06981902174244,0.273990089979375,21.7135872087386
7.25,25.5,4.07604901171865,0.274155901919207,21.8570505618784
7.25,25.75,4.08107702918536,0.273961191824565,21.9619319815978
7.25,26,4.08461182769375,0.273425625568524,22.010330462081
7.25,26.25,4.08648502965605,0.272587540383559,21.9957811898688
7.25,26.5,4.0866900891379,0.27150339043492,21.9236768060889
7.25,26.75,4.08532455284717,0.270240212362547,21.8083986429244
7.25,27,4.08261671253719,0.268875397742374,21.6660454340396
7.25,27.25,4.07888746102477,0.267489822022015,21.5115267755947
7.25,27.5,4.07449890613197,0.266162403313679,21.357020157164
7.25,27.75,4.0698636298613,0.264968886944317,21.2112539570669
7.25,28,4.06538419330029,0.263975932211698,21.0794072183501
7.25,28.25,4.06142322211119,0.263238586644581,20.9634126195664
7.25,28.5,4.0582739724947,0.262798061987734,20.8625367783407
7.25,28.75,4.05615168361572,0.262680476593379,20.7742025202101
7.25,29,4.05516364691521,0.26289587104362,20.6950556349696
7.25,29.25,4.05531017090565,0.263438383746286,20.6222415327841
7.25,29.5,4.05650843026167,0.26428750264372,20.5546765617292
7.25,29.75,4.0586141882834,0.265411236661358,20.4936543985651
7.25,30,4.06144945095365,0.266767910336416,20.4426945799784
7.25,30.25,4.06482957722265,0.268308931929956,20.4066356107216
7.25,30.5,4.06862646481685,0.26998452903195,20.3901123916074
7.25,30.75,4.07276509808259,0.271744593781496,20.3962274483506
7.25,31,4.07727539219016,0.273543979271131,20.4258368067233
7.25,31.25,4.08228545912483,0.275343626050961,20.4774501108695
7.25,31.5,4.08805748944679,0.277115230028531,20.5475714773067
7.25,31.75,4.0949536920714,0.278840752515241,20.6312823730029
7.25,32,4.10342671735215,0.280513623469845,20.7228944843433
7.25,32.25,4.11400959018871,0.282139619311725,20.8165445065652
7.25,32.5,4.12726319116895,0.283734977632267,20.9066604020056
7.25,32.75,4.14374346917293,0.285324746391887,20.9882785770227
7.25,33,4.1639710154213,0.286942009968279,21.0572238241475
7.25,33.25,4.18838827412836,0.288624432655488,21.1101817369161
7.25,33.5,4.21730573044152,0.290410977420553,21.1446952468187
7.25,33.75,4.25086535482702,0.292337850943485,21.1591091931815
7.25,34,4.28902357684771,0.29443607421098,21.1524792570858
7.25,34.25,4.33151581978913,0.296727027182008,21.1244581099004
7.25,34.5,4.3778518461222,0.29921926856656,21.0751689972649
7.25,34.75,4.42730844160539,0.30190499248987,21.0050771023416
7.25,35,4.47892421949789,0.304757036633569,20.9148686697841
7.25,35.25,4.53154810132262,0.307728676520127,20.8053484428719
7.25,35.5,4.5838617112058,0.310752464169198,20.6773655010103
7.25,35.75,4.63442203214521,0.313741003878286,20.5317719938208
7.25,36,4.6817211613723,0.316590914436609,20.3694176812948
7.25,36.25,4.72424516270566,0.319185694308381,20.1911786903259
7.25,36.5,4.7605521757346,0.321403518385081,19.9980152222468
7.25,36.75,4.78932062965907,0.323123523364202,19.791047962555
7.25,37,4.80942672131662,0.324233885627611,19.5716396063047
7.25,37.25,4.82000684816978,0.324641295258406,19.3414655751555
7.25,37.5,4.82048980723094,0.324277268256378,19.1025458882202
7.25,37.75,4.81065906515648,0.323106461066959,18.857211927776
7.25,38,4.79066111516888,0.321130262897298,18.6079892822022
7.25,38.25,4.76104373339208,0.31839093616914,18.357403313452
7.25,38.5,4.72274607715469,0.314970830468873,18.1077526424191
7.25,38.75,4.67707897378717,0.310989264297424,17.8609153737576
7.25,39,4.62572478580592,0.306598711875028,17.6182514687336
7.25,39.25,4.57066403074329,0.301975650806696,17.3806198117509
7.25,39.5,4.51413926261245,0.297312988849707,17.1484899520403
7.25,39.75,4.45855386153163,0.292808599811672,16.9221078527062
7.25,40,4.40638138588076,0.28865555897678,16.7016701938154
7.25,40.25,4.36004315279341,0.285031984377896,16.4874741499055
7.25,40.5,4.32176538843764,0.282090747859819,16.2800167392883
7.25,40.75,4.29347224897557,0.279954169190385,16.0800353156033
7.25,41,4.27666143985425,0.278708032010977,15.8884884488356
7.25,41.25,4.27229696162206,0.278397108058694,15.7064820762108
7.25,41.5,4.28076717865752,0.27902535028421,15.5351603060155
7.25,41.75,4.30187370733038,0.280557441408315,15.3755834024998
7.25,42,4.33483966223759,0.282920051421647,15.2286111391939
7.25,42.25,4.37840041266893,0.286008502825799,15.0948105923746
7.25,42.5,4.43087910629112,0.289691481180272,14.974398568056
7.25,42.75,4.49028681388039,0.29381751113651,14.8672211843475
7.25,43,4.55444685138632,0.298223173654142,14.7727733246848
7.25,43.25,4.62108449726687,0.302739265038306,14.6902526222906
7.25,43.5,4.68792453337334,0.30719785792491,14.6186349628123
7.25,43.75,4.75280335179712,0.311440883530747,14.5567541459756
7.25,44,4.81371528541517,0.315323839188231,14.5033750455202
7.25,44.25,4.86889409736241,0.318722008062266,14.4572636689437
7.25,44.5,4.91688433810689,0.321535856573306,14.4172479050755
7.25,44.75,4.956537805394,0.323691221741726,14.3822588059015
7.25,45,4.9870947892562,0.325144418173714,14.3513518487435
7.25,45.25,5.00814067162951,0.325878802678599,14.3237116824551
7.25,45.5,5.01961927469835,0.325904969446114,14.2986462358953
7.25,45.75,5.02179012688825,0.325257188131315,14.275576440702
7.25,46,5.01521111068821,0.32399164706869,14.2540258235972
7.25,46.25,5.00064097036363,0.322177855129591,14.23361201901
7.25,46.5,4.97900976406811,0.319896791017756,14.2140408207636
7.25,46.75,4.95133282863669,0.317234199542929,14.1951006664464
7.25,47,4.91864913399224,0.314275576698976,14.1766537739765
7.25,47.25,4.88196773527163,0.311102921924822,14.1586239642584
7.25,47.5,4.84222894062845,0.307791705138337,14.1409876224845
7.25,47.75,4.80027419086759,0.304408906650221,14.1237698573662
7.25,48,4.75684095825091,0.301012907952672,14.1070797709856
7.25,48.25,4.7125764082006,0.297654486081198,14.0911762410145
7.25,48.5,4.66804310162148,0.29437769631704,14.0767029341945
7.25,48.75,4.62375995722589,0.291221821044254,14.0645986200926
7.25,49,4.58023644781003,0.288224273063671,14.0544837313117
7.25,49.25,4.53799257929184,0.285421214318108,14.0457075416731
7.25,49.5,4.49758314942763,0.282849218106482,14.0376950093519
7.25,49.75,4.45961531480454,0.280545957310659,14.0299622139166
7.25,50,4.42473205489654,0.278548747147684,14.0220842391572
7.25,50.25,4.39359524487699,0.276893664645018,14.0138165409909
7.25,50.5,4.36686907376455,0.275614370176751,14.0058032300221
7.25,50.75,4.34515808700544,0.274738735455039,14.0017432691507
7.5,16.25,4.91279454848555,0.322819035435231,17.622019004729
7.5,16.5,4.94986012321441,0.324701665296084,17.675635770791
7.5,16.75,4.98359063969139,0.326294003685135,17.7636944198042
7.5,17,5.01234791627711,0.327471734461155,17.8407256491043
7.5,17.25,5.03463968354182,0.328123568514872,17.9255296587504
7.5,17.5,5.04918158730718,0.328157341045801,18.011235158751
7.5,17.75,5.05494725349621,0.327505170111722,18.1011370593876
7.5,18,5.05120486397954,0.326127333465925,18.1945538461949
7.5,18.25,5.0375355810382,0.324014269948122,18.2924241963398
7.5,18.5,5.01385998148246,0.321188705413028,18.3951663072631
7.5,18.75,4.98041077006199,0.317702807490502,18.5034219335408
7.5,19,4.93773219043675,0.313636389483827,18.6175479154193
7.5,19.25,4.88665796882713,0.309093674391989,18.7374367727057
7.5,19.5,4.82828742950447,0.30419824382191,18.8628778362636
7.5,19.75,4.76394074378425,0.299087236053727,18.9934975905715
7.5,20,4.69511626074018,0.293905148275957,19.1286517824494
7.5,20.25,4.62345097620537,0.288797658172834,19.2672820194555
7.5,20.5,4.55065986784167,0.283905749389471,19.407850382108
7.5,20.75,4.47847210202616,0.279359497129547,19.5484049465091
7.5,21,4.40854913194061,0.275271646990805,19.6867222313748
7.5,21.25,4.34243263024887,0.271734760851756,19.8204983728733
7.5,21.5,4.28147257138975,0.268816841920779,19.947571763132
7.5,21.75,4.22673985450706,0.266557465408439,20.0661807894977
7.5,22,4.17900245680232,0.264967731225488,20.1752710310999
7.5,22.25,4.13869805890348,0.264030003982486,20.2748150797276
7.5,22.5,4.10593079743132,0.263699273045945,20.3660447533075
7.5,22.75,4.08048260313559,0.263905605467747,20.4515193322005
7.5,23,4.06187972463887,0.264559616291014,20.5349924792756
7.5,23.25,4.04943099779601,0.26555643979277,20.6210783175823
7.5,23.5,4.04229785646019,0.266782242807908,20.7147810630244
7.5,23.75,4.03955257757657,0.268120337514707,20.8210162289291
7.5,24,4.0402409529002,0.269457823805262,20.944202257885
7.5,24.25,4.04343400459129,0.270691688411794,21.0878831212055
7.5,24.5,4.04825315530511,0.271732950017255,21.2542221040068
7.5,24.75,4.05390132538898,0.272511192928034,21.4430899714508
7.5,25,4.05969539080705,0.272977960493598,21.6503540581786
7.5,25.25,4.06506628132082,0.27310711808165,21.8649898602415
7.5,25.5,4.06957435391536,0.272895484622947,22.0653336546723
7.5,25.75,4.07291706614673,0.272361918480172,22.217589661956
7.5,26,4.07492853670127,0.271544686204276,22.2856590981154
7.5,26.25,4.07556019568196,0.270497464808296,22.2597186509129
7.5,26.5,4.07490695964747,0.269287647367543,22.1504558550748
7.5,26.75,4.07315278539666,0.267989043865341,21.9859439376963
7.5,27,4.07058497602673,0.266680805116411,21.7912527885386
7.5,27.25,4.06755244948722,0.265440987842756,21.5877105599191
7.5,27.5,4.06441470158267,0.264341611560479,21.391643617277
7.5,27.75,4.06154169595561,0.263447398247769,21.2138476366885
7.5,28,4.05925898065356,0.262810925151274,21.0598470689693
7.5,28.25,4.05782255649381,0.262470869269831,20.9305544023777
7.5,28.5,4.05739742630348,0.262450676308808,20.8231443092369
7.5,28.75,4.05805872082758,0.262758351257316,20.7321664121881
7.5,29,4.05977785163653,0.263386554308258,20.6510132796224
7.5,29.25,4.06243679219453,0.264313821877428,20.573890904532
7.5,29.5,4.06586076666881,0.265506649706218,20.4982860886699
7.5,29.75,4.06984871315453,0.266923172502285,20.4258844328839
7.5,30,4.07420539205519,0.268515534206908,20.3623455061423
7.5,30.25,4.07877029736304,0.270232950064958,20.315890222445
7.5,30.5,4.08347148734627,0.272026920522254,20.2942956346991
7.5,30.75,4.08832148291906,0.273852233462143,20.3026141518798
7.5,31,4.09345479669423,0.275671322763941,20.3422391708593
7.5,31.25,4.09911548306102,0.277455059963176,20.4110114056187
7.5,31.5,4.10567650239715,0.279186165273861,20.5039396046226
7.5,31.75,4.11360089411134,0.280858270437323,20.6141974448209
7.5,32,4.12342269011732,0.282476261257401,20.7341397421649
7.5,32.25,4.13572744645996,0.284056307733631,20.856158943736
7.5,32.5,4.15109824446551,0.285623554077361,20.973297419633
7.5,32.75,4.17007918231877,0.287209991910786,21.0796116607036
7.5,33,4.19314224648619,0.288853066742255,21.170331581372
7.5,33.25,4.22064573570088,0.290592063768321,21.2418759224524
7.5,33.5,4.25278553851994,0.292464657178259,21.2917782267313
7.5,33.75,4.28956346139449,0.294502870912481,21.3185598987
7.5,34,4.33077355312515,0.296730441532978,21.3215714806195
7.5,34.25,4.37597601170362,0.299158598488501,21.3008161416674
7.5,34.5,4.42450037767661,0.301783179605004,21.2567664710591
7.5,34.75,4.47544825563742,0.304581616330129,21.190186774448
7.5,35,4.5277016342584,0.307510807793463,21.1019731104927
7.5,35.25,4.57997664744118,0.310507612889962,20.9930232407431
7.5,35.5,4.63085825479134,0.313489048925549,20.8641480618671
7.5,35.75,4.67885163976648,0.316354455140296,20.7160308380259
7.5,36,4.72244684822886,0.318990585022816,20.54923822443
7.5,36.25,4.76018229569413,0.321276074848214,20.3642821312496
7.5,36.5,4.79072072836706,0.32308994572222,20.1617271983322
7.5,36.75,4.81289843555297,0.324318764857818,19.9423339122639
7.5,37,4.82579557398553,0.324864934502479,19.7072234314525
7.5,37.25,4.82879022889363,0.324655584643966,19.4580422013612
7.5,37.5,4.82158558259678,0.323648280338829,19.1970811778141
7.5,37.75,4.80425758857894,0.321837562449832,18.9272905940419
7.5,38,4.77725648966832,0.319256957202918,18.6521327638905
7.5,38.25,4.74142977652649,0.315980682216416,18.3752610927688
7.5,38.5,4.6980025129962,0.312120797412158,18.1001017430478
7.5,38.75,4.64854701501656,0.307822039226614,17.8294802990629
7.5,39,4.59496461172024,0.30325592682557,17.5654228025446
7.5,39.25,4.53940375860142,0.298610542780191,17.3091688664089
7.5,39.5,4.48420467342904,0.294081866193364,17.0613450072572
7.5,39.75,4.43178720271362,0.289862299851274,16.8222109710609
7.5,40,4.38454725071487,0.286131227491564,16.591900350817
7.5,40.25,4.34472810333198,0.283045765186101,16.370607453407
7.5,40.5,4.31428211618416,0.280732140450638,16.1586955101396
7.5,40.75,4.29477128004752,0.279281689955272,15.9567275579448
7.5,41,4.28726549585731,0.278746824901124,15.7654328141279
7.5,41.25,4.29226842224038,0.279138695332848,15.58562662961
7.5,41.5,4.30970600122978,0.280428880520414,15.4181102873592
7.5,41.75,4.33894827654161,0.282552463303163,15.2635730892705
7.5,42,4.3788477598317,0.285410831735632,15.1225089505281
7.5,42.25,4.42784463030701,0.288878990242286,14.9951555389555
7.5,42.5,4.48405380197087,0.292811087887603,14.8814559412503
7.5,42.75,4.5453674233042,0.297047255191621,14.7810415122214
7.5,43,4.60957212185959,0.301421697182196,14.6932434079305
7.5,43.25,4.67443474503308,0.305768900976446,14.6171394883362
7.5,43.5,4.73779075971544,0.309930246949442,14.5516281582499
7.5,43.75,4.79764292337063,0.313761672913826,14.4954956393919
7.5,44,4.85220369044967,0.317136986434399,14.447466862843
7.5,44.25,4.89996308793942,0.319952909995608,14.4062740761235
7.5,44.5,4.93974611011295,0.322133184943195,14.3707253607749
7.5,44.75,4.97070323490209,0.323627963210376,14.3397499082918
7.5,45,4.9923673578453,0.324417017225924,14.3124166964376
7.5,45.25,5.00460511058064,0.324505710769574,14.2879329920395
7.5,45.5,5.00761158828666,0.32392380036621,14.2656318664341
7.5,45.75,5.00185791611231,0.322721118393965,14.2449568345068
7.5,46,4.98805977628148,0.320964819197428,14.2254491815136
7.5,46.25,4.967082204174,0.318731268900423,14.2067410460667
7.5,46.5,4.9399039326964,0.316103763143381,14.1885548714707
7.5,46.75,4.90753862136909,0.313166555747019,14.1707040584177
7.5,47,4.8709829988956,0.310000809670542,14.1530836773513
7.5,47.25,4.83117527041828,0.306682215057117,14.1356471052272
7.5,47.5,4.78897126421783,0.303279157888992,14.1183904203817
7.5,47.75,4.74513017231615,0.299851907561632,14.1013088957594
7.5,48,4.70032228304637,0.296453324016399,14.0844628765163
7.5,48.25,4.65515294895867,0.293130493607614,14.0679467679415
7.5,48.5,4.61017675670787,0.289925975065847,14.0528501663506
7.5,48.75,4.56593652679596,0.286879617420765,14.0424087570721
7.5,49,4.52299331781365,0.284030897225829,14.0348292680852
7.5,49.25,4.48193810906291,0.281419023144731,14.0287408520614
7.5,49.5,4.44340239416348,0.279083589665383,14.0233277128414
7.5,49.75,4.40805956153803,0.277064302889903,14.0179874053901
7.5,50,4.37659521826424,0.275398842119454,14.0120202844887
7.5,50.25,4.34967724600068,0.27412125758873,14.0043579358043
7.75,15.5,4.83700249273163,0.318472624114243,17.3777674069178
7.75,15.75,4.8760351961981,0.320512526520296,17.4196288926869
7.75,16,4.9154806015801,0.322550665880071,17.4832413572373
7.75,16.25,4.95363708319427,0.324459006031843,17.5685014291122
7.75,16.5,4.98877887773098,0.326107414502408,17.6394199900007
7.75,16.75,5.01923503557173,0.327370362432997,17.7160309624358
7.75,17,5.04346436294293,0.328133679311744,17.7930285883323
7.75,17.25,5.06012196785499,0.328300894242377,17.8739423021314
7.75,17.5,5.06811417291615,0.327798722126171,17.9583415875218
7.75,17.75,5.06663971425134,0.326581315804463,18.0472055716231
7.75,18,5.05521639834249,0.324633008995632,18.140915973109
7.75,18.25,5.03369001835429,0.3219691100685,18.2401078781804
7.75,18.5,5.0022475303561,0.318636438773512,18.3453608973122
7.75,18.75,4.96138473930144,0.314709568610149,18.4572681156458
7.75,19,4.91189448267422,0.310287749551414,18.5762814933817
7.75,19.25,4.85483672242061,0.305490629895544,18.7026035110733
7.75,19.5,4.7915056618297,0.3004524866517,18.8361966899676
7.75,19.75,4.72337893950628,0.295315972338139,18.9766856045645
7.75,20,4.65206737684277,0.29022568070084,19.1232050713399
7.75,20.25,4.57926573048458,0.285321929458732,19.2742502671142
7.75,20.5,4.50668745197987,0.280735124977023,19.4276199444476
7.75,20.75,4.43599506136084,0.27657997325424,19.5805187122348
7.75,21,4.36872076016641,0.272949987213811,19.7298034358921
7.75,21.25,4.3062149957569,0.269915169861146,19.8722869552596
7.75,21.5,4.2495849749361,0.267518806542055,20.0050130789922
7.75,21.75,4.19962902928199,0.265775082201047,20.1255489592953
7.75,22,4.15682886513354,0.264670066146399,20.2323933048907
7.75,22.25,4.12134574356778,0.264162898987994,20.3254624980003
7.75,22.5,4.09303825354677,0.264188412324759,20.4064322605097
7.75,22.75,4.07149299171896,0.264660847379278,20.4788335463327
7.75,23,4.05609672577388,0.265479955689271,20.5478739329523
7.75,23.25,4.04608113273629,0.266535804536047,20.6199620977245
7.75,23.5,4.04058854128819,0.267715444116273,20.7020196461241
7.75,23.75,4.03872256971335,0.268908906707975,20.8008754728129
7.75,24,4.03959963200939,0.270015306879851,20.9229154623635
7.75,24.25,4.04238792624636,0.27094803815887,21.0739278809901
7.75,24.5,4.0463258763625,0.271638081189109,21.2589015366009
7.75,24.75,4.05074397419592,0.272037171735722,21.48134352135
7.75,25,4.05508948021004,0.272119806057858,21.7412994742425
7.75,25.25,4.0589245688112,0.271882492691132,22.0305246667175
7.75,25.5,4.06193818950826,0.271343132409059,22.3226552280878
7.75,25.75,4.06394969087113,0.270538963416214,22.5596879040606
7.75,26,4.06490538640774,0.269523146934549,22.6581370694098
7.75,26.25,4.06485859981564,0.268360316735795,22.6102683912101
7.75,26.5,4.06398336348088,0.267124045046093,22.4351952889786
7.75,26.75,4.06252163898091,0.265889941705483,22.1954684473185
7.75,27,4.06078603854989,0.264734042861048,21.9261668582302
7.75,27.25,4.05911581156207,0.263727019831988,21.656524877263
7.75,27.5,4.05782794991887,0.262929930151134,21.407660429759
7.75,27.75,4.05721206463655,0.262393193631239,21.1921786123232
7.75,28,4.05748468303284,0.262152948487087,21.0152108854955
7.75,28.25,4.05877262231584,0.262230197054548,20.8756648392473
7.75,28.5,4.06110280477506,0.26263046340036,20.7674128822349
7.75,28.75,4.06441474099553,0.263344612874638,20.6806093083257
7.75,29,4.06856226379449,0.264349955470753,20.6034230896725
7.75,29.25,4.07333891781341,0.265612339765317,20.5246951373896
7.75,29.5,4.07851649020934,0.2670888590466,20.439601290411
7.75,29.75,4.08387973788005,0.268731779921017,20.3504444333086
7.75,30,4.08925859243074,0.270491185766067,20.2663918782301
7.75,30.25,4.09455452519942,0.272318015685643,20.2019724809694
7.75,30.5,4.09978272256186,0.274168557613828,20.1703186350357
7.75,30.75,4.10506446550259,0.276005329435962,20.1793326312758
7.75,31,4.11065012989064,0.277800417105837,20.2308320500169
7.75,31.25,4.11690033636313,0.279535806316687,20.3212742660577
7.75,31.5,4.12429052036696,0.281205612566415,20.4431861609534
7.75,31.75,4.13336814868444,0.282814722300293,20.5868319291571
7.75,32,4.14472589341328,0.284378396171718,20.7417746304044
7.75,32.25,4.15897494434566,0.285921598143656,20.89808569211
7.75,32.5,4.17669100802504,0.287476376983748,21.0471108875726
7.75,32.75,4.19837595716733,0.289079386036947,21.1818352360778
7.75,33,4.22442382466522,0.290769996838744,21.296955068333
7.75,33.25,4.25508187372524,0.292586593780248,21.3887735713692
7.75,33.5,4.29040803194792,0.294563021372743,21.4550083862997
7.75,33.75,4.33024518204426,0.296724615430077,21.4945618450593
7.75,34,4.37421239616997,0.299085473220787,21.5072755597448
7.75,34.25,4.42168918990282,0.301644588907324,21.4936788269587
7.75,34.5,4.47182742746308,0.304383403917247,21.4547394584209
7.75,34.75,4.52356488189203,0.307263514471633,21.3916301359971
7.75,35,4.57564674205618,0.310225577159819,21.3055239631856
7.75,35.25,4.62668501292596,0.313190720152649,21.1974319078378
7.75,35.5,4.6752039295123,0.316062196807199,21.0680946956823
7.75,35.75,4.71969828541054,0.31872897437138,20.9179381707865
7.75,36,4.7587009677598,0.321071932060603,20.7470992400382
7.75,36.25,4.79084822431169,0.322969698386167,20.5555241498345
7.75,36.5,4.8149513694797,0.324307607599848,20.3431358567104
7.75,36.75,4.83004407696568,0.324985302697978,20.1100645797527
7.75,37,4.83544370571417,0.324924766865251,19.8569353510807
7.75,37.25,4.83079557565717,0.324078180930949,19.5851922097308
7.75,37.5,4.81609325948742,0.322432521448982,19.2973922343971
7.75,37.75,4.79171165979736,0.320014013469685,18.9973483106442
7.75,38,4.75840062339243,0.316888266095908,18.6899689250148
7.75,38.25,4.71729287060099,0.313159507765634,18.3807145469691
7.75,38.5,4.66987412346729,0.308965736167615,18.0747981710897
7.75,38.75,4.61794152832866,0.304471747474,17.7764583156623
7.75,39,4.56356765574373,0.299861580048578,17.4885822108796
7.75,39.25,4.50900929850815,0.295327670860973,17.2127508715024
7.75,39.5,4.45663426540975,0.291061655924827,16.9495610913497
7.75,39.75,4.40880044177354,0.287243402955506,16.699033248369
7.75,40,4.36774387771662,0.28403236435329,16.4609702751382
7.75,40.25,4.33545068820684,0.281559644885716,16.2352058766495
7.75,40.5,4.31353098388266,0.279921273346771,16.0217290078718
7.75,40.75,4.30313561482786,0.2791757030092,15.8207074134266
7.75,41,4.30488335860289,0.279341736028443,15.6324443865127
7.75,41.25,4.31882215512433,0.280398189431159,15.4573020589419
7.75,41.5,4.34444739341918,0.282286948851999,15.2956219954958
7.75,41.75,4.38075142035052,0.284917315638251,15.1476613982322
7.75,42,4.42628449572988,0.288170052845941,15.0135473965392
7.75,42.25,4.47926699066613,0.291905079724016,14.8932435280982
7.75,42.5,4.53768120364888,0.295967519696177,14.7865158091345
7.75,42.75,4.59937138575798,0.300194635484737,14.6928929179939
7.75,43,4.6621516548529,0.304423577783078,14.6116404761023
7.75,43.25,4.72388600011971,0.308497380599068,14.5417881922908
7.75,43.5,4.78256733417467,0.312270944054321,14.4822204444093
7.75,43.75,4.83640291898863,0.315617632154655,14.43173140268
7.75,44,4.88385151184643,0.318431992430112,14.3890167017773
7.75,44.25,4.9236772331254,0.320633539109998,14.3527574751206
7.75,44.5,4.95499207616771,0.322169504179329,14.3217213157214
7.75,44.75,4.97723895708905,0.323013388473932,14.2948221412338
7.75,45,4.99022551797189,0.323166422540461,14.271136346978
7.75,45.25,4.99406960406568,0.322653008071508,14.2498914170318
7.75,45.5,4.98917793886322,0.321518396646895,14.2304429167608
7.75,45.75,4.97618664492746,0.319823904054628,14.2122508613167
7.75,46,4.95592019109116,0.317643563735899,14.1948628236489
7.75,46.25,4.92930191532408,0.31505676587537,14.1779093688404
7.75,46.5,4.89731733983875,0.312145947381111,14.1611151378908
7.75,46.75,4.86094654736649,0.308991614023849,14.1443174213308
7.75,47,4.82112478085116,0.305669384063025,14.1274604633279
7.75,47.25,4.77871467115418,0.302248557701516,14.1105373678443
7.75,47.5,4.73449709727824,0.298791382651516,14.0936030204698
7.75,47.75,4.68917099433805,0.295353177529568,14.0765489694467
7.75,48,4.64337071451225,0.291983573623469,14.0594136992154
7.75,48.25,4.59769555294671,0.288728410225235,14.0411489747521
7.75,48.5,4.55272685014082,0.285630961069376,14.0222017665474
7.75,48.75,4.50906027927504,0.282733296551666,14.0155585967491
7.75,49,4.46732667663206,0.280077796028589,14.0122040908869
7.75,49.25,4.42819196089412,0.277706558480563,14.0098877110574
7.75,49.5,4.39235236971028,0.275661046301193,14.0079062695319
7.75,49.75,4.36051995741397,0.273980951368804,14.0058542153093
7.75,50,4.33338190438861,0.272701574076079,14.0030179107112
8,14.75,4.76773315351363,0.314704755518592,17.1461816040503
8,15,4.8010024569318,0.316314769961553,17.1940414224111
8,15.25,4.83792644110049,0.318164636671869,17.2587494891191
8,15.5,4.87714207454806,0.320154514297762,17.3359286242745
8,15.75,4.91709264148363,0.322169591100138,17.3962857251655
8,16,4.95609680397338,0.324085135127589,17.4592010341847
8,16.25,4.99242640113428,0.325772527258167,17.5283248336018
8,16.5,5.02438722837055,0.327105916520927,17.5965668079359
8,16.75,5.0503972337253,0.327969054867924,17.6674872302742
8,17,5.06905735251004,0.328261839637999,17.7412138190806
8,17.25,5.07921109649013,0.327906089759814,17.8190394628114
8,17.5,5.079990375053,0.326850149320112,17.901549488639
8,17.75,5.07084622675381,0.325072005221221,17.9894651505701
8,18,5.05156441112021,0.322580734253108,18.0834019773418
8,18.25,5.02226400060186,0.319415996593452,18.184031644891
8,18.5,4.98339740213369,0.315647022423637,18.2920503440883
8,18.75,4.93571230237257,0.311367968658232,18.4081693850925
8,19,4.88022902699809,0.306693727129894,18.5330359572291
8,19.25,4.81820276531124,0.301754805269732,18.6671268982162
8,19.5,4.75108208011748,0.296691071174387,18.8106249532959
8,19.75,4.6804522827464,0.291645294582193,18.9632188824304
8,20,4.60797854744712,0.286756738929151,19.1238473642122
8,20.25,4.53534934486762,0.28215518150888,19.290462850956
8,20.5,4.4642091703407,0.277955752648464,19.4599468483533
8,20.75,4.39608826587399,0.274253850419039,19.6283035721012
8,21,4.33233071237585,0.271120749078455,19.7911305751714
8,21.25,4.27405023473096,0.268602059238832,19.9441347537206
8,21.5,4.22208470418616,0.266715820489759,20.0834054852205
8,21.75,4.17695497105697,0.265451633430454,20.2056173177269
8,22,4.13887481478553,0.264772723728828,20.3085447516106
8,22.25,4.10776804504498,0.264618456292032,20.3918967342959
8,22.5,4.08330233469016,0.264908051149611,20.4578246346742
8,22.75,4.06493183582567,0.265545275374902,20.5110485079791
8,23,4.05196835163475,0.266424893874798,20.558659590092
8,23.25,4.04362568553512,0.267437908948124,20.6094480699052
8,23.5,4.03907659451518,0.268478014796419,20.6727444978491
8,23.75,4.03749354596236,0.269447134592374,20.7575542866837
8,24,4.03808876241341,0.270260679727026,20.8723471591591
8,24.25,4.04014229457176,0.270851640027733,21.0253748471257
8,24.5,4.04301525670767,0.27117286950559,21.2252057800054
8,24.75,4.04616512464863,0.27119886361529,21.4810867014168
8,25,4.04916481174133,0.27092640736986,21.8022462170469
8,25.25,4.05169991134164,0.270372795072337,22.1932554844888
8,25.5,4.05357724858305,0.269574100616415,22.6366913875732
8,25.75,4.05472441932199,0.268582197405135,23.0438513224295
8,26,4.05518237599722,0.267460763029749,23.1812947200577
8,26.25,4.05508319755983,0.266280575153102,23.092175924731
8,26.5,4.05465191778019,0.2651164483274,22.7875357246011
8,26.75,4.05415463354197,0.26404090172534,22.436279959301
8,27,4.05389163899426,0.263122331361921,22.0620919995164
8,27.25,4.05415361215855,0.26242005830041,21.7045857506651
8,27.5,4.05517773378227,0.261980952393268,21.39009748107
8,27.75,4.05714243950702,0.261838888578768,21.1319042559656
8,28,4.06013421933118,0.262012387065248,20.933335873594
8,28.25,4.06414230286335,0.262504725653337,20.7899533690358
8,28.5,4.06906132309936,0.26330459294214,20.690910612943
8,28.75,4.07471483924522,0.264387835318189,20.6202135454381
8,29,4.08087019495938,0.265719405788843,20.5582099875999
8,29.25,4.08727138866525,0.267256089836516,20.4828333627854
8,29.5,4.09367957269793,0.268949571317802,20.386214963361
8,29.75,4.09990755136398,0.270750331278891,20.2715269344831
8,30,4.10584824862636,0.272610267227607,20.1528655757129
8,30.25,4.11149523531341,0.274485434507478,20.0576638633791
8,30.5,4.11697208907276,0.276339678892114,20.0081376807326
8,30.75,4.1225195862703,0.278145202696681,20.0158567896821
8,31,4.12850493337409,0.279884882237213,20.0823391013455
8,31.25,4.135396667813,0.281552101955264,20.2012423371055
8,31.5,4.14375661760254,0.283151942549429,20.3609620756592
8,31.75,4.15419421551096,0.284699469741931,20.5473195041961
8,32,4.16733380928385,0.28621874003003,20.7459194726823
8,32.25,4.18378285272366,0.287741572864221,20.943810188506
8,32.5,4.20407920242792,0.289304717390986,21.1303600345661
8,32.75,4.22865258494816,0.290947109013523,21.2975062782716
8,33,4.2577913446698,0.292707586887803,21.4396130970791
8,33.25,4.29160745048982,0.29462114213428,21.553147111983
8,33.5,4.33000108084126,0.296715323653614,21.6363036211107
8,33.75,4.3726419818684,0.299006406654531,21.688643207325
8,34,4.41896716768932,0.301496711269464,21.7107481658571
8,34.25,4.46817641329004,0.304171241667281,21.7038902154216
8,34.5,4.51925363984943,0.306995846762222,21.669710035324
8,34.75,4.57099172524906,0.309915856260086,21.6099233580196
8,35,4.62202642163383,0.312856181222032,21.5260681272002
8,35.25,4.67090109324921,0.31572382593693,21.4193033116773
8,35.5,4.71612074753596,0.318411029962026,21.2902715989464
8,35.75,4.75621495911537,0.320800229099739,21.1390395431224
8,36,4.78980590921872,0.322771225608216,20.9651297375051
8,36.25,4.81567243694791,0.324208056609085,20.7676529941436
8,36.5,4.83281537541569,0.325008057013477,20.5455402477901
8,36.75,4.84050028042358,0.325089409472722,20.2978756281074
8,37,4.8383082527269,0.324398424045268,20.0243510366163
8,37.25,4.82616941177626,0.322915927336624,19.725849741413
8,37.5,4.8043749495159,0.320660319634812,19.4050804445314
8,37.75,4.77359588379777,0.317689728272363,19.067035470311
8,38,4.73486799904806,0.314100120906773,18.7189026413031
8,38.25,4.68958507833527,0.310022178992735,18.3691280951567
8,38.5,4.63945838141293,0.305614655429567,18.0258206740174
8,38.75,4.58646324955178,0.301055965294955,17.6953146547196
8,39,4.53278595168626,0.296535475604541,17.3814955191396
8,39.25,4.48072317188292,0.292242529886307,17.0860206110239
8,39.5,4.43259370664524,0.288357283095134,16.8090034897985
8,39.75,4.39061257633559,0.2850407114206,16.5497403198107
8,40,4.35677715294033,0.282427164995461,16.3072674704381
8,40.25,4.3327475732994,0.280618054406516,16.0806952657889
8,40.5,4.31974054043357,0.279677131507219,15.8693444912393
8,40.75,4.31846922823435,0.279629576093687,15.6727515640489
8,41,4.32910263417073,0.280461784998441,15.4906093369052
8,41.25,4.35126095931476,0.282122820406015,15.3226939917674
8,41.5,4.38405971610432,0.284528624543999,15.1688099807462
8,41.75,4.42617979768517,0.287567350708542,15.0287639617305
8,42,4.47594305035818,0.291104331550752,14.9023588181605
8,42.25,4.53142505071601,0.294989896148131,14.7893855461611
8,42.5,4.59054652383964,0.299065648320303,14.6895808019848
8,42.75,4.65116782659891,0.303171253138674,14.6025297830286
8,43,4.71118657419737,0.307151642152262,14.5275486643914
8,43.25,4.7686109116754,0.310862564810179,14.46366454827
8,43.5,4.82162908819571,0.314175786945011,14.4098077694161
8,43.75,4.86868165212088,0.316984511443249,14.3648791914368
8,44,4.90849179222997,0.319205350592472,14.3275285197558
8,44.25,4.94010472751024,0.320780814800844,14.2963236858349
8,44.5,4.96291473688087,0.321680722858402,14.2699440468678
8,44.75,4.97663980923899,0.321899940664327,14.2472665600806
8,45,4.98133431608675,0.321458319631025,14.2273709932231
8,45.25,4.97732919685185,0.320395752783776,14.2095082793188
8,45.5,4.96519806347815,0.318769059616399,14.1930592596323
8,45.75,4.94569410098983,0.316647051896662,14.177496905836
8,46,4.91970435524333,0.314106996565458,14.1623601030797
8,46.25,4.88816941142295,0.311228231808195,14.1472492452167
8,46.5,4.85205024354903,0.308090158761045,14.131858635687
8,46.75,4.81227453709928,0.304768405716045,14.116046536133
8,47,4.76971111001258,0.301332975140868,14.099861023193
8,47.25,4.72515613977789,0.297847713794268,14.0833185329267
8,47.5,4.67933687218333,0.294370456820992,14.0667594253475
8,47.75,4.63292216958232,0.290953782229421,14.0496423756362
8,48,4.58654516121642,0.287646450334574,14.033227675285
8,48.25,4.54083303684588,0.284495175861318,14.0126098326407
8.25,12.25,4.72397116031565,0.317532463795293,15.590243835781
8.25,12.5,4.70864454028265,0.315924505409087,15.7168688337052
8.25,12.75,4.69718320864775,0.314522794755592,15.8862478384813
8.25,13,4.69028417104928,0.313393106328318,16.0681997800153
8.25,13.25,4.68857787422261,0.312592435106623,16.2493291356025
8.25,13.5,4.69257808411994,0.312165808120105,16.4224962471193
8.25,13.75,4.70262906056922,0.312143216260854,16.5835995150568
8.25,14,4.7188550872485,0.312536833213883,16.7305932443751
8.25,14.25,4.7411178289426,0.313338723610115,16.863323411481
8.25,14.5,4.76898712709784,0.314519297167402,16.9839212740147
8.25,14.75,4.80172963492755,0.316026747758867,17.0983388913348
8.25,15,4.83831816234769,0.317787702947859,17.1755476264615
8.25,15.25,4.87746231440985,0.319709227474224,17.2438649935842
8.25,15.5,4.91765872139628,0.321682222210139,17.3095668213784
8.25,15.75,4.95725728501696,0.323586140622596,17.3689794730481
8.25,16,4.9945381654258,0.3252947925158,17.4275660325918
8.25,16.25,5.02779377017493,0.326682901246583,17.4881732075775
8.25,16.5,5.05540978713235,0.327632973750503,17.5504998524977
8.25,16.75,5.07593988703835,0.328041990311568,17.6159417813386
8.25,17,5.08816986113491,0.327827435946513,17.6854132731859
8.25,17.25,5.09116797259033,0.326932224920054,17.7599025348301
8.25,17.5,5.08431985606272,0.325328178934425,17.8401916155567
8.25,17.75,5.06734746698603,0.323017835638313,17.9270233354092
8.25,18,5.04031282067375,0.320034509381527,18.0211194839195
8.25,18.25,5.00360582988981,0.316440473493524,18.1232520531852
8.25,18.5,4.95793160124945,0.312324515243976,18.2342682598098
8.25,18.75,4.90426629726848,0.307796512944682,18.3550895751443
8.25,19,4.84382438144074,0.302982358365463,18.4866576774272
8.25,19.25,4.77801339607918,0.298018248939322,18.6298150341675
8.25,19.5,4.70838483721169,0.293044215037184,18.7850962798723
8.25,19.75,4.63657279604351,0.288197721342592,18.9523959231817
8.25,20,4.56423254099536,0.283607555281342,19.13052897569
8.25,20.25,4.4929802506875,0.279388350933237,19.3167945435243
8.25,20.5,4.42432764939112,0.275636127568737,19.5067793799322
8.25,20.75,4.35961691593693,0.272424141605645,19.6947032631433
8.25,21,4.29996134762968,0.269799727447761,19.8743899583922
8.25,21.25,4.24621390939888,0.267783705985066,20.0402846683556
8.25,21.5,4.19894104396949,0.266369829384439,20.1875143554689
8.25,21.75,4.15840576147263,0.265525371474193,20.3115772165519
8.25,22,4.12459358291954,0.265194217162753,20.408927840057
8.25,22.25,4.09724527613315,0.265300499194511,20.4787658527692
8.25,22.5,4.07590012365614,0.265753163200294,20.5237103658938
8.25,22.75,4.05994292666517,0.266451288537065,20.5498762572246
8.25,23,4.04866861296245,0.267290575237167,20.5668240362399
8.25,23.25,4.04132134531311,0.268168622450808,20.5867428501709
8.25,23.5,4.03714051659702,0.268990837937527,20.6220959270307
8.25,23.75,4.03539145496946,0.269675221728686,20.6841792407412
8.25,24,4.0353953610763,0.270156565219805,20.7831944906429
8.25,24.25,4.03654906590467,0.270389313388141,20.9293473513279
8.25,24.5,4.03833486922436,0.270348734777039,21.134501945477
8.25,24.75,4.04033156932016,0.270031357926164,21.4144717148541
8.25,25,4.04222932377062,0.269454361750553,21.792512686759
8.25,25.25,4.0438261360544,0.268652893079179,22.3036703271552
8.25,25.5,4.04503258451808,0.267677413718585,22.9891724533121
8.25,25.75,4.04586663966989,0.26659003258674,23.8030619574487
8.25,26,4.04644122223297,0.265460153788975,23.9368240644355
8.25,26.25,4.04693851172235,0.264359734599284,23.7947512642769
8.25,26.5,4.04760126529265,0.263360006377887,23.1893993010762
8.25,26.75,4.04868225490881,0.26252588391669,22.7016205741775
8.25,27,4.05043108796278,0.261914230224348,22.1820091023752
8.25,27.25,4.05305401677218,0.261569914495008,21.70995870805
8.25,27.5,4.05667845678173,0.261523451413053,21.3166859741338
8.25,27.75,4.06135219639905,0.261791121332664,21.0128043220744
8.25,28,4.0670249495624,0.262373902904999,20.7974360522359
8.25,28.25,4.07355554296799,0.263258536532943,20.6612688762676
8.25,28.5,4.08072698911557,0.264419086705411,20.5874141854882
8.25,28.75,4.08827891676652,0.265819436035887,20.5522866563597
8.25,29,4.09593167418926,0.267415844808364,20.5273129378424
8.25,29.25,4.10342237746522,0.269160023658105,20.4632142303487
8.25,29.5,4.11054344733643,0.27100227407905,20.3522560506149
8.25,29.75,4.11717304486738,0.272895093084676,20.198554725154
8.25,30,4.12329695276932,0.274795511179152,20.0186137817822
8.25,30.25,4.12902120700755,0.276667331947276,19.8709426497471
8.25,30.5,4.13458855439117,0.278483840817521,19.7921221727697
8.25,30.75,4.14035981158287,0.280227953968238,19.7967782378878
8.25,31,4.14681076064026,0.281893589546468,19.8839578826246
8.25,31.25,4.15450150842403,0.283485037374664,20.041948203371
8.25,31.5,4.16405818821522,0.285017279783419,20.2523627232488
8.25,31.75,4.1761254921645,0.286514014630573,20.4942802586826
8.25,32,4.19132992675545,0.288006197816139,20.7477722256465
8.25,32.25,4.21024479601162,0.289530378503127,20.9960960712615
8.25,32.5,4.23333990452327,0.291125711922695,21.2265194413257
8.25,32.75,4.26094431422593,0.292831010379023,21.4301997177105
8.25,33,4.29321535394519,0.294682139601279,21.6016054509322
8.25,33.25,4.33010881352525,0.296708260405535,21.7378262131375
8.25,33.5,4.37135170412057,0.298928266520701,21.8379469095965
8.25,33.75,4.4164318598993,0.301347187393626,21.9025355366838
8.25,34,4.46460361875268,0.303953732403155,21.9332126778438
8.25,34.25,4.51489527566777,0.306717613446619,21.93224676034
8.25,34.5,4.56614044066809,0.309588516719608,21.902161005392
8.25,34.75,4.61701395336847,0.312495866789673,21.8453780829966
8.25,35,4.6660768534884,0.315350256559777,21.7639183796905
8.25,35.25,4.71184541994162,0.318047172119996,21.6591531271859
8.25,35.5,4.75285117412855,0.320471569447211,21.5316204157875
8.25,35.75,4.78770566050297,0.322504047198175,21.3809258820503
8.25,36,4.81516637028665,0.324028740744789,21.2057599497347
8.25,36.25,4.83419670547398,0.324940791024907,21.0040531657446
8.25,36.5,4.84402299951179,0.325155091643756,20.773267974436
8.25,36.75,4.84417045316202,0.324613264838047,20.5108258286128
8.25,37,4.83450237938539,0.323289711703911,20.2147544719726
8.25,37.25,4.8152422781061,0.321196162374536,19.8846612286933
8.25,37.5,4.78697674988404,0.318382872080216,19.5230037853506
8.25,37.75,4.75066037808524,0.314938394355566,19.1362935606682
8.25,38,4.70759141141154,0.310985681522539,18.7353848421816
8.25,38.25,4.65939061221536,0.306676849692187,18.3338609290967
8.25,38.5,4.60794966568356,0.302185084987594,17.9446602766206
8.25,38.75,4.55536571600016,0.297695259077988,17.5771945949549
8.25,39,4.50387231771199,0.293394626884155,17.2362059506894
8.25,39.25,4.45573091857492,0.289462222892758,16.9226439174148
8.25,39.5,4.41313186882227,0.286060262779549,16.6352049731085
8.25,39.75,4.37806917288082,0.283325527353058,16.3716394917995
8.25,40,4.3522322625851,0.281363422704295,16.1295936871555
8.25,40.25,4.33690287394782,0.280243469700511,15.9070186434657
8.25,40.5,4.3328749284037,0.279996599023833,15.7022729519654
8.25,40.75,4.34042175295605,0.280615795916949,15.514064483895
8.25,41,4.35928733221567,0.282057569245757,15.3413461261502
8.25,41.25,4.3887114178334,0.284244900254968,15.1832324664794
8.25,41.5,4.42749333206939,0.287072366768196,15.0389630375812
8.25,41.75,4.47407493777808,0.290412151960852,14.9079128374471
8.25,42,4.52662362195579,0.294119609075746,14.7896321522701
8.25,42.25,4.58314088549999,0.298040953725171,14.6838771870601
8.25,42.5,4.64154996002625,0.302019503009797,14.5905654456312
8.25,42.75,4.69978309240866,0.30590209056061,14.5095825772687
8.25,43,4.75586868528084,0.309545557094853,14.4404499178577
8.25,43.25,4.80799713227927,0.312821663257977,14.3821269413101
8.25,43.5,4.85458060344895,0.31562138072818,14.3336202967576
8.25,43.75,4.89431179520477,0.317859071638302,14.2942333909839
8.25,44,4.92618590856333,0.319473615460365,14.2624641842994
8.25,44.25,4.9495252785541,0.32042963453305,14.2366035641828
8.25,44.5,4.96399093199823,0.320717651674152,14.215155682603
8.25,44.75,4.96954874599643,0.320351119384743,14.1969386967851
8.25,45,4.9664638745967,0.319365128837155,14.1810447134798
8.25,45.25,4.95523725341055,0.317811286497014,14.166765784505
8.25,45.5,4.93656330426224,0.315754162057515,14.1535231856936
8.25,45.75,4.91126707192656,0.313266525119832,14.1408076344458
8.25,46,4.88025869842628,0.310425977707992,14.1281330484923
8.25,46.25,4.84446522773887,0.307309708184312,14.1150180329206
8.25,46.5,4.80480456306876,0.303993008475635,14.1010413567829
8.25,46.75,4.76214712007904,0.300546602342033,14.0860507199778
8.25,47,4.71730391011006,0.29703578807516,14.0704252069159
8.25,47.25,4.67102525019512,0.293520637206803,14.0538422338368
8.25,47.5,4.62401403345151,0.290056713945347,14.0381664224436
8.25,47.75,4.57694254904972,0.286696104990154,14.0196601889218
8.25,48,4.53047546159502,0.283488711605981,14.0089693509898
8.5,11.25,4.78118705743264,0.322640915717679,14.5564728080966
8.5,11.5,4.76072643690066,0.32100335739664,14.7081792561914
8.5,11.75,4.74178323270693,0.319331073149663,14.9251710155026
8.5,12,4.72497629777553,0.317692662914194,15.1785907671966
8.5,12.25,4.71097129348028,0.316158377913269,15.4637671067366
8.5,12.5,4.70045959746,0.314797338953178,15.6758881068037
8.5,12.75,4.69412720951913,0.313674603884733,15.8752563948162
8.5,13,4.69261413642981,0.312848119283078,16.0698026729585
8.5,13.25,4.69646583662581,0.312365581142445,16.257069032075
8.5,13.5,4.70608021393884,0.312261313706626,16.4333309781424
8.5,13.75,4.72165474387128,0.312553313379628,16.5955928150709
8.5,14,4.7431395183722,0.313240680974472,16.7420477862904
8.5,14.25,4.77020183827484,0.314301687451256,16.8721693003374
8.5,14.5,4.80220771604972,0.315692766958449,16.9865052302318
8.5,14.75,4.83822374353389,0.31734867173952,17.0854677469084
8.5,15,4.87704091423306,0.31918398646684,17.1637689740272
8.5,15.25,4.91721942989497,0.32109607791383,17.2295181391072
8.5,15.5,4.95715127589926,0.322969429038829,17.2879583145275
8.5,15.75,4.99513582869591,0.32468117808401,17.3413035838793
8.5,16,5.02946232491562,0.326107521717239,17.3930219137572
8.5,16.25,5.05849318913794,0.327130566384579,17.4457942957909
8.5,16.5,5.08074232595427,0.327645127949562,17.501125179495
8.5,16.75,5.09494343800824,0.327564965753094,17.5604556848862
8.5,17,5.10010491662131,0.326828003377072,17.6249525070381
8.5,17.25,5.09554887938292,0.325400144114567,17.6956233802275
8.5,17.5,5.08093366041318,0.32327743696613,17.773322477725
8.5,17.75,5.05626008717227,0.320486476536813,17.8588385696846
8.5,18,5.02186303478007,0.317083072740848,17.952967639022
8.5,18.25,4.97838852928362,0.313149198441805,18.0565904830227
8.5,18.5,4.92676911915023,0.308789307493264,18.1707314991958
8.5,18.75,4.86817376560923,0.304124309259301,18.2965889523509
8.5,19,4.80396611204403,0.299285882102535,18.4355107324949
8.5,19.25,4.73565286152949,0.294410463983795,18.5888754150301
8.5,19.5,4.6648287912252,0.289632845382459,18.757818636287
8.5,19.75,4.59311279743013,0.285080099393819,18.9427370569048
8.5,20,4.52208523668194,0.2808660241899,19.1425509089946
8.5,20.25,4.45322858505912,0.277086408648902,19.3538532186258
8.5,20.5,4.38786871070637,0.273815463371107,19.5703627211155
8.5,20.75,4.32712055420181,0.271102782079276,19.7834286425996
8.5,21,4.27184542800337,0.268971487607067,19.9841467934161
8.5,21.25,4.22263560435244,0.267418677530222,20.1658545146644
8.5,21.5,4.17980780876555,0.266416184982179,20.3232870277423
8.5,21.75,4.14340737130159,0.265912486738797,20.4504331278839
8.5,22,4.11324579922851,0.265836671652291,20.54088963082
8.5,22.25,4.08894243064889,0.266102927724404,20.5928938811263
8.5,22.5,4.06997031481644,0.266615652202059,20.6095615258176
8.5,22.75,4.05570122033952,0.267275035868992,20.5984262388574
8.5,23,4.04546000608993,0.267983270858934,20.5722082660362
8.5,23.25,4.03855594960637,0.268649508712023,20.5486716428723
8.5,23.5,4.03431774138816,0.269194950905364,20.5446870319333
8.5,23.75,4.03211551753407,0.269556661991684,20.5736682250746
8.5,24,4.03138296433765,0.269690575508497,20.6464252616183
8.5,24.25,4.031631455537,0.269573087362314,20.7734948963741
8.5,24.5,4.03245802403499,0.269201100549325,20.9678181951047
8.5,24.75,4.03355359059482,0.26859123248873,21.2483901566296
8.5,25,4.03471414004886,0.267778101087386,21.6483200946901
8.5,25.25,4.03583579162305,0.266810908965869,22.239095764764
8.5,25.5,4.0369147412214,0.265750086340311,23.2149354716366
8.5,26.5,4.04342119061755,0.261935471212087,23.4761699374814
8.5,26.75,4.04658827243977,0.261409965739622,23.0005509302361
8.5,27,4.05074370736183,0.26115592038047,22.2556345424837
8.5,27.25,4.0559811948138,0.26120172631601,21.6379940585311
8.5,27.5,4.06230006697341,0.261560581781153,21.1558134770437
8.5,27.75,4.06961236761273,0.262231379849691,20.8076101555751
8.5,28,4.07773971787664,0.263198858952427,20.5849969551528
8.5,28.25,4.08643228606037,0.264435515530896,20.4728004220038
8.5,28.5,4.0953939772418,0.26590390248027,20.4472198239848
8.5,28.75,4.10432034737758,0.267559626596751,20.4755106160458
8.5,29,4.11292743838033,0.26935423835305,20.5360350620159
8.5,29.25,4.12098681308746,0.27123835445607,20.4910040904547
8.5,29.5,4.12835880441909,0.273164602120996,20.3621431037756
8.5,29.75,4.13501611790159,0.275090711852132,20.1539108067304
8.5,30,4.14105742263663,0.276981385203979,19.8556838463473
8.5,30.25,4.14671118813458,0.278809915013723,19.6198697166612
8.5,30.5,4.1523400002859,0.28055998709431,19.4973549660031
8.5,30.75,4.15841620352443,0.282225394272294,19.4995192689355
8.5,31,4.16550826435926,0.283810590650402,19.6181776210723
8.5,31.25,4.17424560297998,0.285329674683784,19.8322090034754
8.5,31.5,4.18529233443712,0.286806022473512,20.1123837444005
8.5,31.75,4.19929908662235,0.288270123656716,20.4276336611727
8.5,32,4.21686384662032,0.289757766658781,20.7504610449919
8.5,32.25,4.23849543940519,0.291308021655965,21.059683400528
8.5,32.5,4.26456660622118,0.29296012854711,21.3407598983427
8.5,32.75,4.29527942112101,0.294750378483274,21.5847951327941
8.5,33,4.33063804833183,0.29670925908885,21.7871641943334
8.5,33.25,4.37042543241733,0.298857745649256,21.9462723837788
8.5,33.5,4.41418534356306,0.301203875701471,22.0626227892752
8.5,33.75,4.46122143766205,0.30373952463921,22.13818614779
8.5,34,4.51061226836159,0.306438388968988,22.175947459565
8.5,34.25,4.56123108872755,0.309254194338648,22.1794584702153
8.5,34.5,4.61178718384369,0.312120682528662,22.1523659390251
8.5,34.75,4.66087203454179,0.314952669155884,22.0979956815022
8.5,35,4.70701332667751,0.317648877639318,22.0190107464417
8.5,35.25,4.74874654081136,0.320096892729138,21.917113352593
8.5,35.5,4.78467787631431,0.322179011832159,21.7927838418412
8.5,35.75,4.81354793291179,0.323779355477957,21.6450930625951
8.5,36,4.83429288386182,0.324792130537398,21.471661280632
8.5,36.25,4.84609777151056,0.325129199427352,21.2688198412804
8.5,36.5,4.84844359475765,0.324728049307756,21.0319579661109
8.5,36.75,4.84113473953856,0.323557689214655,20.7559746992758
8.5,37,4.82432604151973,0.321623054641984,20.4360582152256
8.5,37.25,4.79853325237396,0.318967449762291,20.069156319878
8.5,37.5,4.76462628566295,0.315671704572528,19.6563639133355
8.5,37.75,4.72382074730198,0.311851634670915,19.2058241642033
8.5,38,4.6776438819143,0.307652297112006,18.7343850010671
8.5,38.25,4.62789935573802,0.303241030346826,18.2649702368883
8.5,38.5,4.57660442448202,0.298798355031733,17.8188473362045
8.5,38.75,4.52591283044494,0.294508138260425,17.4098603996962
8.5,39,4.47803221682151,0.290548272550439,17.0425641778233
8.5,39.25,4.43511057615275,0.287080918961881,16.7152973752234
8.5,39.5,4.39913263954762,0.284244935384159,16.4236192611508
8.5,39.75,4.37180210071593,0.282148931142062,16.1624997930707
8.5,40,4.35444682799947,0.28086702824658,15.9274366144153
8.5,40.25,4.34793884914533,0.280436214552202,15.7148157820097
8.5,40.5,4.35264392805375,0.280855551515232,15.5218426034466
8.5,40.75,4.36841681965575,0.282088249262065,15.346316274694
8.5,41,4.39462088963142,0.284064559435754,15.1864226672455
8.5,41.25,4.4301763594923,0.286685901129433,15.0406173728215
8.5,41.5,4.47363684039643,0.289830614909875,14.9075955095223
8.5,41.75,4.52327822356124,0.293360343652194,14.7863348945398
8.5,42,4.57718339159599,0.29712588073532,14.6761974150895
8.5,42.25,4.63334363040636,0.300974513721828,14.5770463084464
8.5,42.5,4.68974049500938,0.304755984418937,14.4892676837689
8.5,42.75,4.7444251358285,0.308328341667195,14.4134841452626
8.5,43,4.79559502363992,0.311563580760225,14.3497464285807
8.5,43.25,4.84165163709204,0.314351768159037,14.2964691714134
8.5,43.5,4.88124991503719,0.316604345199949,14.2525609930556
8.5,43.75,4.91334324064995,0.318257056481835,14.2188807918973
8.5,44,4.93719576143648,0.31927019925695,14.193255894293
8.5,44.25,4.95239244016076,0.319628684209261,14.1732996490542
8.5,44.5,4.95883595925625,0.319341101380164,14.1572223312506
8.5,44.75,4.95670526181349,0.318436208965915,14.1437942250454
8.5,45,4.94643542859195,0.316960751315516,14.1321647949455
8.5,45.25,4.92865297558505,0.31497439696206,14.1217122300655
8.5,45.5,4.90412967568414,0.312546100236391,14.1119352233307
8.5,45.75,4.87372379542298,0.309749791173072,14.1023670889585
8.5,46,4.838339050099,0.306661460596858,14.0924933806025
8.5,46.25,4.79887062428728,0.303355120691189,14.0816723983248
8.5,46.5,4.75618844704587,0.299901948286588,14.0691380183314
8.5,46.75,4.71111396493412,0.296368673916002,14.054462304686
8.5,47,4.66442017760892,0.292817507733296,14.0396276056761
8.5,47.25,4.61683981365067,0.289306803380663,14.0210201033838
8.5,47.5,4.56908381195325,0.285892004606542,14.0100368535941
8.75,10.75,4.7953036743728,0.323713790342721,13.9200580023219
8.75,11,4.77637370472123,0.322353538317939,14.1121178681665
8.75,11.25,4.75821073954054,0.320877820369507,14.4045733414417
8.75,11.5,4.74131522377087,0.319345336989391,14.645896621241
8.75,11.75,4.72625111916324,0.317819721856115,14.8926754181947
8.75,12,4.71363781850694,0.316367223319233,15.1508031159857
8.75,12.25,4.70413317958046,0.315054207754983,15.4124599979422
8.75,12.5,4.69840660503386,0.313944484460067,15.6492110986342
8.75,12.75,4.69710168339238,0.313096422697402,15.8698566147627
8.75,13,4.70078986662136,0.312559912706954,16.0784348653952
8.75,13.25,4.70991772940021,0.312373216311424,16.274457896551
8.75,13.5,4.72475246284057,0.312559876445446,16.4557722963133
8.75,13.75,4.74533098308543,0.313125889194695,16.6201514139436
8.75,14,4.77141897133204,0.314057422257066,16.7660239123516
8.75,14.25,4.80248524318633,0.315319355125722,16.8927498272704
8.75,14.5,4.83769618677179,0.316854953443291,17.00055885816
8.75,14.75,4.87593235731472,0.318586874877838,17.0901038748252
8.75,15,4.91582728068187,0.320419646138827,17.1619651833903
8.75,15.25,4.95582582359435,0.322243590167475,17.2204530634237
8.75,15.5,4.99425745694663,0.323940040635201,17.2700243547478
8.75,15.75,5.02941875687796,0.325387559260369,17.314340284202
8.75,16,5.0596583237572,0.326468709296259,17.3569184152946
8.75,16.25,5.08345821005466,0.32707691198479,17.4006888680227
8.75,16.5,5.09950630658667,0.327122857134795,17.4478393771787
8.75,16.75,5.1067554265193,0.3265399678643,17.5000992114668
8.75,17,5.10446664146801,0.32528854103164,17.5588172586904
8.75,17.25,5.09223531938826,0.323358253969425,17.6250686819199
8.75,17.5,5.0700002113763,0.3207689101815,17.6997436230408
8.75,17.75,5.03803669574997,0.317569420861837,17.7836514338404
8.75,18,4.9969363382508,0.31383516993811,17.8776252165022
8.75,18.25,4.94757378236815,0.309663887897975,17.9826282118758
8.75,18.5,4.89107142745664,0.305170992819354,18.0998550397816
8.75,18.75,4.82874402712685,0.300483195151778,18.2308165383128
8.75,19,4.76204970678054,0.295732508290057,18.3773783058643
8.75,19.25,4.69253379725227,0.291050237911679,18.5416896365615
8.75,19.5,4.62177070594725,0.286560919791559,18.7258926927055
8.75,19.75,4.55130055894883,0.282376829541822,18.931458270865
8.75,20,4.48256951939806,0.278593205276987,19.1580081304725
8.75,20.25,4.41687642898095,0.275284447253063,19.4016548372173
8.75,20.5,4.35532530982403,0.272501584143706,19.6534430348407
8.75,20.75,4.29878608956377,0.27027044225886,19.8996047152381
8.75,21,4.24787055719156,0.268591099551485,20.126175339033
8.75,21.25,4.20293344264704,0.267439368491708,20.3266040975364
8.75,21.5,4.16408302301673,0.266768751087629,20.4977007998013
8.75,21.75,4.13120083220323,0.266513449365211,20.6318047537606
8.75,22,4.10398503309843,0.266592992018687,20.7148538783431
8.75,22.25,4.08199423680845,0.266917256186402,20.7441477883172
8.75,22.5,4.06469023454045,0.267391791958473,20.7238505456466
8.75,22.75,4.05147661135058,0.267923314429906,20.6620826404343
8.75,23,4.04174137484609,0.26842534476398,20.5747089341017
8.75,23.25,4.03488007118819,0.268822548563892,20.4907997249002
8.75,23.5,4.03032130054005,0.269054807163097,20.4340053805631
8.75,23.75,4.02754230735235,0.269079924486104,20.4189050316148
8.75,24,4.02608574137443,0.268875390734852,20.4545717657174
8.75,24.25,4.02557040525652,0.268438738665068,20.5492298299556
8.75,24.5,4.02569823575913,0.267786525028405,20.7133017573413
8.75,24.75,4.02626025031478,0.266952468784213,20.9609538327536
8.75,25,4.02714376665048,0.265984826884641,21.3108993705051
8.75,25.25,4.02832489319849,0.264942443884445,21.7866422592019
8.75,25.5,4.02986269670074,0.263890933061284,22.4024125169552
8.75,25.75,4.03188259386362,0.262898400518683,23.03607498387
8.75,27,4.05494705592021,0.260869143400926,22.2052436375384
8.75,27.25,4.06286029068322,0.261315455652326,21.4345155565462
8.75,27.5,4.07177286457509,0.26207099836988,20.8655870096613
8.75,27.75,4.08147119738923,0.263118696755773,20.4817829753369
8.75,28,4.09167162924998,0.264429431437787,20.2668874562755
8.75,28.25,4.102048736731,0.26596461824684,20.2016488720318
8.75,28.5,4.11226707389087,0.26767900204951,20.2557855305806
8.75,28.75,4.12202061102436,0.26952387694181,20.3676842259308
8.75,29,4.13106195082394,0.271450014308914,20.6491340085534
8.75,29.25,4.1392328841784,0.273410561434971,20.6020235476344
8.75,29.5,4.14649001534467,0.275363566634812,20.4516699165773
8.75,29.75,4.15291993324915,0.27727441397461,20.2008337631858
8.75,30,4.15874387184359,0.279117116233234,19.6353041688279
8.75,30.25,4.16431278166602,0.280875287164036,19.261880020053
8.75,30.5,4.17010082594798,0.282543122823916,19.0845291066941
8.75,30.75,4.17667591069652,0.284124727829238,19.0917453629982
8.75,31,4.18467743208582,0.285634009078171,19.261571001234
8.75,31.25,4.19477770390722,0.287093365145462,19.558721948167
8.75,31.5,4.20764983435328,0.288532789398118,19.9370206895465
8.75,31.75,4.22391978699304,0.289987570854851,20.3500933849062
8.75,32,4.24412628059247,0.291496190084956,20.7604055437146
8.75,32.25,4.26868430162114,0.293098000612701,21.1422639005204
8.75,32.5,4.29784249000411,0.294830001893077,21.4805219504053
8.75,32.75,4.33165259882964,0.296723585134438,21.7677513896748
8.75,33,4.36994755954538,0.298801513263657,22.0015566665614
8.75,33.25,4.41232608274339,0.301074353199828,22.182614106023
8.75,33.5,4.45814515516608,0.303537335117011,22.3134404374419
8.75,33.75,4.50652968360015,0.30616768222355,22.3977735070579
8.75,34,4.55639782733473,0.308923271547653,22.4402781849425
8.75,34.25,4.60649299632837,0.311741930962588,22.4461096851575
8.75,34.5,4.6554344730133,0.314542618703434,22.4203112653526
8.75,34.75,4.70177217907053,0.317227875414646,22.3673379039646
8.75,35,4.74404707206468,0.319688047709499,22.2907123751379
8.75,35.25,4.78086294611522,0.32180736935064,22.1926813445756
8.75,35.5,4.81094901627498,0.323470813242802,22.0738266516001
8.75,35.75,4.83321955627582,0.32457175957975,21.9326900618823
8.75,36,4.84682789038386,0.325020190154463,21.7655834285191
8.75,36.25,4.85121089075898,0.324749823834054,21.5667448711581
8.75,36.5,4.84612495859947,0.323724849309516,21.3288109769559
8.75,36.75,4.83166379716948,0.321944300070786,21.0430913272421
8.75,37,4.80827313069018,0.319444500702916,20.7001731765358
8.75,37.25,4.77674965676191,0.316299265687186,20.2917788688245
8.75,37.5,4.73822435659299,0.312617000673729,19.8148653201606
8.75,37.75,4.69414117906448,0.308536065941745,19.278187144903
8.75,38,4.64621289195069,0.304217500798463,18.7083813052327
8.75,38.25,4.59637229432888,0.299836824948726,18.146726850572
8.75,38.5,4.54669857108037,0.295574448126222,17.6292892432207
8.75,38.75,4.49933009356116,0.291605925558993,17.1761093567693
8.75,39,4.4563721021199,0.288093160239119,16.787818621562
8.75,39.25,4.41978280432619,0.285175902441704,16.4559682535665
8.75,39.5,4.39127240971519,0.282965562087122,16.1701834138382
8.75,39.75,4.3721999407441,0.281540112870725,15.9210886943958
8.75,40,4.36349857110795,0.28094162647894,15.7013526552517
8.75,40.25,4.36562286775016,0.281175431237721,15.5056374501902
8.75,40.5,4.37852843404121,0.282211037353994,15.3300688825866
8.75,40.75,4.40169262797518,0.283985433549373,15.1716678299431
8.75,41,4.43415667023159,0.28640709853997,15.0279661782202
8.75,41.25,4.4745895703372,0.289360961753409,14.8968492226472
8.75,41.5,4.52137083212873,0.292714499864821,14.7765240592759
8.75,41.75,4.57267975471424,0.296324200717959,14.6655832080698
8.75,42,4.62657795003099,0.300041409364455,14.5631850563541
8.75,42.25,4.68110208506496,0.30371913140704,14.4693531347014
8.75,42.5,4.73433901814618,0.307217512260211,14.3852797747891
8.75,42.75,4.78449681115629,0.310408976327956,14.3131955984235
8.75,43,4.82997104856909,0.313182920290138,14.2548714910484
8.75,43.25,4.86939355618143,0.315448952543814,14.2062310789898
8.75,43.5,4.90167086268542,0.317139180948457,14.1646616477777
8.75,43.75,4.92601521883525,0.318209939561485,14.1375512017158
8.75,44,4.94194651045544,0.318641198376178,14.1193926133608
8.75,44.25,4.94928859646085,0.318435621427572,14.1063070189413
8.75,44.5,4.94815328063415,0.317616763082247,14.0962020105313
8.75,44.75,4.93889305004757,0.316225234330573,14.0879383352449
8.75,45,4.92207070214746,0.31431598560983,14.0808406655902
8.75,45.25,4.89839644491992,0.311953550154005,14.0744566442358
8.75,45.5,4.86868227877342,0.309208628430354,14.0684276604718
8.75,45.75,4.83379075103319,0.306154444332468,14.0623924378032
8.75,46,4.79460169605153,0.302864462584528,14.0558650217965
8.75,46.25,4.75197334801985,0.299409519461741,14.0480099357906
8.75,46.5,4.70673556670646,0.295857567854576,14.0372132829968
8.75,46.75,4.65967992957835,0.292272915309976,14.0206814958738
8.75,47,4.61156862913751,0.288716643780619,14.0102229169648
9,10.25,4.80455049937348,0.324186562424938,13.1451811309062
9,10.5,4.78797114300499,0.323186310467567,13.3762195560183
9,10.75,4.77159893105271,0.322009888589846,13.7275341687267
9,11,4.75580694284782,0.320702732903211,14.0151992909263
9,11.25,4.74103386425655,0.319317615425814,14.3059081895633
9,11.5,4.72778578732625,0.317912812845074,14.5810123883102
9,11.75,4.71663184504841,0.316550107733371,14.8518689147156
9,12,4.70819165269834,0.315292607101927,15.1221220138967
9,12.25,4.70311244594348,0.314202328645286,15.3877920117414
9,12.5,4.70203554202674,0.313337540693356,15.6394518461217
9,12.75,4.70555239023261,0.312749822720999,15.8762643816006
9,13,4.71415294132585,0.312480949215431,16.0981758258447
9,13.25,4.72816991565502,0.31255968330455,16.3039299997374
9,13.5,4.7477248028225,0.31299873014813,16.4914929813985
9,13.75,4.77268153445466,0.31379211196501,16.6588034418784
9,14,4.80261435321108,0.314913300762453,16.8043391039073
9,14.25,4.83679453694862,0.316314387551078,16.9274536633392
9,14.5,4.87419969887984,0.317926592790025,17.0285075461011
9,14.75,4.91354598744473,0.319662239518043,17.1088390219784
9,15,4.95334155429703,0.321418243136141,17.1708012584392
9,15.25,4.99195698820285,0.32308097725624,17.2183947259936
9,15.5,5.02770676519286,0.324532232324627,17.2561785357835
9,15.75,5.05893550402499,0.32565588833624,17.2885349987965
9,16,5.08410184544077,0.326344765964011,17.319460854555
9,16.25,5.10185454342036,0.326507162182882,17.3523121767253
9,16.5,5.11109582904781,0.326072548779677,17.3897132373602
9,16.75,5.11102867306946,0.324995982892869,17.4336607181589
9,17,5.10118670675435,0.323260957058459,17.4856452290155
9,17.25,5.08144612705925,0.320880478771644,17.5467866108357
9,17.5,5.05202099567064,0.317896381490538,17.6179655832902
9,17.75,5.0134436918324,0.314376972808949,17.6999559392212
9,18,4.96653324215764,0.310413268166181,17.7935587573772
9,18.25,4.91235307831843,0.306114023934686,17.8997451826948
9,18.5,4.85216677152203,0.301600408694073,18.0198130129712
9,18.75,4.78737871905475,0.296999506493396,18.1555565054468
9,19,4.71948036025831,0.292438337960641,18.3094264637804
9,19.25,4.64999222176185,0.288038140330512,18.4846044201062
9,19.5,4.5804062514894,0.283908905238928,18.6848224889589
9,19.75,4.51212701635247,0.280144683074492,18.9136329079502
9,20,4.44641954221014,0.276819763595036,19.172722312342
9,20.25,4.38436655805262,0.273985941844976,19.4588600532904
9,20.5,4.32683564570531,0.271671098197689,19.7597189026959
9,20.75,4.27445708304244,0.269878593113009,20.0515901415692
9,21,4.22761788555612,0.268587957951556,20.3081603281281
9,21.25,4.18647702911217,0.267757329055024,20.527750034309
9,21.5,4.15098833814246,0.267326400401507,20.7174451108288
9,21.75,4.12092910462716,0.267220264026137,20.8698956183446
9,22,4.09594330977861,0.26735442413572,20.9457594297158
9,22.25,4.07558200533433,0.267640022430831,20.9463129573196
9,22.5,4.05933898794501,0.267989050448972,20.8797453794105
9,22.75,4.04668086237282,0.268319430580139,20.7508587968436
9,23,4.03707837578772,0.268559853043738,20.5730326857556
9,23.25,4.03002245839578,0.268653270304132,20.4050810653738
9,23.5,4.02504264576582,0.268559828528247,20.280853914
9,23.75,4.02171862721334,0.268258412430745,20.2124246308105
9,24,4.01969379315874,0.267747193319398,20.2024634323651
9,24.25,4.01868400115487,0.267042840946631,20.2538681793869
9,24.5,4.01848363878585,0.26617856173576,20.3730374278017
9,24.75,4.0189689545182,0.265201364142362,20.5685210168697
9,25,4.02010053305902,0.264168748027496,20.8443254657954
9,25.25,4.02191199672636,0.263144440976053,21.1897940470904
9,25.5,4.02449788149394,0.262194375291767,21.5657747598336
9,25.75,4.02799155011742,0.261382504238394,21.900430098487
9,26,4.03253794604761,0.260766842887616,22.0449579074323
9,27.25,4.07338675044837,0.261887280663954,21.0376111240188
9,27.5,4.08461714423647,0.263011799398116,20.3990034783343
9,27.75,4.09630223337896,0.264393968241165,19.9955420034031
9,28,4.10808660840488,0.265994026027248,19.806549552037
9,28.25,4.11960896350554,0.267766022299599,19.8166811222372
9,28.5,4.13053633457631,0.269660827144359,20.0096303897839
9,28.75,4.14060131560048,0.271629289639208,20.0920040609575
9,30,4.17614763707804,0.281168231244752,19.2309727974161
9,30.25,4.18174676578332,0.282841851355461,18.7172678966222
9,30.5,4.1879066896266,0.284423741953714,18.4965263876091
9,30.75,4.19526921290488,0.285927212526406,18.5296075842234
9,31,4.20451874926863,0.287374155158516,18.7836182763278
9,31.25,4.2163414487558,0.288793521637119,19.2067539965359
9,31.5,4.23138903746792,0.290220012185504,19.725558805021
9,31.75,4.25023197943087,0.291691659187404,20.2698185806208
9,32,4.27331976164345,0.293247466544075,20.7894109911911
9,32.25,4.30094591452375,0.29492481910701,21.2557481096281
9,32.5,4.33321072583679,0.296756151764186,21.6560966020972
9,32.75,4.36999624427795,0.298765613707722,21.987265454589
9,33,4.41095133068331,0.300966004043459,22.251057041233
9,33.25,4.45548565108341,0.303355484437966,22.4515999239466
9,33.5,4.50277371751212,0.305914915205556,22.593944619927
9,33.75,4.55177593703371,0.308605952261048,22.6837417426682
9,34,4.6012746540106,0.311370626261531,22.7275807189917
9,34.25,4.64991746057332,0.314131904257441,22.7326225678908
9,34.5,4.69627561250386,0.316796178107861,22.7056178964536
9,34.75,4.73890498585961,0.319257117354498,22.6523799356286
9,35,4.77640970004533,0.321401156966204,22.5775714366473
9,35.25,4.80751141660937,0.323114480322823,22.4843543091128
9,35.5,4.83110835626089,0.324290490782822,22.3737957552793
9,35.75,4.84632819167012,0.324837574417007,22.2440959551595
9,36,4.85257282361096,0.32468673989099,22.090036147406
9,36.25,4.84955251566266,0.323797796303425,21.9031131863087
9,36.5,4.83731009881073,0.32216444166097,21.6726383358837
9,36.75,4.81622847443452,0.319816777058039,21.3853310744039
9,37,4.78703318823932,0.316821619807546,21.0248856337477
9,37.25,4.75078015760782,0.313280477026808,20.5733796797561
9,37.5,4.70882894203095,0.309324738678882,20.0171842060697
9,37.75,4.66280907931727,0.305109300215631,19.3605623304446
9,38,4.61456575139346,0.300804186267331,18.6451714796397
9,38.25,4.56609841517879,0.29658566572475,17.9526223295495
9,38.5,4.51947779251067,0.292626709303364,17.3451926675442
9,38.75,4.47675157391281,0.289087853822236,16.8516294652221
9,39,4.43984768605335,0.286109398838219,16.4567292081401
9,39.25,4.41046603513989,0.283804476062391,16.1369560508847
9,39.5,4.389987728931,0.282254480065087,15.8724211576714
9,39.75,4.37939263508576,0.281505875996645,15.6480176411301
9,40,4.37920922703301,0.28156945946845,15.4534701227975
9,40.25,4.38949004021506,0.282421157210582,15.2821694067202
9,40.5,4.40981858446751,0.284004400172369,15.1297112708794
9,40.75,4.43935049410094,0.286234375115397,14.9927606316152
9,41,4.47687118159232,0.289002824732412,14.8684460515469
9,41.25,4.52086838562176,0.29218350331748,14.7542448760916
9,41.5,4.56961575686374,0.295638339963106,14.6479562278796
9,41.75,4.6212588088718,0.299223727219562,14.5477371114059
9,42,4.67389289206653,0.302796118400345,14.4523352241395
9,42.25,4.72564678461187,0.306218138097264,14.3616653969155
9,42.5,4.77475060173858,0.309363423968358,14.2778366184184
9,42.75,4.81959819020503,0.312120946672442,14.2061676073679
9,43,4.85880286163068,0.314398709172964,14.1556580942585
9,43.25,4.89123628577817,0.316126061358224,14.1128231714086
9,43.5,4.91605541621601,0.317254999626078,14.0649189382078
9,43.75,4.93271972302861,0.317760800569767,14.0485579955774
9,44,4.94098271888984,0.317640695215206,14.0407865905978
9,44.25,4.94087624563081,0.316912138982067,14.0359763154212
9,44.5,4.93268409012754,0.315610401931012,14.0324775588538
9,44.75,4.91689150296231,0.31378465454762,14.029680175705
9,45,4.89414915701237,0.311495056968504,14.0272949149142
9,45.25,4.86521518415061,0.308808521758321,14.0251480634425
9,45.5,4.83091404245142,0.30579575806856,14.0231046745167
9,45.75,4.79209533960725,0.302528414169065,14.0210162949163
9,46,4.74961033511345,0.299077490502324,14.0186306920002
9,46.25,4.70428762142535,0.295511499576686,14.0153087372951
9,46.5,4.65693533164895,0.291896678017009,14.0088964594165
9.25,9,4.84639578465744,0.32433242852449,11.3016067635131
9.25,9.25,4.83425786493313,0.324462060198663,11.4782782555911
9.25,9.5,4.82146745738889,0.324349706110224,11.7475358289827
9.25,9.75,4.8081507426956,0.32399365184886,12.0778823033719
9.25,10,4.7944689701878,0.323403366235929,12.4616191966986
9.25,10.25,4.78062468949344,0.322599105224642,12.9132838634812
9.25,10.5,4.76686957687548,0.321611093120844,13.2595029876566
9.25,10.75,4.75351309845975,0.320478397197936,13.6003754030413
9.25,11,4.74093014758901,0.319247572037621,13.917935496852
9.25,11.25,4.72956611705153,0.31797117204079,14.2255089526874
9.25,11.5,4.71993634635866,0.316706079693925,14.523042212808
9.25,11.75,4.71261757294139,0.315511643946678,14.8140446879053
9.25,12,4.7082296295311,0.31444756862531,15.0997615191819
9.25,12.25,4.70740557161267,0.313571472068018,15.3779529211692
9.25,12.5,4.7107509074597,0.31293612236514,15.6442557568377
9.25,12.75,4.71879315002106,0.312586337266553,15.8960445236969
9.25,13,4.73192590724102,0.312555737173235,16.1312519595306
9.25,13.25,4.75035206891215,0.312863488484527,16.3475645729992
9.25,13.5,4.77403298876577,0.313511378204394,16.5424639922876
9.25,13.75,4.80264975798215,0.31448152686584,16.7136148488308
9.25,14,4.83558286496022,0.315735106799907,16.8592902532429
9.25,14.25,4.87191357606226,0.317212309696275,16.9787290415328
9.25,14.5,4.91044939819302,0.318833831369839,17.0724031537935
9.25,14.75,4.94977187147155,0.32050387998374,17.1421744476889
9.25,15,4.98830339121132,0.322114656629297,17.1913300021108
9.25,15.25,5.02438725860837,0.323552036405737,17.2244902792933
9.25,15.5,5.05637403439347,0.324702051459988,17.2469434772542
9.25,15.75,5.08270789506272,0.325457729452126,17.2639391646698
9.25,16,5.10200573830918,0.325725688461479,17.2802062804907
9.25,16.25,5.1131245477817,0.325432019221499,17.2996629786359
9.25,16.5,5.11521291139021,0.324526977305173,17.3253386781584
9.25,16.75,5.10774435546225,0.322988114004714,17.3594625921174
9.25,17,5.09053261639819,0.320821710388397,17.4036186499863
9.25,17.25,5.0637289573061,0.318062407849211,17.4589168853102
9.25,17.5,5.0278039849293,0.314771168849898,17.5261578645153
9.25,17.75,4.98351620389683,0.31103176654693,17.6059892437536
9.25,18,4.93187050234645,0.306946134201885,17.6990642622138
9.25,18.25,4.8740684874071,0.302628843665905,17.8062192423617
9.25,18.5,4.81145763964022,0.298201438960142,17.9286919123055
9.25,18.75,4.74547026637857,0.293786118317106,18.0684052246276
9.25,19,4.67756813193809,0.289500064311093,18.2283269269463
9.25,19.25,4.60918626123473,0.285450277131798,18.4128485173858
9.25,19.5,4.54167990070945,0.281728925200649,18.6279819995368
9.25,19.75,4.47627439356436,0.278409607288823,18.8809103925513
9.25,20,4.41402456889614,0.275544607220642,19.1781255959865
9.25,20.25,4.35578584119845,0.273163288530181,19.5206843356685
9.25,20.5,4.30219741169529,0.271271794745473,19.8944499508662
9.25,20.75,4.25367667661259,0.269853606651199,20.2565042017271
9.25,21,4.21042828357085,0.268871328256698,20.5414981079061
9.25,21.25,4.17246903007183,0.26826991073437,20.7700245757963
9.25,21.5,4.13965707507348,0.267980349564211,20.9830341872374
9.25,21.75,4.11172295189625,0.26792404832637,21.1905105850278
9.25,22,4.08830770175716,0.268017927193951,21.2550378021929
9.25,22.25,4.0689960925125,0.268179532748356,21.2166024606805
9.25,22.5,4.0533434314246,0.268331842508034,21.0976732926312
9.25,22.75,4.04089694917709,0.268407673568099,20.8875130522763
9.25,23,4.03121771442136,0.268353542863714,20.5599935258129
9.25,23.25,4.02389162812642,0.268132174396427,20.2741264770497
9.25,23.5,4.01854332090112,0.267724248073576,20.070393396774
9.25,23.75,4.01484567653158,0.267128799360715,19.9458349689818
9.25,24,4.01253156178526,0.266362642285232,19.8870698376271
9.25,24.25,4.01140106433529,0.265458578160232,19.8884322165362
9.25,24.5,4.01132598595107,0.264462656404213,19.9536950837672
9.25,24.75,4.01224967722741,0.263430790018843,20.0925340546084
9.25,25,4.01418390544891,0.262425003527444,20.304378062826
9.25,25.25,4.01719302807777,0.261509093270244,20.5582307633556
9.25,25.5,4.02137596653963,0.260744664066067,20.7658988995511
9.25,25.75,4.02684020421606,0.26018729593014,20.9512437762158
9.25,27.5,4.10019406138935,0.264323023377553,19.7115672449208
9.25,27.75,4.11336859243969,0.265985489670418,19.3077771300902
9.25,28,4.12619555444298,0.267813481197006,19.1577949276151
9.25,28.25,4.13831899148979,0.269757581176809,19.2564043203981
9.25,30.25,4.19909848161606,0.284703476296718,17.8937026162779
9.25,30.5,4.20593831766459,0.286206255487485,17.667963829551
9.25,30.75,4.21444756310837,0.287646075107376,17.7578697484494
9.25,31,4.22532705036453,0.289051130582346,18.1442577306511
9.25,31.25,4.23924629183608,0.290455070037906,18.7616049140722
9.25,31.5,4.25680485280631,0.291895335776884,19.4851755249208
9.25,31.75,4.27848744626112,0.293410619341513,20.2050566343816
9.25,32,4.30462591208479,0.295038256700577,20.8577399130762
9.25,32.25,4.33536728256944,0.296811395337878,21.417704246277
9.25,32.5,4.37064304230807,0.298755595411888,21.8809892532594
9.25,32.75,4.41015134018776,0.300885507301553,22.2531203480066
9.25,33,4.45335077619169,0.303201930727887,22.5426451165179
9.25,33.25,4.49946518921543,0.305688995732737,22.758404931264
9.25,33.5,4.54750003381769,0.30831220015126,22.9081480896584
9.25,33.75,4.59627509053516,0.311017494982529,22.9989042039839
9.25,34,4.6444707890031,0.313731993583509,23.0392960806481
9.25,34.25,4.69068109589658,0.316365911836064,23.0392172528929
9.25,34.5,4.73347741685172,0.318816388665303,23.0074786772024
9.25,34.75,4.77147270756985,0.32097263008324,22.9513698777056
9.25,35,4.80338487469615,0.322722414929362,22.877011457473
9.25,35.25,4.82810075722694,0.323959636060612,22.7890993228403
9.25,35.5,4.84472862914143,0.324591925549386,22.6900204649298
9.25,35.75,4.85264209335688,0.324548002098447,22.5782339858942
9.25,36,4.85151414461499,0.323784269194108,22.4468076354169
9.25,36.25,4.84133999312909,0.32228956956252,22.2831798983745
9.25,36.5,4.82244931683149,0.320088317558827,22.0733517871549
9.25,36.75,4.79550334045511,0.317240953981523,21.7993507721497
9.25,37,4.76148570925762,0.313842110655358,21.4359123608657
9.25,37.25,4.72167938248962,0.310016535956698,20.94894235705
9.25,37.5,4.67762990509648,0.305912679664507,20.3005519597857
9.25,37.75,4.63110002893817,0.301695042462675,19.4724108053289
9.25,38,4.58400565983549,0.297535208595658,18.5222083017025
9.25,38.25,4.53834378218454,0.293602848774352,17.6351180395886
9.25,38.5,4.49610289565517,0.290056744263187,16.913620203279
9.25,38.75,4.45916615181985,0.287036711720557,16.4030512377185
9.25,39,4.42921667020369,0.284657161732521,16.0335445631242
9.25,39.25,4.40764136847227,0.283001934144448,15.7532717112254
9.25,39.5,4.39545698595878,0.282121448889763,15.5313716059807
9.25,39.75,4.39325241833534,0.282031349968347,15.3469523423981
9.25,40,4.40116440338122,0.282713336853992,15.188064054894
9.25,40.25,4.41887897023717,0.284117359239241,15.0483905596425
9.25,40.5,4.4456604191218,0.286165117874696,14.9242340947179
9.25,40.75,4.48040664575485,0.288754972183691,14.8126366576916
9.25,41,4.52171560251,0.291767197997714,14.7106013209665
9.25,41.25,4.56796069734933,0.295069620629199,14.6153978963867
9.25,41.5,4.61737159280892,0.298523596826593,14.5245432888515
9.25,41.75,4.6681146362394,0.301989911573672,14.4356582927962
9.25,42,4.71836507422564,0.305333928020371,14.3465822650504
9.25,42.25,4.76638151022491,0.308430897272459,14.256088182732
9.25,42.5,4.81056620462669,0.311170056233081,14.1660702147884
9.25,42.75,4.84951844098229,0.313458072924376,14.0842784806496
9.25,43,4.88207935689032,0.315221754656629,14.0530786091061
9.25,43.25,4.90736030764276,0.316409457621896,14.0274817052979
9.5,8.75,4.82524886358349,0.322757464350307,10.8694817034383
9.5,9,4.81575003915915,0.32305112696595,11.1232751313986
9.5,9.25,4.8057101500562,0.323118634566522,11.3871861595872
9.5,9.5,4.79520722319385,0.322953878007003,11.6896078363089
9.5,9.75,4.7843492182097,0.322561121372409,12.028731572748
9.5,10,4.77328056460611,0.321954750925658,12.3987771828788
9.5,10.25,4.76219083872948,0.321158664864265,12.7884147697551
9.5,10.5,4.75132465437623,0.32020539398685,13.1507136765742
9.5,10.75,4.74099162997968,0.319135049632323,13.4990188348084
9.5,11,4.73157391629876,0.317994120110187,13.8332843759104
9.5,11.25,4.72352961971429,0.316834175676878,14.1576643419609
9.5,11.5,4.71738850432652,0.315710337092701,14.4738100522117
9.5,11.75,4.713737718524,0.314679468111266,14.7831392354236
9.5,12,4.71319639025903,0.313798009348998,15.0857032668078
9.5,12.25,4.71637779120202,0.313119372387022,15.3796849342721
9.5,12.5,4.72384117957518,0.312690954874359,15.6619789003403
9.5,12.75,4.73603562817222,0.312550810089337,15.9294303202836
9.5,13,4.75324168509092,0.312724274617388,16.178884066251
9.5,13.25,4.7755161598163,0.313220736840243,16.4070791896534
9.5,13.5,4.80264773355488,0.314030975787474,16.6107794628824
9.5,13.75,4.83412907669182,0.315125394457191,16.7870770149028
9.5,14,4.86915104784445,0.316453514447032,16.9337546082405
9.5,14.25,4.90662038917521,0.317944895282175,17.0496638889998
9.5,14.5,4.94520171625678,0.319511684283774,17.1351397598038
9.5,14.75,4.98337979989576,0.321052653455398,17.1923601222097
9.5,15,5.0195373770043,0.322458561383689,17.2254177803873
9.5,15.25,5.05204149515883,0.32361843923146,17.2400220515834
9.5,15.5,5.07933087589877,0.324426306224889,17.2427634302015
9.5,15.75,5.09999844783065,0.324787840748454,17.2401888389233
9.5,16,5.11286196736033,0.324626374902856,17.2380770776517
9.5,16.25,5.11701958307089,0.323887818399026,17.2410705873131
9.5,16.5,5.11188721887906,0.322544111095241,17.2526281331663
9.5,16.75,5.09721654307065,0.320594933483084,17.2751742146351
9.5,17,5.07309512365793,0.318067699823753,17.310320561635
9.5,17.25,5.03992946157522,0.315015819338479,17.3590868774234
9.5,17.5,4.99841437417962,0.311515484497989,17.4220942347615
9.5,17.75,4.94949123451141,0.307661252139396,17.4997358777016
9.5,18,4.8942986729539,0.303560808718487,17.5923466512946
9.5,18.25,4.83411789542187,0.299329209287572,17.7004008896322
9.5,18.5,4.77031828678114,0.295083205458717,17.8247793404881
9.5,18.75,4.70429759146834,0.290935374867603,17.9671713046763
9.5,19,4.63742878424169,0.286989022895071,18.130703140809
9.5,19.25,4.57100959983819,0.28333378405682,18.3208257351615
9.5,19.5,4.50621823689564,0.280041941440589,18.5463256311197
9.5,19.75,4.44407539135189,0.277165746252002,18.8198478627366
9.5,20,4.38541783677793,0.274735793009335,19.1571935623816
9.5,20.25,4.33088454708666,0.272760531569471,19.5728188831973
9.5,20.5,4.28091495946459,0.271227021380148,20.0631412682454
9.5,20.75,4.23575694544343,0.27010251433902,20.5582548517972
9.5,21,4.19548599357693,0.269337134859475,20.8460829537434
9.5,21.25,4.16003428154073,0.268867674627613,21.0390163816619
9.5,21.5,4.1292203508114,0.268621747563193,21.2635168022117
9.5,21.75,4.10277719016671,0.268522361789626,21.6613094233161
9.5,22,4.0803820528778,0.268492834231608,21.6704901613014
9.5,22.25,4.06168088794124,0.268461502155922,21.5682601846815
9.5,22.5,4.04630639424027,0.268365875654805,21.4063329751675
9.5,22.75,4.03389210507979,0.268156182644183,21.1399128802158
9.5,23,4.024087528778,0.267798150618886,20.5024262519563
9.5,23.25,4.01656635382443,0.267274462784395,20.0582538809592
9.5,23.5,4.0110380169421,0.266585351823756,19.7782027206874
9.5,23.75,4.00725647261208,0.265747932963421,19.6109669199464
9.5,24,4.00503062199905,0.264794644333423,19.5089338710799
9.5,24.25,4.00422961928023,0.26377063118194,19.4562184758244
9.5,24.5,4.00478470671972,0.262730430415272,19.4575916470495
9.5,24.75,4.00668457998354,0.261734178022815,19.5401368492444
9.5,25,4.00996620441019,0.260843673522515,19.7190033584984
9.5,25.25,4.01469463548909,0.260118209323845,19.9698105635532
9.5,25.5,4.02094061918957,0.259610925235889,19.9859872475227
9.5,25.75,4.02875332441478,0.259365563734366,19.9513383147416
9.5,27.5,4.11777103043178,0.265933272871143,18.6809176863047
9.5,27.75,4.13189509178026,0.267815177625442,18.3842493756508
9.5,28,4.14522731929928,0.2698074674732,18.2750863360588
9.5,30.5,4.22449648498006,0.287906713526078,16.5420630487777
9.5,30.75,4.23455452202935,0.289303957467067,16.705148759789
9.5,31,4.24745964441431,0.290692151151932,17.2837141258087
9.5,31.25,4.26383376069301,0.292107742744925,18.2114447000645
9.5,31.5,4.28419386804817,0.293588923170756,19.2407273335637
9.5,31.75,4.30891000842447,0.295172927668727,20.1922681880734
9.5,32,4.33817036010144,0.296893201474868,20.9982263195762
9.5,32.25,4.37195405837305,0.298776378368072,21.652481343157
9.5,32.5,4.41000845915282,0.300838895391199,22.1715874651964
9.5,32.75,4.4518403357798,0.303083831459383,22.5759142107489
9.5,33,4.4967200640264,0.305498305257255,22.8832070597565
9.5,33.25,4.54369828492519,0.308051348736235,23.1081769322377
9.5,33.5,4.59163483310992,0.310692878609519,23.2607253599351
9.5,33.75,4.63924255596834,0.31335396701055,23.3467616539438
9.5,34,4.68514253610268,0.315948827867728,23.3769145752383
9.5,34.25,4.72792397584879,0.318378155594788,23.3658232867602
9.5,34.5,4.76621059598538,0.320534183460958,23.3246497513957
9.5,34.75,4.79872449280314,0.322306883631248,23.2617641975977
9.5,35,4.82434585918046,0.323591129737579,23.1850115657716
9.5,35.25,4.84216901078828,0.324294358157567,23.1015859608434
9.5,35.5,4.85154592350244,0.32434383243648,23.0169509324216
9.5,35.75,4.85211946916843,0.323693064909283,22.9314175111185
9.5,36,4.84384587631979,0.322326934088328,22.8365572074388
9.5,36.25,4.82700589194541,0.320264654088783,22.711261440564
9.5,36.5,4.80220533033501,0.317560772705286,22.5402682816274
9.5,36.75,4.77036191688412,0.314303531112954,22.3035635491625
9.5,37,4.73268505091585,0.310611030121358,21.9675032735261
9.5,37.25,4.69064234121848,0.306625432841287,21.4755925157036
9.5,37.5,4.64591317147038,0.30250536649333,20.741541807496
9.5,37.75,4.60033265138359,0.298417540683633,19.6694917412696
9.5,38,4.55581923037268,0.294527731649808,18.2883383395426
9.5,38.25,4.51429500460403,0.290992222782375,17.1057649849731
9.5,38.5,4.47759385913704,0.287949850503845,16.2351318187601
9.5,38.75,4.44736775605338,0.285515341505393,15.7908942500893
9.5,39,4.42500089684613,0.283774474544674,15.5092152285693
9.5,39.25,4.41153136542322,0.282780750003695,15.3071652009269
9.5,39.5,4.40759847735071,0.282554232492043,15.1545065544731
9.5,39.75,4.41341103329979,0.283081855629909,15.0261015041384
9.5,40,4.42874707581924,0.284319584429008,14.9120289014743
9.5,40.25,4.45297663799769,0.286195697758226,14.8095016145083
9.5,40.5,4.48510637150674,0.288615072483829,14.71755664742
9.5,40.75,4.5238428212265,0.29146444146452,14.6345603192511
9.5,41,4.56766209634195,0.294617798624374,14.557292827885
9.5,41.25,4.61488403273391,0.297941930742591,14.4830211190927
9.5,41.5,4.66374807005939,0.301302011329423,14.4092781500896
9.5,41.75,4.71248715662665,0.304566938723076,14.3331616894626
9.5,42,4.75939362856629,0.307613893796855,14.2509694268442
9.5,42.25,4.80288465781459,0.310332789080831,14.158133091439
9.5,42.5,4.84155449309923,0.312629569182887,14.0534055260679
9.75,8.5,4.80407886447228,0.321141852098375,10.3050769899566
9.75,8.75,4.79720868866381,0.321593763785625,10.6133022124626
9.75,9,4.78991812102934,0.321836752076228,10.9321553703789
9.75,9.25,4.78223709476488,0.321860483704306,11.2576762907637
9.75,9.5,4.77422053757611,0.321664143734414,11.5966712741822
9.75,9.75,4.76595470955923,0.321256306132037,11.9512504897039
9.75,10,4.75756656356238,0.320654507537119,12.3192611085028
9.75,10.25,4.74923505474342,0.319884622026357,12.6932458430124
9.75,10.5,4.74120289651445,0.31898009422788,13.0583731409432
9.75,10.75,4.73378719287835,0.317981080531278,13.4141350606616
9.75,11,4.72738568613488,0.31693344232981,13.7608498333666
9.75,11.25,4.7224770499498,0.315887618315337,14.1000943554221
9.75,11.5,4.71961110333948,0.314897134548094,14.4329125374336
9.75,11.75,4.71938713091635,0.314016708132159,14.7597289110804
9.75,12,4.72242018881262,0.313299872873889,15.0799032958085
9.75,12.25,4.72929481971099,0.312796073504793,15.3914995090391
9.75,12.5,4.74051010259335,0.312547383794505,15.6914984464632
9.75,12.75,4.7564194207646,0.312584937820175,15.9762718873567
9.75,13,4.77717243093933,0.312925513630095,16.2418266980199
9.75,13.25,4.80266479297242,0.313568472591892,16.4839913710321
9.75,13.5,4.83250376043568,0.314493558393691,16.6986703696213
9.75,13.75,4.86599421916042,0.315659856129484,16.8821453907211
9.75,14,4.90214956105786,0.317006242080288,17.0313873797223
9.75,14.25,4.93972635677702,0.318453359472336,17.1444131195363
9.75,14.5,4.97728207622946,0.319907249764727,17.2209251367817
9.75,14.75,5.01324958791989,0.321264320710412,17.2631188401134
9.75,15,5.04602261315057,0.322417389585235,17.2759229528198
9.75,15.25,5.07404435786923,0.323262288063434,17.2666344760102
9.75,15.5,5.09589164427364,0.323704469181842,17.2439268989161
9.75,15.75,5.11034972863954,0.323665166662599,17.2163446007678
9.75,16,5.11647103903681,0.323086469694738,17.1911633005033
9.75,16.25,5.11361644303067,0.321935044442363,17.1739374735662
9.75,16.5,5.10147694917305,0.320204201195673,17.1685656323733
9.75,16.75,5.08007568969135,0.317914144678545,17.1775948628985
9.75,17,5.04975335639844,0.315110607445634,17.2025640043867
9.75,17.25,5.01113806601069,0.311861916644854,17.2442917905204
9.75,17.5,4.96510413726759,0.308254865751473,17.303091969
9.75,17.75,4.91272231866797,0.304389690289852,17.3789393145207
9.75,18,4.85520547085684,0.30037457668306,17.4716271453767
9.75,18.25,4.79385197244294,0.29631997949841,17.5809571370056
9.75,18.5,4.7299913978906,0.292333251381381,17.7070067337608
9.75,18.75,4.66492945708233,0.288513455097752,17.8505833983245
9.75,19,4.5999011446028,0.284947045880908,18.0141194091765
9.75,19.25,4.5360297710459,0.281704394115902,18.2032269625879
9.75,19.5,4.47429471403562,0.278837162908289,18.4291273708699
9.75,19.75,4.4155076550957,0.276376714865663,18.7108085685633
9.75,20,4.36030097754467,0.274333582251308,19.0779078795177
9.75,20.25,4.30912772937027,0.272698013493793,19.5745017030452
9.75,20.5,4.26227176030512,0.271441648725079,20.2540411716668
9.75,20.75,4.21986451866131,0.27051993064921,21.0912014208286
9.75,21,4.1819086906697,0.269875435268757,21.2598613074137
9.75,21.25,4.14830606246378,0.26944198274387,21.2864426628337
9.75,21.5,4.11888290135419,0.269148954954116,21.3814984094141
9.75,23,4.0157866978839,0.266910018416806,20.2454775921775
9.75,23.25,4.00827760691398,0.266118187680751,19.6734301226611
9.75,23.5,4.00287100105365,0.265200314331299,19.3693403056305
9.75,23.75,3.99938784013241,0.264188566431428,19.2076087442114
9.75,24,3.99769762290498,0.263127232669419,19.0783486689371
9.75,24.25,3.99772080037588,0.262069488343425,18.9667519642078
9.75,24.5,3.99942685859936,0.261073731094422,18.877059618292
9.75,24.75,4.00282464920318,0.260199633414739,18.888251254855
9.75,25,4.00794754673249,0.259504285064935,19.0589007848364
9.75,27.5,4.13659329527621,0.267765924014246,17.5386602496368
9.75,27.75,4.15113961187852,0.269804884025462,17.2950737100318
9.75,28,4.1644946394334,0.271900485807435,17.1500938049665
9.75,30.75,4.25599127937235,0.29093012551249,15.2584832525926
9.75,31,4.2713000819127,0.292328749783784,16.0864702965046
9.75,31.25,4.29044017130348,0.293783307019962,17.5571266190055
9.75,31.5,4.31381666942681,0.295330702697974,19.0578405207757
9.75,31.75,4.3416582280097,0.297004553097923,20.2999449468544
9.75,32,4.37398687077409,0.298832163734649,21.2605220347609
9.75,32.25,4.41059749509765,0.300831418272331,21.990653232524
9.75,32.5,4.45104477347452,0.303007545890022,22.5452486836911
9.75,32.75,4.49464505265575,0.305350321689092,22.9653312057716
9.75,33,4.54049225394604,0.307832052875646,23.277893581503
9.75,33.25,4.58748687389555,0.31040637995217,23.50500990679
9.75,33.5,4.63437684356203,0.313008389195735,23.657846739972
9.75,33.75,4.67981094049807,0.315556204322771,23.7324681801344
9.75,34,4.72240057760134,0.317954299326196,23.7416636533454
9.75,34.25,4.76078340290736,0.320098137611218,23.7117723785861
9.75,34.5,4.79368877341571,0.321880245419113,23.6556058876762
9.75,34.75,4.81999788797972,0.323197113756898,23.5804126551308
9.75,35,4.83879664939514,0.323956564118314,23.4959368871954
9.75,35.25,4.84942152232047,0.324085035082011,23.4130946214893
9.75,35.5,4.85149230543612,0.3235339698806,23.3440955103146
9.75,35.75,4.84493371859455,0.322284852012454,23.2949584747017
9.75,36,4.82998597836588,0.320352499328768,23.259721668685
9.75,36.25,4.80720446397642,0.317786028775297,23.1896696131183
9.75,36.5,4.77744912941083,0.314667700236851,23.0783942718149
9.75,36.75,4.74186153524015,0.311109314932271,22.9120416663192
9.75,37,4.70183420193619,0.307246688304613,22.6565581363294
9.75,37.25,4.65896745003484,0.303232576666444,22.2378732601058
9.75,37.5,4.61501404042707,0.299228406512242,21.4983735232732
9.75,37.75,4.57181426437375,0.295395732000817,20.1301123107686
9.75,38,4.53121782921069,0.291887697842273,17.7911935978311
9.75,38.25,4.49500093660552,0.288841399372775,16.2089313675127
9.75,38.5,4.46477752025855,0.2863713063138,15.0939681645447
9.75,38.75,4.44191481205951,0.284564240347019,15.0005493938626
9.75,39,4.42746237410473,0.283476244693507,14.9003902338039
9.75,39.25,4.42209542023819,0.283131030101277,14.8134816771575
9.75,39.5,4.42608516262204,0.283520364048858,14.7594007107352
9.75,39.75,4.43929114997346,0.28460577431637,14.6996243345086
9.75,40,4.46118086389599,0.286321741587478,14.6348661386773
9.75,40.25,4.49086775243661,0.288579733400794,14.5713334138328
9.75,40.5,4.52716511175368,0.291272928975441,14.5133835726057
9.75,40.75,4.56865208068983,0.294281538920386,14.4617920965866
9.75,41,4.61374251592628,0.297478086418977,14.4113185428279
9.75,41.25,4.66075545111675,0.300732610537999,14.3596055714509
9.75,41.5,4.70798507067117,0.303917715497253,14.3050203570533
9.75,41.75,4.75376775365248,0.306913237657168,14.2446236019183
9.75,42,4.79654127973892,0.309610122625644,14.1733491315596
9.75,42.25,4.83490128431006,0.311914002666501,14.0791640221224
10,8.5,4.77871263220569,0.320098919705648,9.99396488462309
10,8.75,4.77415328301066,0.320511662198247,10.3419970575237
10,9,4.76928625868537,0.320719711651855,10.7322498166863
10,9.25,4.76411343323851,0.320717313393804,11.1144838224218
10,9.5,4.75866322554152,0.320507324131862,11.4891632657101
10,9.75,4.75299987939648,0.320100940323983,11.8620565636599
10,10,4.74723597189013,0.319517297655284,12.2358165352549
10,10.25,4.74154626249403,0.318783004873696,12.6090183569944
10,10.5,4.73618067579793,0.317931605535584,12.9775130938354
10,10.75,4.73147443448277,0.317002953239284,13.3403361766124
10,11,4.7278513148358,0.316042356781165,13.6976909167126
10,11.25,4.72581894270476,0.315099513910897,14.0503131239478
10,11.5,4.72595160607568,0.31422690184082,14.3986843102811
10,11.75,4.72885962619212,0.313477618418648,14.7426585969755
10,12,4.73514669510214,0.312902652578267,15.0811437481829
10,12.25,4.74535543601678,0.312547584493273,15.4119177755265
10,12.5,4.759907231182,0.312448997656084,15.7316604668666
10,12.75,4.77904055677559,0.312630742536397,16.0361567342334
10,13,4.802756784165,0.313100635638553,16.3205573502813
10,13.25,4.83077858338472,0.313847772374397,16.5797106633969
10,13.5,4.8625289561947,0.314841009372485,16.8085294618001
10,13.75,4.89713367022069,0.316028844531243,17.0022920459315
10,14,4.93344994744621,0.317340954765542,17.1568414813165
10,14.25,4.97011751815685,0.318691255055455,17.2686600880519
10,14.5,5.00563002311172,0.319982535300345,17.3358291133786
10,14.75,5.03841836143247,0.321112166997357,17.3600225286867
10,15,5.06693966915016,0.321978548227599,17.3470286346723
10,15.25,5.08976384009797,0.322487689431953,17.3064385651308
10,15.5,5.10565015869275,0.322559354202189,17.2503714403395
10,15.75,5.11361086645654,0.322132387717739,17.1905413079991
10,16,5.11295520857831,0.321168610959487,17.1363348084509
10,16.25,5.10331471386931,0.319655184278602,17.0943691085554
10,16.5,5.084648573697,0.317605248379618,17.0688898456195
10,16.75,5.05722992847759,0.315056780471502,17.0623986557808
10,17,5.02161790329988,0.312070049240133,17.0761977745454
10,17.25,4.97861625208492,0.308723740882786,17.1107594319957
10,17.5,4.92922414667709,0.305110225207793,17.1659396948972
10,17.75,4.87458140893922,0.301330254997634,17.2411043583087
10,18,4.81591260134157,0.297487546380748,17.3352446973368
10,18.25,4.75447220272046,0.293683469126602,17.4471309352386
10,18.5,4.69149432601994,0.290012239813948,17.575494039236
10,18.75,4.62814608302978,0.286556600185763,17.7193118892989
10,19,4.56549065519204,0.2833844228197,17.8788014768694
10,19.25,4.50445868146992,0.280546238011672,18.0574863492724
10,19.5,4.44582983449449,0.278073687846832,18.2672216256463
10,19.75,4.3902233331586,0.275978979753669,18.5309276160656
10,20,4.33809958175738,0.274255358089299,18.8888676213525
10,20.25,4.28977070807263,0.272878539215765,19.4203863383464
10,20.5,4.24541787993133,0.271809121789094,20.3233492737057
10,22.75,4.0161938625846,0.266631164827915,19.7846751937475
10,23,4.00656564698807,0.265728149481148,19.3683556090585
10,23.25,3.99938396284686,0.264721018758797,19.0131479164873
10,23.5,3.99448727073246,0.263641890346988,18.8130143082816
10,23.75,3.99174779520864,0.262534229386278,18.7681224053589
10,24,3.99107801876135,0.26144990399603,18.626919280895
10,24.25,3.99242911838968,0.260445558369811,18.4525053668348
10,24.5,3.99578467036952,0.259578844670532,18.1928999886218
10,24.75,4.00114620443628,0.258904575988836,18.0745106203068
10,25,4.00851413591274,0.258471199438383,18.0609248198063
10,25.25,4.0178639090889,0.258317670632586,18.0534296548954
10,27.5,4.15595322766259,0.269745327440402,16.356098432645
10,27.75,4.17045613799296,0.271882213943064,16.1317464920198
10,28,4.18344705172513,0.274026934705138,15.9600429482828
10,31,4.29721877886691,0.293993947656642,14.264032763652
10,31.25,4.31935696308671,0.295512761565548,16.859921009136
10,31.5,4.34585868832218,0.297147564578265,19.1007544657301
10,31.75,4.37678787083531,0.298926145958282,20.6484496279652
10,32,4.41198290851151,0.300867443852297,21.7111179717261
10,32.25,4.45104493744708,0.302978500520853,22.4636842791716
10,32.5,4.49333599237856,0.305251578308513,23.0154451417403
10,32.75,4.53799299034371,0.307661961358696,23.4275973955059
10,33,4.58395600645868,0.310166787800388,23.7271287582588
10,33.25,4.63000918234595,0.312704990064206,23.949077181409
10,33.5,4.67483189147749,0.315198691732946,24.1102702736119
10,33.75,4.71705925319688,0.317556160246695,24.1658174947425
10,34,4.75534735858666,0.319676372887841,24.132642973769
10,34.25,4.78843687234994,0.321454729367442,24.0747918904057
10,34.5,4.81521404779818,0.322789794532124,23.999256653109
10,34.75,4.83476392442132,0.323590452735527,23.9043459200042
10,35,4.84641368061005,0.323782968089709,23.8030466471822
10,35.25,4.84976671648245,0.323317393557089,23.7100907930113
10,35.5,4.84472358864078,0.322172615552769,23.6523402968163
10,35.75,4.83149162396199,0.320359642591098,23.6478526586191
10,36,4.81058386354154,0.317922870148552,23.724077176945
10,36.25,4.78280779726938,0.314938987711545,23.7180289763038
10,36.5,4.74924442179822,0.311513815046039,23.6821569465343
10,36.75,4.71121607356324,0.307777031919282,23.6211128959657
10,37,4.67024626799972,0.30387539029351,23.5189774192917
10,37.25,4.62800792116153,0.299964894144097,23.324640383169
10,37.5,4.58626064503105,0.296202404301864,22.8695716027673
10,37.75,4.54677984526571,0.292737485530739,21.5081877158888
10,38,4.51127677500306,0.289704813572122,16.4417042379912
10,38.25,4.48131777614389,0.287217832442396,14.7808803381352
10,38.75,4.443103654937,0.284200436096358,14.2134663222714
10,39,4.43659616433972,0.283754593680844,14.280935926897
10,39.25,4.43904229127247,0.28402218596624,14.2938557679483
10,39.5,4.45037424109987,0.284969944758178,14.3787672440245
10,39.75,4.47014825472895,0.286538189272245,14.3882603351458
10,40,4.49757845110072,0.288644717281903,14.3674893441458
10,40.25,4.53158404376943,0.291189252994482,14.338821450471
10,40.5,4.57084707218441,0.294058295708072,14.3136289062022
10,40.75,4.61387737182113,0.29713024956256,14.2976939510473
10,41,4.65907822741956,0.300280362475171,14.2753803677429
10,41.25,4.70481191699518,0.303385433407188,14.2468792980779
10,41.5,4.74946348095485,0.306328215908219,14.2134496866853
10,41.75,4.79150082031966,0.309001357247867,14.1730470824258
10,42,4.82952689315432,0.311310562382586,14.1242215407881
10,42.25,4.86232705601834,0.313177335607602,14.0675672062115
10,42.5,4.88890367133227,0.314540733760514,14.0151436512605
10.25,8.25,4.76034471424015,0.318576147500341,8.04172450397988
10.25,8.5,4.75848077112625,0.319151561800494,9.3249003663875
10.25,8.75,4.75640277068017,0.319538371531972,10.02426715107
10.25,9,4.75406005218909,0.319726059481931,10.5387661909279
10.25,9.25,4.75142304341008,0.319711868114949,10.9786964307818
10.25,9.5,4.74849369031049,0.319500716905565,11.3841481255981
10.25,9.75,4.74531803641451,0.319104987912244,11.7732100401849
10.25,10,4.74200189205195,0.318544324604088,12.1544249533188
10.25,10.25,4.73872663910765,0.317845439282711,12.53111461907
10.25,10.5,4.73576220275529,0.317041836797555,12.903948618114
10.25,10.75,4.73347493702571,0.316173372620505,13.2734882941379
10.25,11,4.73232569970394,0.315285418024935,13.6404130769931
10.25,11.25,4.73285810703906,0.31442768758155,14.0053595338691
10.25,11.5,4.73567216832501,0.313652317255904,14.3685845369281
10.25,11.75,4.74138365811157,0.313011275854821,14.72967538903
10.25,12,4.75057265554429,0.312553177494372,15.0872876297773
10.25,12.25,4.76372226295998,0.312319563920674,15.4389405100681
10.25,12.5,4.7811558468034,0.312341087521798,15.7809168163173
10.25,12.75,4.80297742443662,0.312633758797131,16.1083111742434
10.25,13,4.82902532572372,0.313195985251967,16.4152811374099
10.25,13.25,4.8588429673344,0.3140064907043,16.6955309675191
10.25,13.5,4.89167423495571,0.315023696949486,16.942853848628
10.25,13.75,4.92648376375981,0.316186674235295,17.1514345972019
10.25,14,4.96200329630131,0.317417823796771,17.3159361520512
10.25,14.25,4.9967971423674,0.318626949624329,17.4302706778944
10.25,14.5,5.02934403165031,0.31971672835588,17.4886787687908
10.25,14.75,5.05812505903806,0.32058887728656,17.4913884584713
10.25,15,5.0817116103797,0.321150665912086,17.4449123910972
10.25,15.25,5.09884533814574,0.32132112590727,17.3620628299892
10.25,15.5,5.10850334410358,0.32103638818525,17.2612155594349
10.25,15.75,5.10994762645279,0.320253922349119,17.1593196436701
10.25,16,5.10275245588907,0.318955076177392,17.0686035594641
10.25,16.25,5.0868129587618,0.317146032185946,16.996658205605
10.25,16.5,5.06233454768332,0.314857092367288,16.9477085727538
10.25,16.75,5.02980476120341,0.312140304850772,16.9238533264991
10.25,17,4.98995416210894,0.309066005437968,16.92590082565
10.25,17.25,4.943706521597,0.305718310711325,16.9538033809892
10.25,17.5,4.89212499333075,0.302190116444541,17.006806812355
10.25,17.75,4.8363559853079,0.298577846567716,17.0834668050135
10.25,18,4.77757557326218,0.294976406709515,17.181691077532
10.25,18.25,4.71694040178867,0.29147449682915,17.2988883758641
10.25,18.5,4.65554528730703,0.288150565358114,17.4320111906181
10.25,18.75,4.59438819837024,0.285069473651178,17.5771030959032
10.25,19,4.53434581469581,0.282280094343624,17.7300905733212
10.25,19.25,4.47615856362193,0.279813852537298,17.887588586609
10.25,19.5,4.42042583198166,0.27768420543906,18.0598840509595
10.25,19.75,4.36760874699743,0.275887037483257,18.2682248265894
10.25,20,4.31804158998655,0.274401981461237,18.5428479731543
10.25,20.25,4.27194827104498,0.273194546944506,18.9217544435769
10.25,20.5,4.22946157812923,0.27221904210598,19.4302475338704
10.25,20.75,4.19064157122336,0.271421897931505,19.9298193402506
10.25,22.75,4.00589608689363,0.265415489612908,18.7029877280757
10.25,23,3.99680067323895,0.264310904506162,18.4181588015551
10.25,23.25,3.99034185491619,0.263155892677437,18.1893656646011
10.25,23.5,3.98639931451921,0.261993275208733,18.0956621496849
10.25,24.5,3.99431355138601,0.258321265223528,17.3664234416135
10.25,24.75,4.00201134145224,0.257911285369229,17.1560482295834
10.25,25,4.0119048729777,0.257790219400531,17.0589247862575
10.25,27.5,4.17525014338959,0.271802423274187,15.1597651164376
10.25,27.75,4.18934391272127,0.273985335534149,14.9409933788415
10.25,28,4.20170715320549,0.276134844993377,14.7532526393546
10.25,31.25,4.35079007274148,0.297323504072311,16.4754675557156
10.25,31.5,4.38039139063677,0.299060518979821,19.7709251822231
10.25,31.75,4.41421648306334,0.300950222081208,21.4188142172273
10.25,32,4.45190954077852,0.303001086442825,22.4157957960941
10.25,32.25,4.49287718590676,0.305207534948817,23.0885262101758
10.25,32.5,4.53629919971725,0.307547642450163,23.5822679610606
10.25,32.75,4.58115530607998,0.309981789627725,23.9647917424158
10.25,33,4.62626553714471,0.312452571645622,24.2217317555587
10.25,33.25,4.67034154940032,0.314886026559928,24.426119249854
10.25,33.5,4.7120454488121,0.317194360903737,24.6444664130536
10.25,33.75,4.7500540942496,0.319280182091007,24.6709485015158
10.25,34,4.78312412280771,0.321042110875249,24.5378238017257
10.25,34.25,4.81015175187369,0.322381217584744,24.4483886510859
10.25,34.5,4.83022602187347,0.323207988591278,24.3578320238435
10.25,34.75,4.84267238621317,0.323449227304934,24.2324963532885
10.25,35,4.84708461305268,0.323054294057249,24.1012892028122
10.25,35.25,4.84334619087574,0.322000180328578,23.9726835555193
10.25,35.5,4.83163907773366,0.32029484408867,23.9098749546905
10.25,35.75,4.81244161100657,0.317978530473867,23.9258211638092
10.25,39.5,4.47974792435796,0.286839242987632,14.0819584668491
10.25,39.75,4.5051183881408,0.288805006512611,14.1168992193958
10.25,40,4.5369905640195,0.291209080553412,14.1185520337766
10.25,40.25,4.57414973960895,0.29394438914073,14.1133469040147
10.25,40.5,4.61520311852158,0.296895366504102,14.1142374720855
10.25,40.75,4.65864153772439,0.299942697279077,14.1478839943424
10.25,41,4.70290072307393,0.302967756381225,14.1525571835664
10.25,41.25,4.74642148232862,0.305856715757243,14.1450797711895
10.25,41.5,4.78770723421211,0.308504257375239,14.1338677132981
10.25,41.75,4.82537706932199,0.310816781142429,14.1140207348387
10.25,42,4.85821054114486,0.312714875005173,14.0861363572728
10.25,42.25,4.8851857407597,0.31413529878019,14.0536829393854
10.25,42.5,4.90550461651322,0.315032079187374,14.0239184473959
10.25,42.75,4.91860685909898,0.315376900803514,14.0055247539787
10.5,8,4.74219086309329,0.317035450785489,7.57864127110449
10.5,8.25,4.74296934037497,0.317765219924189,8.39556670348962
10.5,8.5,4.74363749147983,0.318323824635238,9.23412578772769
10.5,8.75,4.74409418265488,0.31869632643594,9.88908247836683
10.5,9,4.74425240631562,0.318874500552685,10.4189736587004
10.5,9.25,4.7440514582906,0.318857050958527,10.877326275384
10.5,9.5,4.74347134782974,0.318649636826203,11.2959790030726
10.5,9.75,4.74254865378548,0.318264884014621,11.6930080561365
10.5,10,4.74139483488544,0.317722494619198,12.0785715482371
10.5,10.25,4.74021275190691,0.317049356485751,12.4581804098881
10.5,10.5,4.73930773793561,0.316279466620764,12.8347609649982
10.5,10.75,4.73909099299896,0.315453532521277,13.2101335303096
10.5,11,4.74007003258563,0.314617957486835,13.5855677654235
10.5,11.25,4.74282801681281,0.313823364817506,13.9618940679448
10.5,11.5,4.74798694544529,0.313122177723066,14.3394026398232
10.5,11.75,4.75615682386335,0.312565478985996,14.7176665769306
10.5,12,4.76787668339259,0.312199338967876,15.0953189470294
10.5,12.25,4.78354888017855,0.312060745499966,15.469792948802
10.5,12.5,4.80337734965938,0.312173723778544,15.8370552548277
10.5,12.75,4.82731409820391,0.312545785833842,16.1914451971592
10.5,13,4.85502482909574,0.313165571822861,16.5258678617088
10.5,13.25,4.88587525719925,0.314001603091389,16.8325635923579
10.5,13.5,4.91894473724247,0.315002734949701,17.1040753566996
10.5,13.75,4.95306449144351,0.316100249627263,17.3334971558837
10.5,14,4.98688006892705,0.317211644088784,17.5155340452518
10.5,14.25,5.01892790785961,0.31824554033003,17.6403877593703
10.5,14.5,5.04772345382657,0.319107729422073,17.6925516828165
10.5,14.75,5.07184890172466,0.319707462582241,17.6699297642348
10.5,15,5.09003541754162,0.319963672222752,17.5791458475917
10.5,15.25,5.10123247580869,0.319810468696692,17.4365400680701
10.5,15.5,5.10465828103631,0.319201392012976,17.2736773830374
10.5,15.75,5.09983316617067,0.318112395037065,17.1163910896772
10.5,16,5.08658932935124,0.316542958779694,16.9801414321386
10.5,16.25,5.0650631113603,0.314515705367646,16.8726241424984
10.5,16.5,5.03566992241583,0.312074500663929,16.7970858749013
10.5,16.75,4.9990638414585,0.309281096551269,16.7545564127616
10.5,17,4.95609055697413,0.306211083026034,16.7449926184744
10.5,17.25,4.90773258406043,0.30294908048909,16.7676712889999
10.5,17.5,4.85505481900617,0.2995838058436,16.8211284569884
10.5,17.75,4.79915107424347,0.296203166230867,16.9029172525951
10.5,18,4.74109686694798,0.292889838339428,17.0095194992114
10.5,18.25,4.68190978935348,0.289717389894839,17.1367361794769
10.5,18.5,4.62251812504841,0.286747117824626,17.2799909017615
10.5,18.75,4.56373951425805,0.284025748404884,17.4313926869535
10.5,19,4.5062699287793,0.281584023544472,17.5816421415619
10.5,19.25,4.45068173160368,0.279436197137083,17.7075774389618
10.5,19.5,4.39743034298043,0.277580427236506,17.8214268084303
10.5,19.75,4.3468655577742,0.275999953637228,17.9452248796276
10.5,20,4.29924807973884,0.27466507251027,18.1004536730413
10.5,20.25,4.25476684588878,0.27353573106708,18.3033113454623
10.5,20.5,4.21355535818077,0.272564720687088,18.5524568532338
10.5,20.75,4.17570427393756,0.271701063701865,18.7698110039899
10.5,21,4.14127131666351,0.270893728763202,18.823910085872
10.5,22.75,3.9951214075272,0.263970363892372,17.6246750074656
10.5,23,3.98696320366684,0.262731604224994,17.400245941284
10.5,23.25,3.98167161099352,0.261505857901156,17.2216507372911
10.5,24.5,3.99535456297347,0.257361387339584,16.321565762425
10.5,24.75,4.00563710383474,0.257263676540223,16.127885454068
10.5,27.5,4.19403547654099,0.273879279464821,13.960770858054
10.5,27.75,4.20747946927671,0.276066407858422,13.7440101137621
10.5,28,4.21908884675774,0.278188054411679,13.547192802989
10.5,31,4.35645883209347,0.297532660477344,24.3255794164689
10.5,31.25,4.3848202595158,0.299236480535471,21.6047110815402
10.5,31.5,4.41733627921199,0.301081871454865,21.9600221387546
10.5,31.75,4.45369311705331,0.303078465597003,22.7526912768539
10.5,32,4.49333913424652,0.305222477272021,23.3781610173593
10.5,32.25,4.53549630686067,0.307494465217237,23.8388075817887
10.5,32.5,4.57918416103688,0.309857871459453,24.215267584917
10.5,32.75,4.62325909709801,0.312258752524346,24.5884783797845
10.5,33,4.66646543007862,0.314626928551552,24.7377570448977
10.5,33.25,4.70749452613153,0.316878550395172,24.8624229095993
10.5,34,4.80496472085558,0.321982976826055,24.8932168467913
10.5,34.25,4.82533819386765,0.322820967179731,24.8183589660954
10.5,34.5,4.83835050614147,0.323095471847418,24.7485965302517
10.5,34.75,4.84359341544016,0.32275589691424,24.5661364785597
10.5,35,4.84094050303701,0.321778059337403,24.3977901358341
10.5,35.25,4.83055571681378,0.320167566009978,24.1709823707619
10.5,40.75,4.70216842703584,0.302661108517496,14.03208558434
10.5,41,4.74456338990427,0.305495162566612,14.0468366476042
10.5,41.25,4.785086076029,0.308115195419681,14.0513386094662
10.5,41.5,4.82237761852661,0.310428689158348,14.0662199888129
10.5,41.75,4.85521993326728,0.312355898870833,14.0655856548453
10.5,42,4.88257272352961,0.313831692655807,14.0544477913665
10.5,42.25,4.90360227632041,0.314806889395263,14.0381515135533
10.5,42.5,4.91769767114193,0.315248818389951,14.0216860987795
10.5,42.75,4.92447564523802,0.315141253226966,14.0093393804877
10.5,43,4.92377447528607,0.314483768265183,14.0019604102191
10.75,8,4.7276901553312,0.316361802089704,8.21819532786932
10.75,8.25,4.73104466894346,0.317083984145709,8.73225856920275
10.75,8.5,4.73425214298709,0.317634575773516,9.32628267935878
10.75,8.75,4.73717075863421,0.318000250673547,9.87790117683084
10.75,9,4.7396777387316,0.318173609614895,10.3700244222826
10.75,9.25,4.74168638761888,0.318153602491909,10.8153766086091
10.75,9.5,4.74316463195551,0.317945835344476,11.2295065543632
10.75,9.75,4.74415351116814,0.317562909753032,11.6246210571657
10.75,10,4.74478691468997,0.317024865598164,12.0092141824344
10.75,10.25,4.74530688278664,0.316359522368957,12.3888999328762
10.75,10.5,4.74607033341327,0.31560244836658,12.7673429998974
10.75,10.75,4.74754547381488,0.314796397727674,13.1470186957278
10.75,11,4.75029226473714,0.313989880897431,13.5296259450588
10.75,11.25,4.75493150390741,0.313235200271106,13.9162465296734
10.75,11.5,4.76209720258402,0.312585393553851,14.3073522311759
10.75,11.75,4.77237644015804,0.312090497594919,14.7027210692284
10.75,12,4.78624536194903,0.311793461957402,15.1012572631989
10.75,12.25,4.80400249063196,0.311725883868214,15.5006602205011
10.75,12.5,4.82571227197428,0.311904306267586,15.8968918727515
10.75,12.75,4.85116184949449,0.312327125873049,16.2835620859993
10.75,13,4.87984232438904,0.312973101117499,16.6518174802411
10.75,13.25,4.91095276581432,0.313801121883563,16.9917132698672
10.75,13.5,4.94343261226613,0.314751827512256,17.294455291459
10.75,13.75,4.97601642972111,0.315750815144938,17.5510376349015
10.75,14,5.00730952822585,0.316713390469333,17.7622346510188
10.75,14.25,5.03587121501978,0.317550047680833,17.9157852173504
10.75,14.5,5.06030439837022,0.318172766629411,17.9671316200192
10.75,14.75,5.07933818268398,0.318501061598894,17.9155864268476
10.75,15,5.09190006828734,0.318467571713774,17.7660920819052
10.75,15.25,5.09717125802875,0.31802256349476,17.532457430291
10.75,15.5,5.09461992333372,0.317136901304069,17.2805206265276
10.75,15.75,5.08401777396009,0.315803717667144,17.0504053353112
10.75,16,5.06543231253056,0.31403814525446,16.8588900325407
10.75,16.25,5.03920435276692,0.311875755507205,16.7109041762807
10.75,16.5,5.00591095270621,0.309369739758895,16.6067256821595
10.75,16.75,4.96631587049348,0.306586865858819,16.5452817162541
10.75,17,4.92131854024363,0.303603194168692,16.5253027706153
10.75,17.25,4.87189835578598,0.300499294004823,16.5453867541716
10.75,17.5,4.8190639525892,0.297355682363625,16.6034538080732
10.75,17.75,4.76380642115703,0.294248503167124,16.6959172205878
10.75,18,4.70706215509288,0.291245918878255,16.8171778862288
10.75,18.25,4.64968563625656,0.288405153950619,16.9608895887791
10.75,18.5,4.59243088267916,0.285770260973267,17.123662948492
10.75,18.75,4.53594425038845,0.283370836214108,17.2914212324037
10.75,19,4.48076584639524,0.281221520144769,17.4617103571879
10.75,19.25,4.42733811713514,0.279322329674465,17.5419562347946
10.75,19.5,4.37602019230114,0.277659799612368,17.5737882231981
10.75,19.75,4.32710298170178,0.276208744608914,17.5907662607261
10.75,20,4.28082586783986,0.274934664266434,17.6099617396664
10.75,20.25,4.23739023917967,0.273796564218653,17.6371238201867
10.75,20.5,4.19696918434454,0.272750183251789,17.701667155939
10.75,20.75,4.15971182280868,0.271751198085325,17.761375051271
10.75,21,4.12574476474188,0.270758612039234,17.7492837404633
10.75,23,3.97758497541917,0.261073351509606,16.3250628069442
10.75,23.25,3.97392013670068,0.259858463430271,16.1340892423297
10.75,23.5,3.97327462299323,0.258776615793667,15.9627111627343
10.75,27.5,4.21204048620102,0.275932207285319,12.7654226838216
10.75,27.75,4.22473056315199,0.278093430248891,12.5508281814543
10.75,30.75,4.36285993166663,0.297774365655852,24.8812317143708
10.75,31,4.3900837217387,0.299454134579682,24.3863254922425
10.75,31.25,4.42136694632717,0.301263374131993,23.5674523523392
10.75,31.5,4.45643484591698,0.30321254459478,23.6187213644294
10.75,31.75,4.49477674779078,0.305299357169006,24.1714969657813
10.75,32,4.5356544722047,0.307506504595885,24.4408313833074
10.75,32.25,4.57812719170805,0.309800213848828,24.6226538698555
10.75,32.5,4.62108821775469,0.312129847149513,24.8090607173526
10.75,34.75,4.83765148144375,0.321517069522632,24.8867166848687
10.75,35,4.82837773813534,0.319987845861263,24.7545030076049
10.75,35.25,4.81205395891845,0.317879864592409,24.4874562264168
10.75,41.5,4.85326118898972,0.312094555462962,14.0157724574431
10.75,41.75,4.88096666238152,0.313623431350636,14.0290103249161
10.75,42,4.90268968886084,0.314675610733575,14.0288844039613
10.75,42.25,4.91777374056556,0.315214415071192,14.023324682108
10.75,42.5,4.92577730805912,0.315218642740467,14.0155314108217
10.75,42.75,4.9264711725574,0.314682205537433,14.0082154425681
10.75,43,4.91982634226856,0.313613305151794,14.0024214039016
11,7.75,4.71271745987011,0.31495088782469,8.11999186346283
11,8,4.71868034471785,0.315827106520269,8.55271898557903
11,8.25,4.72457358347923,0.316547812071822,8.99001612200562
11,8.5,4.73019993961999,0.317094636976664,9.45979050457255
11,8.75,4.73537789638903,0.317454479991743,9.924796607651
11,9,4.73995460908053,0.317619653820728,10.366670597026
11,9.25,4.74382819236076,0.317588702238413,10.783856309417
11,9.5,4.74696990242909,0.31736709049588,11.181628995138
11,9.75,4.749443828062,0.316967880588049,11.5666465013761
11,10,4.75142611460188,0.316412428367243,11.9448748905794
11,10.25,4.75321651975725,0.31573079189984,12.3210637058503
11,10.5,4.75523806681622,0.314961522232796,12.6988100104995
11,10.75,4.75802410501473,0.314150695305208,13.0807806383893
11,11,4.76218692473079,0.313349839072215,13.4688956093461
11,11.25,4.7683762264923,0.31261334965787,13.8644402954354
11,11.5,4.77722145553428,0.311994741539628,14.268128119993
11,11.75,4.78926444417432,0.311542369939878,14.6801245917468
11,12,4.80489401791634,0.311295100452305,15.099976598022
11,12.25,4.82428246975292,0.311278084321616,15.5262764809466
11,12.5,4.84733890650118,0.311499522672107,15.9557642399947
11,12.75,4.87368008028172,0.311948289943093,16.3816901282339
11,13,4.90263000873347,0.312593534722113,16.7923950220834
11,13.25,4.93324242848179,0.313385569748863,17.1737893553784
11,13.5,4.9643509275313,0.314258648243273,17.5172380643152
11,13.75,4.99463732633549,0.315135153824704,17.8016497382037
11,14,5.02271635991622,0.31593107804397,18.0562996367488
11,14.25,5.04722046359541,0.316561729639586,18.2861323353875
11,14.5,5.06688592848478,0.31694793632517,18.341507248976
11,14.75,5.08062569595609,0.317021497946295,18.2594804539343
11,15,5.08758793779196,0.316729861102153,18.0391477711395
11,15.25,5.08719494779971,0.316039434141122,17.6477411407864
11,15.5,5.07915798391419,0.314937185526507,17.2639070337228
11,15.75,5.06347751665998,0.313431062523584,16.9411765580986
11,16,5.04041932682798,0.311548483752122,16.6869561766808
11,16.25,5.01047995017748,0.309333860330936,16.4965327515033
11,16.5,4.97434111215243,0.306845176201579,16.3640175497459
11,16.75,4.93281486829408,0.304149579275055,16.2850920406466
11,17,4.88679320161502,0.301319213024557,16.2571490112443
11,17.25,4.83719561512383,0.298426745280067,16.2785369205068
11,17.5,4.78492641751587,0.295541430865019,16.3471798299829
11,17.75,4.73083809487189,0.29272554526454,16.4585430854939
11,18,4.67570696129833,0.290031699134919,16.6033211300147
11,18.25,4.6202199608939,0.287500839978939,16.7691031885488
11,18.5,4.56496903890489,0.285160913499967,16.9672461912038
11,18.75,4.51045671962187,0.283026510690779,17.1546648335641
11,19,4.4571071910493,0.28109915035311,17.4368384406343
11,19.25,4.40528149414536,0.279368281295915,17.4244801629643
11,19.5,4.35529486572442,0.277812974767794,17.3371321741428
11,19.75,4.30743067124767,0.276404051051688,17.2278777468146
11,20,4.26195281334135,0.275106683238975,17.1032376704864
11,20.25,4.21911195725411,0.273883211097117,16.9231361795471
11,20.5,4.17914641151567,0.272696185886104,16.843425898824
11,20.75,4.14227742774607,0.271511182711095,16.8092822416249
11,23,3.96922008291079,0.259423421491188,15.211543742518
11,23.25,3.96762149821618,0.258300062891281,15.0187995325248
11,23.5,3.96925847407032,0.25737640361615,14.8302860276063
11,30.5,4.36997555161728,0.298046928054389,24.983285131987
11,30.75,4.3961780054377,0.299712521225672,24.9073656633502
11,31,4.42631790262519,0.301494511778935,24.7823862554694
11,31.25,4.4601587902187,0.303403967327704,24.6157677192904
11,31.5,4.4972280783054,0.305439759574464,24.7097468158914
11,41.75,4.90264595965393,0.314629653268236,14.0063334038668
11,42,4.91870701319813,0.315264281557527,14.0092127761351
11,42.25,4.92794066281155,0.315380723729776,14.0109723668575
11,42.5,4.93005377304161,0.31496747033636,14.0089720339344
11,42.75,4.92494701758224,0.314026859093378,14.0055519547161
11,43,4.91269933289859,0.312574221581764,14.00191100783
11.25,7.75,4.70660344912873,0.314561856436139,8.67285344926838
11.25,8,4.71509936404026,0.315443328421283,8.88219084006164
11.25,8.25,4.72336524356806,0.316163723647506,9.21365542747449
11.25,8.5,4.73115968788062,0.316704216717341,9.59574642404593
11.25,8.75,4.73826789713588,0.317050932978027,9.99255323096692
11.25,9,4.74451862927521,0.317195378693805,10.3861419152007
11.25,9.25,4.74981147283007,0.317135773652873,10.7703902340759
11.25,9.5,4.75414137465596,0.316878131696339,11.1456257117296
11.25,9.75,4.75761727472262,0.316437172986786,11.5149744518486
11.25,10,4.76047828857079,0.315837100504564,11.8823600547287
11.25,10.25,4.76309868791399,0.315111838226982,12.2515630926481
11.25,10.5,4.76597784741303,0.314304384780399,12.6258447455796
11.25,10.75,4.76971613690377,0.313465209726171,13.0078318148273
11.25,11,4.77497069636943,0.312649358199722,13.3995083530059
11.25,11.25,4.78240415969051,0.311913207202657,13.8022658472603
11.25,11.5,4.79261899184797,0.31131006932926,14.2170192924638
11.25,11.75,4.80608613034261,0.310885530058202,14.6444020380324
11.25,12,4.82308268843326,0.31067313069879,15.0849828465599
11.25,12.25,4.84363600866596,0.310690467341393,15.5392361940482
11.25,12.5,4.86749101199143,0.310936717181186,16.0064904160151
11.25,12.75,4.89409792313683,0.311391192696974,16.4813629667047
11.25,13,4.92263161390277,0.312014187688696,16.9473500828094
11.25,13.25,4.95203161089395,0.31274898713092,17.3786782492059
11.25,13.5,4.98106734846884,0.313525684801094,17.7848429614221
11.25,13.75,5.00841599728937,0.314266122703104,18.0699604200271
11.25,14,5.03275135514387,0.314889789110532,18.3649770790978
11.25,14.25,5.05282471188434,0.315319379271687,18.8239683505348
11.25,14.5,5.0675429413586,0.315486566208236,18.851903976685
11.25,14.75,5.0760275409155,0.315336555488829,18.7439032155551
11.25,15,5.0776570463356,0.314831645898884,18.4867788948555
11.25,15.25,5.0720883667615,0.313953271776119,17.7552198471392
11.25,15.5,5.0592531866561,0.31270225013445,17.1811652684006
11.25,15.75,5.03934374363268,0.311098120793346,16.7546036562194
11.25,16,5.01277522171602,0.309176627130664,16.4398791251542
11.25,16.25,4.98014284128329,0.306986637022378,16.2116083307229
11.25,16.5,4.94217209090373,0.30458647150786,16.0548843705004
11.25,16.75,4.89966282890713,0.302039438519038,15.9619242570421
11.25,17,4.85344432612563,0.299410101378174,15.9294595996612
11.25,17.25,4.80433014650411,0.296760346598384,15.9568402937611
11.25,17.5,4.75308711697256,0.294146251698108,16.043786683241
11.25,17.75,4.70041124105989,0.291615360558325,16.18670723614
11.25,18,4.64691745562242,0.289204953168087,16.3703425096027
11.25,18.25,4.59314036059861,0.286940968583836,16.5492241490075
11.25,18.5,4.53953976821332,0.284837460449408,16.8282180333939
11.25,18.75,4.48651605377532,0.282897039565844,16.9313701665968
11.25,20.25,4.19940989006248,0.273719404901996,16.0885612352275
11.25,20.5,4.15974060830318,0.272344898873467,15.9207962270163
11.25,30.25,4.37777872559631,0.298347920839215,24.9990145882716
11.25,30.5,4.40308421744258,0.300009502585187,24.9931759882816
11.25,30.75,4.43218419466675,0.301773907353076,24.9836292648727
11.25,42.25,4.9343609903465,0.315327120795544,14.0024640699554
11.25,42.5,4.93082924560303,0.314517958302003,14.003841798698
11.25,42.75,4.92022601748366,0.3131978876737,14.0030704180505
11.25,43,4.90271696850315,0.311388369334176,14.0015557925053
11.25,43.25,4.87860712866383,0.30912195003207,14.0003098914768
11.5,7.5,4.6948763799921,0.313297256366663,8.62279324246046
11.5,7.75,4.70587318195859,0.314328830735899,8.84191430300612
11.5,8,4.71669258793745,0.315213803945622,9.08770253407539
11.5,8.25,4.72703462180172,0.315927933997771,9.3836325836965
11.5,8.5,4.73662064515873,0.316451033042892,9.71369985000722
11.5,8.75,4.74521526171873,0.316768083150474,10.0605534667429
11.5,9,4.75264662627855,0.316870026887055,10.4125548381192
11.5,9.25,4.75883763116837,0.316755640688566,10.7641760843822
11.5,9.5,4.76383065908883,0.316432903581802,11.1143355777645
11.5,9.75,4.76780222505255,0.315919945987824,11.4645659532636
11.5,10,4.77107330398453,0.315245657816883,11.8176442818773
11.5,10.25,4.77410499525468,0.314449483464626,12.1767166201561
11.5,10.5,4.77747666185856,0.313580090015393,12.5447791538012
11.5,10.75,4.78184978450976,0.312692952539255,12.9243832094814
11.5,11,4.78791105307732,0.311846542912595,13.3174883505088
11.5,11.25,4.79631357597483,0.311098499449151,13.7254505154552
11.5,11.5,4.80760645244849,0.310500738613188,14.1491868723423
11.5,11.75,4.82216344997708,0.3100946507197,14.5896005358743
11.5,12,4.84012871442307,0.309907110751859,15.0483529684982
11.5,12.25,4.86137253635774,0.309947192038857,15.5289201572036
11.5,12.5,4.88547604891654,0.31020471593417,16.0369235137173
11.5,12.75,4.91173730080479,0.310649873019874,16.5751121177046
11.5,13,4.93921006331342,0.311235366895585,17.1209874023013
11.5,13.25,4.96675884683543,0.31189942953588,17.5929914161884
11.5,13.5,4.9931353013081,0.312570460236797,18.1592048255332
11.5,13.75,5.01706043970117,0.313172407761891,18.3179634943804
11.5,14,5.03731259919043,0.313630747328737,18.4996279625802
11.5,15.25,5.05283208628012,0.311860497948484,17.6997509409862
11.5,15.5,5.03602515847764,0.310531216104628,16.9393688254615
11.5,15.75,5.01281765687869,0.308902126232561,16.4413613267634
11.5,16,4.98371738144272,0.307013084702926,16.0899448164439
11.5,16.25,4.94935781177096,0.304913129177622,15.8383716329148
11.5,16.5,4.91044891998485,0.302656900281175,15.6658954119372
11.5,16.75,4.86772454062537,0.30030038259851,15.5638222282154
11.5,17,4.8219074419711,0.297897877646051,15.5300864910392
11.5,17.25,4.77367466127114,0.295498758131705,15.5672200265892
11.5,17.5,4.72364071858804,0.293145243988822,15.6802280826797
11.5,17.75,4.67234690439668,0.2908705232065,15.8743120001012
11.5,18,4.62026472489582,0.288697935835862,16.1454869661115
11.5,18.25,4.56780873761965,0.286640717831279,16.2345546342189
11.5,42.5,4.9283805295171,0.313888984030706,14.0008573513661
11.5,42.75,4.91258899296023,0.312213781878459,14.0013021675608
11.5,43,4.89015058203622,0.310073646392131,14.0008976666594
11.5,43.25,4.86142851464135,0.30750638846764,14.0002883528486
11.75,0,4.74167555852473,0.304206426969953,4.20903503786804
11.75,0.25,4.74880968966249,0.304609508383533,5.45878733559293
11.75,6.5,4.64616571979671,0.308068499544259,9.48962371677127
11.75,6.75,4.65785314512163,0.309437154527627,7.75737789433427
11.75,7,4.67042140522453,0.310773042959776,7.7803492455039
11.75,7.25,4.68356252045933,0.312042425775535,8.36025349629059
11.75,7.5,4.69694255264789,0.313212406704755,8.71405190232833
11.75,7.75,4.71021080287527,0.314251598171519,8.98153247945528
11.75,8,4.72301420012289,0.31513090751238,9.23956880425145
11.75,8.25,4.73501145841231,0.315824131355385,9.51552238960751
11.75,8.5,4.74590013541419,0.316309472422732,9.81102078405281
11.75,8.75,4.75544330372741,0.316571188955529,10.1200669401307
11.75,9,4.76349165365838,0.316600720365926,10.4367131867804
11.75,9.25,4.77001670267308,0.316399018987317,10.7575262840397
11.75,9.5,4.77513298902858,0.31597800214677,11.0817406902735
11.75,9.75,4.77910541294707,0.31536125908304,11.4105982500386
11.75,10,4.78235102804693,0.314584208414188,11.7465564080771
11.75,10.25,4.7854231736986,0.313693186738518,12.0926030515793
11.75,10.5,4.78897663300475,0.312743239446584,12.4517226638162
11.75,10.75,4.7937198103496,0.311794812935372,12.8264993353046
11.75,11,4.8003465549075,0.310909043102052,13.2188500016109
11.75,11.25,4.80947337832136,0.31014353019708,13.6299172801124
11.75,11.5,4.82156841052876,0.309547206463466,14.0602085303316
11.75,11.75,4.83688452817015,0.309155689775268,14.510159318143
11.75,12,4.85541786531614,0.308987953755731,14.9815064832858
11.75,12.25,4.87687857951914,0.309043910757618,15.4804091486752
11.75,12.5,4.90069491668,0.309304172624066,16.023809109012
11.75,12.75,4.92603741834486,0.309730768969041,16.645281835551
11.75,13,4.95187526124514,0.310270530381591,17.3515973295555
11.75,13.25,4.97704227914714,0.310858887903634,17.6970141699398
11.75,15.25,5.03052910017621,0.309855294315495,17.0146815021273
11.75,15.5,5.01064651039875,0.30851555120837,16.4135495426788
11.75,15.75,4.98507639002299,0.306927168946045,15.959803326368
11.75,16,4.95435952464435,0.305130020750073,15.6187326320315
11.75,16.25,4.91910949121747,0.303169478664275,15.365465051142
11.75,16.5,4.87996888344274,0.301093238115139,15.1875087131012
11.75,16.75,4.83756376576627,0.298947461880853,15.0807892961812
11.75,17,4.79248258623182,0.296774655650683,15.0465564031824
11.75,17.25,4.74525380164999,0.294611167780534,15.0927333849864
11.75,17.5,4.696344383523,0.292485898577628,15.2319262337488
11.75,17.75,4.64616153718072,0.290419192552493,15.4874138316439
11.75,42.75,4.90227154123717,0.311089912534092,14.0003706508214
11.75,43,4.87522352169383,0.308645634789229,14.0004233911788
11.75,43.25,4.84222345687291,0.305806595602838,14.0002246597388
11.75,43.5,4.80380355604238,0.302626274155511,14.0000449078061
12,0.25,4.73945781539108,0.304214152027622,4.53491109044704
12,0.5,4.73933993442333,0.304237042414818,5.74643065887969
12,0.75,4.73612834683855,0.304090433445712,5.94406162468591
12,1,4.73005073262315,0.303785934954256,5.98740555024801
12,5.75,4.6070127051205,0.30384977475486,9.86940420436972
12,6,4.61743003873482,0.305189959578771,9.78012551968791
12,6.25,4.62949323993603,0.306589441634056,9.65030903732863
12,6.5,4.64293952608365,0.308015079605289,9.19000372226274
12,6.75,4.657465395558,0.309432565155717,8.55391104521656
12,7,4.6727277780573,0.310806669427624,8.43924416256542
12,7.25,4.68835570876456,0.312102220582757,8.64340674021894
12,7.5,4.7039530993392,0.313284243664557,8.88678727554557
12,7.75,4.71911302065538,0.314318862840244,9.1262217580657
12,8,4.73343821489909,0.315174487239993,9.36905574327719
12,8.25,4.74656011291708,0.315822822247927,9.62345403105478
12,8.5,4.75817247023793,0.316241027219987,9.89076966310407
12,8.75,4.76806140869816,0.316413894049265,10.1686207861772
12,9,4.7761268618666,0.316335167683426,10.4541426860298
12,9.25,4.78241526888367,0.316010152011431,10.7457095559957
12,9.5,4.78713608404428,0.315456961899458,11.0434341769546
12,9.75,4.79065855629903,0.314706670800669,11.3489924403391
12,10,4.79350288563405,0.313802748345912,11.6651580188117
12,10.25,4.79631152029395,0.312799235757422,11.995252891064
12,10.5,4.79980136899804,0.311757562828844,12.3426078735547
12,10.75,4.80470601435231,0.310742382522643,12.7100731226695
12,11,4.81169886530194,0.309816088480179,13.0996093074418
12,11.25,4.82133093647572,0.309034491374613,13.5120096853657
12,11.5,4.83396382161987,0.308441753110358,13.9468465281094
12,11.75,4.84971151698166,0.30806621146264,14.4027817236842
12,12,4.86841585160428,0.307918013375869,14.8785636251357
12,12.25,4.88963420227037,0.307987744853691,15.3766151235113
12,12.5,4.91266330057548,0.308247488513238,15.9190038885917
12,12.75,4.93657962563017,0.30865255096891,16.6132770337926
12,15.25,5.00631884427896,0.308023066111142,16.1537680673067
12,15.5,4.98424982958055,0.306732667107935,15.7126456628651
12,15.75,4.95717885503539,0.305238322531044,15.3391958132349
12,16,4.92562294793074,0.303576292357399,15.0347088131361
12,16.25,4.89012565161585,0.301785206432304,14.7938668836629
12,16.5,4.85122301573272,0.299903542639946,14.6166460280596
12,16.75,4.80940791311522,0.297966283021516,14.5068731687189
12,17,4.76512536724372,0.29600381370589,14.4679071686966
12,17.25,4.71876261095707,0.294040140243824,14.5153346087767
12,17.5,4.67066227270838,0.292092485073256,14.6637280987804
12,42.75,4.88946794896304,0.309840134148376,14.0001220114713
12,43,4.85812159780346,0.307119535720613,14.0001925080069
12,43.25,4.8211762966087,0.304040049648997,14.0001336868216
12,43.5,4.77922848999589,0.300661542681483,14.0000412900457
12.25,0.75,4.71638450761474,0.303208607052421,5.98734829063631
12.25,1,4.70730524672325,0.302759996940371,5.98042399420651
12.25,1.25,4.69616286082428,0.30220077574054,5.97341099015142
12.25,5.25,4.57944397096694,0.301204884651783,9.61598028601469
12.25,5.5,4.58888659417615,0.302429289895307,9.55415158725783
12.25,5.75,4.60043526360816,0.303764756834257,9.43533720524348
12.25,6,4.61386703652832,0.305182600834469,9.38145213080444
12.25,6.25,4.62890120506374,0.306650685943799,9.2851855053059
12.25,6.5,4.64521460986319,0.30813487139753,9.07353473261239
12.25,6.75,4.66243905409819,0.309599344794223,8.83397121529419
12.25,7,4.68016395776124,0.311006670985382,8.77657531033892
12.25,7.25,4.69795315365581,0.312318932377352,8.88202507101879
12.25,7.5,4.71535083196099,0.313497987997017,9.0581736405863
12.25,7.75,4.73190215412897,0.314506840217117,9.26244228963654
12.25,8,4.74718046603425,0.315311395178591,9.48211828178625
12.25,8.25,4.76081063281747,0.315881971405225,9.71397896464731
12.25,8.5,4.77250823811999,0.316196105248146,9.9560995557213
12.25,8.75,4.7821106771343,0.316241138102823,10.2064068611094
12.25,9,4.7895947969651,0.316015484298113,10.4632873569
12.25,9.25,4.7951062158205,0.315531249305061,10.726311924068
12.25,9.5,4.79896710881002,0.314814959538705,10.9965602868098
12.25,9.75,4.80165965836718,0.31390684239471,11.2765458750713
12.25,10,4.80380545640194,0.312859336166105,11.569861898996
12.25,10.25,4.80612384462914,0.311734241258497,11.8806651226847
12.25,10.5,4.80937254262559,0.310598587406519,12.2130859647984
12.25,10.75,4.81428289129505,0.309519769428681,12.5706201456558
12.25,11,4.82147785278273,0.308559522648296,12.9555375755257
12.25,11.25,4.83141551464764,0.307769869721111,13.3683562965067
12.25,11.5,4.8443306686353,0.307188452475832,13.8074746896511
12.25,11.75,4.86018882827685,0.306835107425296,14.2689080389072
12.25,12,4.87868152817852,0.306710697771784,14.7449727005001
12.25,12.25,4.89923126107019,0.306796860961135,15.2183763056397
12.25,12.5,4.92103365545896,0.307058333465449,15.6495223550761
12.25,12.75,4.94311053464601,0.307445486963632,16.1232893316919
12.25,15.25,4.98128552600036,0.306434341239037,15.2356356306707
12.25,15.5,4.95783597460938,0.305240389690693,14.9143547522429
12.25,15.75,4.92998057757665,0.303877057696957,14.6213495122327
12.25,16,4.89816446496854,0.30237412786078,14.3603127608436
12.25,16.25,4.86282416237048,0.300761400226416,14.1336316096234
12.25,16.5,4.82436669434233,0.299066999537714,13.9555121701153
12.25,16.75,4.78314505032307,0.297314558013679,13.8421860113186
12.25,17,4.73947096615216,0.29552318707859,13.7864457282814
12.25,17.25,4.69361575937738,0.293706296780819,13.8253142133944
12.25,42.75,4.87434052430707,0.30847858655167,14.000045835463
12.25,43,4.83900737755772,0.3055120277143,14.0000879878048
12.25,43.25,4.798461344117,0.302226870518016,14.0000716029874
12.25,43.5,4.75337600068553,0.298689936902505,14.0000256716366
12.5,1,4.6833424768095,0.301725834484483,5.97329584483034
12.5,1.25,4.67022271806039,0.30108271615655,5.85851272111482
12.5,1.5,4.65598380073586,0.300385518236888,5.88593203961488
12.5,1.75,4.64110685797244,0.299664755960342,5.94134356064161
12.5,5,4.56208048101206,0.299930185310906,6.49979828137246
12.5,5.25,4.57225277644136,0.301117687531874,8.13670317741297
12.5,5.5,4.58476673492668,0.302436051328043,8.71869744750227
12.5,5.75,4.59938575018255,0.303858059881184,8.9356991371196
12.5,6,4.61582914335269,0.305353933678935,9.02588439878189
12.5,6.25,4.63375115109723,0.306889861675527,9.03838648213455
12.5,6.5,4.65276088826228,0.308429519296749,8.98921856829461
12.5,6.75,4.67242005960133,0.309934261461342,8.93324367558389
12.5,7,4.69224844950694,0.311363150638641,8.94833948860698
12.5,7.25,4.71174757732115,0.312674499852684,9.04520391942623
12.5,7.5,4.73041063224764,0.313826446233742,9.19620124535272
12.5,7.75,4.74775014471958,0.314778970243661,9.3780994450862
12.5,8,4.76333164822628,0.315496323597393,9.57818526217713
12.5,8.25,4.77679984021155,0.315949010440405,9.78999505684031
12.5,8.5,4.7879214430955,0.31611713034786,10.0097431924651
12.5,8.75,4.79661430327531,0.315993144474119,10.2349840550119
12.5,9,4.80295773949991,0.315582762943163,10.4645319864099
12.5,9.25,4.80721572782431,0.314907275347648,10.6987340405872
12.5,9.5,4.8098334531134,0.314003446160823,10.9396370848364
12.5,9.75,4.8114055468914,0.31292167742085,11.1908931083442
12.5,10,4.81264386915084,0.311723485687752,11.4573915197058
12.5,10.25,4.81432405314144,0.310477638705111,11.744679222694
12.5,10.5,4.81721717125381,0.309255223609424,12.0582600497261
12.5,10.75,4.8220220346364,0.308124351725373,12.4028383827929
12.5,11,4.82928207266488,0.307143888939528,12.7815121111464
12.5,11.25,4.83933980728685,0.306360070672211,13.194927905359
12.5,11.5,4.85229101845743,0.305802536403814,13.6406799141474
12.5,11.75,4.86795319688842,0.305481859639324,14.1136467034011
12.5,12,4.8858821402157,0.305389715557349,14.6059632785352
12.5,12.25,4.90539258350064,0.305499695821015,15.093973782492
12.5,12.5,4.92561575957245,0.305770759846602,15.3293519838418
12.5,15.5,4.93219280952357,0.304072755803794,14.0584246706833
12.5,15.75,4.904066487413,0.302858320761983,13.8434618090116
12.5,16,4.8723289108904,0.301517718673212,13.6246427406075
12.5,16.25,4.83728946839048,0.300070954558888,13.3990142122265
12.5,16.5,4.79922244802907,0.298535840340116,13.2055192427751
12.5,16.75,4.7583531871709,0.296925625494206,13.0984134807459
12.5,17,4.7148877708427,0.295250023399549,12.9915385651779
12.5,42.75,4.85703218746849,0.307021342425076,14.000019115251
12.5,43,4.81803571751078,0.303842705110772,14.0000409248913
12.5,43.25,4.77425914662854,0.300390838525621,14.0000365693119
12.5,43.5,4.7264670159482,0.296739802429857,14.0000140719757
12.75,1.25,4.64433447181663,0.300024006625846,5.59596586033017
12.75,1.5,4.62911220715435,0.299297151295294,5.62693162558577
12.75,1.75,4.6136838877776,0.298570181265947,5.76005592671968
12.75,2,4.59850275943294,0.297872869460671,5.92800419310582
12.75,4.75,4.54647447674346,0.298783889222157,6.22729034431491
12.75,5,4.55721576542728,0.299923789528901,6.85462410416875
12.75,5.25,4.57051588112474,0.301212313221007,7.69466700092293
12.75,5.5,4.58614657082553,0.302625470932465,8.24161643481873
12.75,5.75,4.60380723115744,0.304134214645741,8.56111580732039
12.75,6,4.62315175474171,0.305706746700162,8.7485107337652
12.75,6.25,4.64376199341751,0.307306356141139,8.8551285039237
12.75,6.5,4.66517428844935,0.308893204360322,8.91351489469712
12.75,6.75,4.68687853245643,0.310424552638626,8.96114881974925
12.75,7,4.70832790187959,0.311854978740075,9.0355024550587
12.75,7.25,4.72897087335684,0.313138558529682,9.1498697377488
12.75,7.5,4.74826535895361,0.314229903470234,9.29839043772024
12.75,7.75,4.7657133825838,0.315086942931206,9.47068522681992
12.75,8,4.78089995775944,0.315674001637507,9.65806570674526
12.75,8.25,4.79351967967043,0.315964113239679,9.8542794138584
12.75,8.5,4.80342065454712,0.315942679655099,10.0549295799576
12.75,8.75,4.81062818290714,0.315610103088515,10.2571843472736
12.75,9,4.81534443967497,0.314981927433539,10.4599160918502
12.75,9.25,4.81796329190483,0.314090590861523,10.6639948982634
12.75,9.5,4.8190540140659,0.312984234523884,10.8724670368934
12.75,9.75,4.8193135819076,0.3117235986031,11.0904499790287
12.75,10,4.81952432766115,0.310378489829732,11.3246790813033
12.75,10.25,4.82049105497976,0.309023039576493,11.5827620611248
12.75,10.5,4.82296738647596,0.307730236495275,11.8722971261678
12.75,10.75,4.82758977866372,0.306566545379128,12.1999728041957
12.75,11,4.83479732386936,0.305585714525026,12.5705518095658
12.75,11.25,4.84480195649734,0.304826436135298,12.9854570543019
12.75,11.5,4.8575580729853,0.304309319753972,13.4412691362978
12.75,11.75,4.87274602957453,0.304035471677744,13.9319567269221
12.75,12,4.88980979303059,0.303988021899956,14.4628676772129
12.75,15.5,4.9078330100265,0.303237491873226,13.1243326826977
12.75,15.75,4.8797090160139,0.302169524928019,13.0431099991225
12.75,16,4.8481314231342,0.30097384399834,12.8697216902546
12.75,16.25,4.81328099757078,0.299660844175576,12.6057273166839
12.75,16.5,4.77531423585156,0.298239176253565,12.343534023484
12.75,42.75,4.83768003297829,0.305487590991883,14.0000089111278
12.75,43,4.79536808252041,0.302134835626835,14.0000196221659
12.75,43.25,4.74876919793763,0.29855956308556,14.0000183889557
12.75,43.5,4.69875104043456,0.294842938889695,14.0000073319796
13,1.25,4.61912993404798,0.299052083846595,4.47712317587792
13,1.5,4.60339734523471,0.29831686636376,5.25882293862198
13,1.75,4.58785816573701,0.297601411074642,5.54093110891488
13,2,4.57294609184879,0.29693375237377,5.80770691440639
13,4.5,4.5327091436351,0.297772423380506,6.14138409304877
13,4.75,4.54386125580572,0.298854745944953,6.50611312015643
13,5,4.557774644108,0.300101888837371,6.98861100488103
13,5.25,4.57422548368144,0.301492565778433,7.5357743531286
13,5.5,4.59292020408831,0.303000645310378,7.98608434422326
13,5.75,4.61348626502269,0.304594233686368,8.31601748907668
13,6,4.63550570618412,0.306238316455544,8.55123716261703
13,6.25,4.65848297222353,0.307891934239687,8.72028791620869
13,6.5,4.68188030874952,0.309510496496866,8.84843517142663
13,6.75,4.70511926224012,0.311046245854753,8.96082121448458
13,7,4.72759583049104,0.31244886943879,9.07954890694161
13,7.25,4.74872176682943,0.31366850931815,9.21621250356617
13,7.5,4.76794225744797,0.31465733016131,9.37223099753351
13,7.75,4.78477664965564,0.315373070873048,9.54373166887455
13,8,4.79886035930179,0.315782629738414,9.72514799247808
13,8.25,4.80996882853752,0.315864464178917,9.91089292799179
13,8.5,4.81805957702077,0.315612258899513,10.0961373995613
13,8.75,4.82328710664717,0.315037068914974,10.2774171060185
13,9,4.82598910454023,0.314166363937177,10.4532717932106
13,9.25,4.82669154024967,0.313044971190225,10.6248390637985
13,9.5,4.82607910288389,0.311732647086005,10.796221686828
13,9.75,4.82493208023995,0.310299685252306,10.9744307952589
13,10,4.82407666895457,0.308822533656806,11.1687747596756
13,10.25,4.82431598305489,0.307378421679227,11.3897779191088
13,10.5,4.82635537010508,0.306039701353151,11.6479924079457
13,10.75,4.83074293595884,0.304868758067998,11.953065119581
13,11,4.83779579292645,0.303912194507682,12.3128224664657
13,11.25,4.84758974859229,0.303199847208172,12.7310234722696
13,11.5,4.85994575917169,0.302742834401166,13.2011612974033
13,11.75,4.87442728349493,0.302533154968793,13.7024159940405
13,15.5,4.88495774998504,0.302715397817234,12.2017625271243
13,15.75,4.8568560530439,0.301771548654421,12.3129548388022
13,16,4.82527121158931,0.300684484981832,12.1810654247691
13,16.25,4.79027211911091,0.299456252440516,11.7820652332236
13,16.5,4.7519288572688,0.298088447225714,11.3356987630083
13,42.5,4.85712573895919,0.307139857435236,14.0000011513487
13,42.75,4.81642777706881,0.303900136344976,14.0000059142138
13,43,4.7711836861554,0.300415294373044,14.000010105021
13,43.25,4.72221753022869,0.296763757990404,14.0000093758249
13,43.5,4.6705081566506,0.293033182108673,14.000003778932
13.25,1.5,4.57935057942337,0.297459364457935,5.39555788455138
13.25,1.75,4.56410334958589,0.296768592485074,5.33605689871901
13.25,2,4.54984179792373,0.296140968088116,5.56727381332503
13.25,2.25,4.53696650722092,0.295602104312214,5.87683594417472
13.25,4.25,4.52084753192476,0.296900288274815,6.09498963611859
13.25,4.5,4.5322591816073,0.297916477822693,6.34020244005543
13.25,4.75,4.54661583532784,0.299111410603621,6.66192648641437
13.25,5,4.5637030040605,0.300467270246485,7.0498563762896
13.25,5.25,4.58322918500594,0.301960216103501,7.46563589333735
13.25,5.5,4.60482813677164,0.303560939801313,7.84503266382152
13.25,5.75,4.62804871495908,0.305233432076509,8.16195831874876
13.25,6,4.65239705740717,0.306938167668029,8.41794508994496
13.25,6.25,4.67729889676225,0.308628702839544,8.62480045710375
13.25,6.5,4.70214624465116,0.310254814537342,8.797372763212
13.25,6.75,4.72630214746343,0.311763394763086,8.95161243065757
13.25,7,4.74912187585366,0.313099620208432,9.10221343749737
13.25,7.25,4.77000359668593,0.314210897579757,9.2591455498605
13.25,7.5,4.78840794579559,0.315048917406166,9.42636613914341
13.25,7.75,4.80390301388886,0.315573866186114,9.60287959569179
13.25,8,4.81620635019713,0.315758259668282,9.78447558839193
13.25,8.25,4.82520292834001,0.315589105307201,9.96534549513905
13.25,8.5,4.83098243045369,0.315071225284074,10.1395049576616
13.25,8.75,4.83384250504287,0.314228564570981,10.3021051277291
13.25,9,4.83425963504007,0.313101854734609,10.4506632242318
13.25,9.25,4.83288426055554,0.311748613868048,10.5861507723054
13.25,9.5,4.83049874556352,0.310239460126062,10.7137545881852
13.25,9.75,4.82794057347637,0.308652546275201,10.8429857340164
13.25,10,4.82604914434698,0.307068606785763,10.9868022527659
13.25,10.25,4.82559457768521,0.30556528013594,11.1598087969557
13.25,10.5,4.82720645709281,0.304211639145246,11.3763924527215
13.25,10.75,4.83132526057467,0.303063754661389,11.6500123907783
13.25,11,4.8381375777538,0.302159489623683,11.993773825897
13.25,11.25,4.84758760704545,0.301519079935862,12.420055009962
13.25,11.5,4.85938015244985,0.30114427559861,12.9236108661306
13.25,15.5,4.86345016482866,0.302461706093891,11.3679302812305
13.25,15.75,4.8351498090521,0.301601673931369,11.811576924365
13.25,16,4.80317485279243,0.300571227998546,11.7376862425427
13.25,16.25,4.7675148817984,0.299366235431034,10.9715336092506
13.25,42.5,4.83716899647649,0.305664902869317,14.0000010901742
13.25,42.75,4.79343547918591,0.302285108644314,14.0000036228671
13.25,43,4.74568622062544,0.298713669156584,14.0000054098873
13.25,43.25,4.69485859930657,0.295035724358809,14.0000048868146
13.25,43.5,4.64204469275277,0.291344313979954,14.0000019662145
13.5,1.5,4.55741371607785,0.296732604995114,4.37288323175295
13.5,1.75,4.54283187150695,0.296076064612904,4.83388589375017
13.5,2,4.52958020077434,0.295496031626325,5.24610607843144
13.5,2.25,4.51805084094831,0.29501721392905,5.69400554757994
13.5,4,4.51094031684493,0.296171255034858,6.05981952067128
13.5,4.25,4.52246025513567,0.297112965823977,6.22822881159931
13.5,4.5,4.53709719155897,0.298246350178817,6.45855944255127
13.5,4.75,4.55464021700728,0.299555749158202,6.74536102384563
13.5,5,4.57480459040422,0.301020487424449,7.07555453985151
13.5,5.25,4.59722435638966,0.302613108884688,7.4243286857896
13.5,5.5,4.62145454935991,0.30429986077012,7.76022039154274
13.5,5.75,4.64696112539101,0.306039273614344,8.06408948600986
13.5,6,4.67317400614326,0.307786154231212,8.33013068175653
13.5,6.25,4.69944405232192,0.30948771210374,8.56048718136409
13.5,6.5,4.72510323490374,0.311087820307302,8.76156471377577
13.5,6.75,4.74947288488371,0.312528484017422,8.94266245116709
13.5,7,4.77189073874388,0.313751653348112,9.11480290612522
13.5,7.25,4.79177008210887,0.314704097402914,9.28784377579422
13.5,7.5,4.80861864477546,0.315339779167363,9.46733422732512
13.5,7.75,4.82208544789413,0.315624512829129,9.653435141581
13.5,8,4.83199956469492,0.315539693004786,9.84163269353021
13.5,8.25,4.83837889416947,0.315083863461511,10.0243879061162
13.5,8.5,4.84146024549933,0.314275343346203,10.1931348361757
13.5,8.75,4.84168893444119,0.313152414758857,10.3402916071057
13.5,9,4.83967366299203,0.311769434981359,10.4611697385585
13.5,9.25,4.83617256984444,0.31019588427729,10.5557613437619
13.5,9.5,4.83204070726187,0.308511536899603,10.6302242950928
13.5,9.75,4.82814227673076,0.3067999600602,10.6974690080945
13.5,10,4.82529842589238,0.305143359832149,10.7759153610056
13.5,10.25,4.82421785730817,0.303616958312033,10.886085930128
13.5,10.5,4.82543313235039,0.302284080448994,11.0468415465722
13.5,10.75,4.8292665036739,0.301192669030311,11.2747857583531
13.5,11,4.83577526351315,0.300370823977391,11.588596310003
13.5,11.25,4.84478571418214,0.299829032552268,12.026276642446
13.5,15.5,4.84289900770533,0.302409325891453,10.7599424443035
13.5,15.75,4.81397408322756,0.301578243541212,11.8275602911728
13.5,16,4.78106396468988,0.30054112065503,11.9693919151302
13.5,16.25,4.74412332591093,0.299290493167615,10.7257887799471
13.5,42.5,4.81525791093195,0.304147228529919,14.0000007274437
13.5,42.75,4.76888559979972,0.300670919284234,14.0000021305652
13.5,43,4.71910581900055,0.297060667652798,14.0000029618251
13.5,43.25,4.66697190255258,0.293407269492768,14.0000026118124
13.5,43.5,4.61368395666309,0.289807615143284,14.000001049424
13.75,1.75,4.52440390276258,0.295523873649356,4.37703969119717
13.75,2,4.51250472929038,0.294997287368295,4.88826362626578
13.75,2.25,4.50265514891759,0.294583594625937,5.34525397304721
13.75,2.5,4.49520247189507,0.294305676073808,5.7901332722806
13.75,3.75,4.50300911351898,0.295586521817363,6.0235939728045
13.75,4,4.51450506610382,0.296447682225457,6.12959392683671
13.75,4.25,4.52925845992457,0.297510233671886,6.29655131493497
13.75,4.5,4.54708383786877,0.298763076078955,6.51567274974626
13.75,4.75,4.56769709833136,0.300187205339963,6.77900465665258
13.75,5,4.59073672262066,0.301757990788068,7.07529299967058
13.75,5.25,4.61575691354516,0.303443093437717,7.38854581405221
13.75,5.5,4.64223027645589,0.305202993628104,7.70080863392457
13.75,5.75,4.66953928168785,0.306989572565493,7.99835427714156
13.75,6,4.69704240674011,0.308751203081838,8.27308177797229
13.75,6.25,4.72402573067961,0.310428505227953,8.52104455111139
13.75,6.5,4.7497782057787,0.311959982430245,8.74160753665699
13.75,6.75,4.7736028313848,0.31328412259714,8.93868545430272
13.75,7,4.79484846147406,0.314341834716024,9.1226096914512
13.75,7.25,4.81297560068233,0.31508212140459,9.30635191733901
13.75,7.5,4.82757135907283,0.315464497033928,9.49822007789438
13.75,7.75,4.83839553130746,0.315463795842694,9.69887789976387
13.75,8,4.84541277215552,0.315073392725093,9.9018610540161
13.75,8.25,4.84878957054511,0.314305841948547,10.0958348228837
13.75,8.5,4.84891547219653,0.313194506390807,10.2675198265709
13.75,8.75,4.84637808431067,0.311792443307647,10.4045612028831
13.75,9,4.84190261237117,0.310166936333395,10.4981804783309
13.75,9.25,4.8363307895298,0.308397711037348,10.5458707383739
13.75,9.5,4.83056079294624,0.306571202369052,10.5542052991607
13.75,9.75,4.82545190895088,0.304773448468092,10.5407971846191
13.75,10,4.82177806573531,0.303085146751939,10.5329685331824
13.75,10.25,4.82016387729021,0.301576428810431,10.5608922749866
13.75,10.5,4.82103184036077,0.300302811910897,10.6483984359551
13.75,10.75,4.82458477026819,0.299302865091101,10.8107621685794
13.75,11,4.83076090727904,0.298594514354215,11.0547388720152
13.75,11.25,4.83928934676981,0.298178881389795,11.3566210701474
13.75,15.5,4.82264951473165,0.302473732082271,10.7004133199999
13.75,15.75,4.79252447834974,0.301606684911572,12.7976759476621
13.75,16,4.75803993601884,0.300493540414963,13.5870824068641
13.75,16.25,4.71916694836663,0.299126749281251,12.2739983762984
13.75,42.5,4.79155476026029,0.302614008005841,14.0000004416458
13.75,42.75,4.74298522840575,0.299086617073331,14.0000012334029
13.75,43,4.69169678574416,0.29548607113197,14.000001656174
13.75,43.25,4.63885470563153,0.291907381481399,14.0000014504001
13.75,43.5,4.58575430289207,0.288449434929418,14.0000006083155
14,1.75,4.50913411239302,0.295109342908464,4.16022589815156
14,2,4.49891468879125,0.294641382621165,4.58482996481945
14,2.25,4.49106078281084,0.29429780726684,5.00788140109633
14,2.5,4.4859007085184,0.29410105581195,5.39536742782979
14,2.75,4.48372833529677,0.294072362066145,5.71693970254501
14,3,4.48476882041073,0.294228692212552,5.83251965955336
14,3.25,4.48918063179386,0.294583479409723,5.89392575833676
14,3.5,4.49705851543541,0.295146366660381,5.94396817770963
14,3.75,4.50840470060067,0.295921398790607,6.01139354563133
14,4,4.52313166918228,0.29690631834432,6.13641625812403
14,4.25,4.54106416812758,0.29809238534721,6.30921828566015
14,4.5,4.56194367889473,0.299465091292935,6.52356488716231
14,4.75,4.58540696703294,0.301000961057325,6.77339488529518
14,5,4.61101058514933,0.302670123838803,7.05098383020206
14,5.25,4.63822589196872,0.304434059468978,7.34650508732971
14,5.5,4.66644297493937,0.306246328853193,7.6491607612562
14,5.75,4.69496525994244,0.30805138082907,7.94896681789189
14,6,4.72309065207823,0.309791016624456,8.23682763310915
14,6.25,4.750057244525,0.311399834043675,8.50352933657184
14,6.5,4.7751344283083,0.312812410119704,8.74021192192695
14,6.75,4.79763553507034,0.313965981863519,8.94355039946242
14,7,4.8169524718273,0.314803372979243,9.12684305915202
14,7.25,4.83262565170521,0.315279217974138,9.31340309774923
14,7.5,4.84435141803976,0.315362059851098,9.51737669712203
14,7.75,4.85202491673205,0.315038978163536,9.73954943176106
14,8,4.85576272436848,0.314317894104198,9.96930616172791
14,8.25,4.85588635676905,0.313227016414964,10.1885313678684
14,8.5,4.85293392066401,0.311815266266931,10.3762158285529
14,8.75,4.84762075879013,0.31014981283984,10.5124185574765
14,9,4.8407655234533,0.30830914834622,10.5814686944078
14,9.25,4.8332647362845,0.306380704838764,10.5755390025129
14,9.5,4.82602868497263,0.304454548598984,10.4997390995801
14,9.75,4.81988217364941,0.302616048168446,10.3778326815744
14,10,4.81552826021739,0.300941543081983,10.2529748888127
14,10.25,4.81349252551365,0.299493796058578,10.1741515614351
14,10.5,4.81408333308677,0.298319022631143,10.172240225892
14,10.75,4.81739154395278,0.29744578978376,10.2610203449004
14,11,4.82325352446612,0.296881995929416,10.4573543813454
14,15.5,4.80187576373981,0.302559131835969,12.2393236718989
14,15.75,4.7698941671947,0.30158645025346,15.1579549359073
14,16,4.73317739188743,0.300327572012328,17.3608874984806
14,16.25,4.69176585386119,0.298778212714768,20.9532148208425
14,42.5,4.76624481156612,0.301092558891547,14.0000002609326
14,42.75,4.71596507277259,0.297559902847181,14.0000007166913
14,43,4.66373240795053,0.29401655539167,14.0000009568015
14,43.25,4.61081294411096,0.290560022437817,14.00000087309
14,43.5,4.55857726673593,0.287289156496694,14.0000005119321
14,43.75,4.50845061868273,0.284300128887365,14.0000001548039
14,44,4.46185276656707,0.281682276630204,14.0000000425696
14.25,2,4.48906358234012,0.294424519568189,4.28323248528947
14.25,2.25,4.48349643393017,0.294156611801793,4.70563633260719
14.25,2.5,4.48089411511364,0.294046823899237,5.06520185221395
14.25,2.75,4.48151580824035,0.294115825158315,5.3567020655
14.25,3,4.48554108056081,0.294379406291823,5.55164570531063
14.25,3.25,4.49307549198081,0.294849560353,5.69319928569788
14.25,3.5,4.50415603572143,0.295534195054136,5.81440176336679
14.25,3.75,4.51871892459875,0.296435023193473,5.94069021739859
14.25,4,4.53660625785683,0.297546795038411,6.09325073152569
14.25,4.25,4.55756683716347,0.298856949115333,6.27674684924678
14.25,4.5,4.58126366716742,0.300346430015524,6.49106054609448
14.25,4.75,4.60724992134476,0.30198600515166,6.73402160855647
14.25,5,4.63499739117726,0.303739262213185,7.00200164615791
14.25,5.25,4.66389517716955,0.305560390724819,7.29023356575554
14.25,5.5,4.69325561062067,0.307395292393918,7.59319298545988
14.25,5.75,4.7223135182528,0.309180839403604,7.90443816172842
14.25,6,4.75032356660488,0.310852932323321,8.21486021910863
14.25,6.25,4.77649894715839,0.312341621364071,8.50961740527742
14.25,6.5,4.80011803658225,0.313579894890367,8.76659348691168
14.25,6.75,4.82053627036115,0.31450676582559,8.96410946265346
14.25,7,4.83722106081265,0.315070449348474,9.1245532317344
14.25,7.25,4.84982299266487,0.315234801172868,9.30042520716539
14.25,7.5,4.85817220817209,0.314980687176714,9.516133772625
14.25,7.75,4.86231622093984,0.314310115046156,9.7709165959964
14.25,8,4.86253071220474,0.313247263606565,10.046230514613
14.25,8.25,4.85928906318211,0.311836591281228,10.312492346022
14.25,8.5,4.85326471221441,0.310141968686564,10.5367875057816
14.25,8.75,4.84527876250651,0.308242957605397,10.6881657971412
14.25,9,4.83621550170689,0.306226692247197,10.740360009173
14.25,9.25,4.82699579014166,0.304185210776515,10.6751386679688
14.25,9.5,4.81851268559406,0.302208954045612,10.4905726513808
14.25,9.75,4.81153177918762,0.300379587442525,10.2160437651845
14.25,10,4.80666887449018,0.298766627153544,9.92426370770095
14.25,10.25,4.80434407772709,0.297423750414139,9.70699227585018
14.25,10.5,4.80475591856615,0.296387002370093,9.60092556158192
14.25,10.75,4.80789747188333,0.295674888635695,9.59787715963964
14.25,11,4.81352421095206,0.295285847500418,9.6663600979848
14.25,15.5,4.77966710643575,0.302565449715968,19.9081505449639
14.25,15.75,4.74516702533644,0.301418365339778,18.3876722274681
14.25,16,4.70561817395539,0.299949368622572,19.9425902332064
14.25,16.25,4.6611799646554,0.298160608204527,23.3612857006064
14.25,42.5,4.73953669761467,0.299608444105016,14.0000001540675
14.25,42.75,4.68807642201532,0.296115120104205,14.0000004222674
14.25,43,4.63549868384892,0.292673726520735,14.0000005700683
14.25,43.25,4.58315267139568,0.289382391714336,14.0000005490057
14.25,43.5,4.53245845095414,0.286337882230963,14.0000003902407
14.25,43.75,4.48484868784473,0.283631446184692,14.0000002085891
14.25,44,4.44170316353832,0.281344754396597,14.0000000985632
14.25,44.25,4.40428135859359,0.279546247598566,14.0000000328764
14.25,44.5,4.37365941882407,0.278288184969216,14.0000000097413
14.5,2,4.48315318905725,0.294343390216541,4.12491854856054
14.5,2.25,4.48012911686474,0.294157633183723,4.4663271804031
14.5,2.5,4.48030458911805,0.294141600823728,4.80257490950398
14.5,2.75,4.48389471955301,0.294315234030172,5.09245383381372
14.5,3,4.49102461042417,0.294692867328001,5.32396889008786
14.5,3.25,4.50173928756535,0.295284684527073,5.51279157220302
14.5,3.5,4.51601135831956,0.296096328803151,5.67941826403422
14.5,3.75,4.53370486328486,0.297126440928954,5.84253098109436
14.5,4,4.55458625689535,0.298365825293567,6.01683989461447
14.5,4.25,4.57832328637073,0.299796931811272,6.20995671755262
14.5,4.5,4.60449650544904,0.301394872983861,6.42529098864284
14.5,4.75,4.63257339937155,0.303123380870161,6.66407071474637
14.5,5,4.66194161562609,0.304938397652382,6.92649026345254
14.5,5.25,4.69191332494852,0.30678613816098,7.21243501085339
14.5,5.5,4.72173360623563,0.308604741661524,7.52173816708263
14.5,5.75,4.75058547220567,0.310324173527471,7.85319684213916
14.5,6,4.7777036552229,0.311876001123184,8.20084399225032
14.5,6.25,4.80230448157683,0.313188090423873,8.54604401579221
14.5,6.5,4.82370678942048,0.314194933211079,8.84611671510516
14.5,6.75,4.84134027694489,0.314840853464848,9.0175941581337
14.5,7,4.85477789075359,0.315083118061225,9.10458706679444
14.5,7.25,4.86380545721206,0.314898202839632,9.24609351363011
14.5,7.5,4.86840398274393,0.314282032642737,9.47460920801775
14.5,7.75,4.86878144815426,0.313253365750662,9.78100122520411
14.5,8,4.86537033762558,0.311853277194616,10.1322265830376
14.5,8.25,4.85878389733086,0.310141931960869,10.4793584198042
14.5,8.5,4.84981035129731,0.308196464431131,10.7719356973273
14.5,8.75,4.83934968385189,0.306106224474409,10.9649644636168
14.5,9,4.82832223393627,0.303963837015756,11.0180601957069
14.5,9.25,4.81764414454217,0.301862595832649,10.894336623022
14.5,9.5,4.80816624734153,0.299890141089298,10.5700044719388
14.5,9.75,4.80057693888463,0.298121769024334,10.0683538977587
14.5,10,4.795396428572,0.296618264645872,9.51632661710228
14.5,10.25,4.79294085624219,0.295423132934638,9.12293062578179
14.5,10.5,4.79330969307817,0.294561966311764,8.92005815116178
14.5,10.75,4.79641604901869,0.294043588131447,8.8556056947158
14.5,15.5,4.75512064855871,0.302395621187863,16.9362113290088
14.5,15.75,4.7175101657273,0.301011864594052,18.5892268991896
14.5,16,4.67465850766293,0.29927899103207,20.8163034211675
14.5,16.25,4.62688602271771,0.297208310845115,24.0349450121654
14.5,42.5,4.71166157489154,0.298183654268541,14.0000000917411
14.5,42.75,4.65958766672842,0.294771550518915,14.000000252503
14.5,43,4.60728896496656,0.291472693260975,14.0000003469259
14.5,43.25,4.55617425703226,0.288383945884401,14.0000003508951
14.5,43.5,4.50768325063688,0.285598062573445,14.0000002801363
14.5,43.75,4.46322238477093,0.283199576905191,14.0000001844254
14.5,44,4.42409742215948,0.281261018511035,14.0000001072564
14.5,44.25,4.39144883487838,0.279839757016215,14.0000000546341
14.5,44.5,4.36619632697697,0.278975728994973,14.0000000252753
14.5,44.75,4.34899811686562,0.278690225505169,14.0000000083994
14.5,45,4.3402288416107,0.278985813594087,14.0000000031949
14.5,45.25,4.33997741289276,0.279847346927635,14.0000000013261
14.5,45.5,4.34806338014933,0.281243905371492,14.0000000005626
14.5,45.75,4.36406791136842,0.283131405901012,14.0000000001855
14.75,2.25,4.48105335808164,0.294299647407927,4.23237085316618
14.75,2.5,4.48416967692655,0.294385053371054,4.58610783839175
14.75,2.75,4.4908357451641,0.294670863744393,4.8862537127939
14.75,3,4.50111450143734,0.295169505708696,5.13870640258535
14.75,3.25,4.51498414715224,0.295888780974788,5.35421091465363
14.75,3.5,4.53234740686882,0.296831297780572,5.54719681656726
14.75,3.75,4.5529910486031,0.297991639460614,5.73171677665308
14.75,4,4.57660175203845,0.299355500597451,5.91927029863469
14.75,4.25,4.60276258292251,0.300899052893708,6.11766031237095
14.75,4.5,4.63096990929756,0.302590308211282,6.33190627104651
14.75,4.75,4.66060684292967,0.304384902153716,6.5655416190295
14.75,5,4.69098203480483,0.306230452672671,6.82185225165794
14.75,5.25,4.72134160722543,0.308065155428658,7.10505158488221
14.75,5.5,4.75087989886506,0.309820087021815,7.42121732653878
14.75,5.75,4.77875074156986,0.311419874258459,7.77805471491032
14.75,6,4.80419683378504,0.312794188375241,8.18077323679217
14.75,6.25,4.8264685181141,0.313871821430194,8.61879218029293
14.75,6.5,4.84495683371595,0.31459236172664,9.0464460574997
14.75,6.75,4.85919543439357,0.314909150603276,9.15171341836104
14.75,7,4.86888773959892,0.314791970009961,9.02958852586952
14.75,7.25,4.87397257800663,0.314232751143,9.10468711184515
14.75,7.5,4.87459010863215,0.313244339638826,9.35520682875242
14.75,7.75,4.87110769516631,0.311862990244549,9.74680090083548
14.75,8,4.86410361337639,0.310146151957544,10.22399440766
14.75,8.25,4.85431185813002,0.308168062991012,10.7037789045674
14.75,8.5,4.84261002569243,0.306016531150271,11.1105800272014
14.75,8.75,4.82994807904231,0.303787470645477,11.3857973279456
14.75,9,4.8172539909217,0.301575576140891,11.475841245269
14.75,9.25,4.80541410202782,0.299472110085112,11.3155462119899
14.75,9.5,4.7952181940353,0.29755908376613,10.8253783410551
14.75,9.75,4.78726701076958,0.295903307709437,9.96621861922204
14.75,10,4.78198435527639,0.294555560958846,8.94169268444582
14.75,10.25,4.77959005734599,0.293548687978921,8.33933910169454
14.75,10.5,4.78009889825125,0.292898010332474,8.09153898486703
14.75,15.5,4.72743207766648,0.301962676294601,16.1676479031895
14.75,15.75,4.68625884362004,0.300291615524153,18.2936812593825
14.75,16,4.63982337155626,0.298256272905852,20.8369105801844
14.75,16.25,4.58863766934103,0.295879196066235,24.0865392357411
14.75,42.5,4.6828723749781,0.296835177957263,14.000000054921
14.75,42.75,4.63078199212053,0.293542303851885,14.0000001518636
14.75,43,4.57940124500671,0.29042142259323,14.0000002117756
14.75,43.25,4.53017089625947,0.287566353635518,14.0000002215448
14.75,43.5,4.48451843555883,0.285064154591352,14.0000001887187
14.75,43.75,4.44379107525881,0.282991223502776,14.0000001373647
14.75,44,4.40918995554234,0.281409946481505,14.0000000889745
14.75,44.25,4.38171174700487,0.28036615679284,14.0000000520257
14.75,44.5,4.36210339551081,0.279887600704774,14.0000000278737
14.75,44.75,4.35083428488103,0.279983506874047,14.0000000133543
14.75,45,4.34808780582352,0.280645241962009,14.0000000062139
14.75,45.25,4.35377164542989,0.281847920127871,14.0000000028652
14.75,45.5,4.36754362196022,0.283552734683756,14.0000000013005
14.75,45.75,4.388848088361,0.285709710245667,14.0000000005486
14.75,46,4.41695714545121,0.288260544372906,14.0000000001633
14.75,46.25,4.45101119605329,0.29114122376883,14.0000000000518
14.75,46.5,4.49005455731541,0.294284160708597,14.0000000000135
15,2.25,4.48628024629909,0.294582487325557,4.10929782863674
15,2.5,4.49243265992304,0.294777523677705,4.42277344959406
15,2.75,4.50220602446688,0.295183065037517,4.72706953704502
15,3,4.51559488820762,0.29580898881387,4.98961426103578
15,3.25,4.53250572574439,0.296659925119182,5.21722922644835
15,3.5,4.55276699539325,0.297734447510462,5.42221734088594
15,3.75,4.57608428388508,0.299021906002276,5.61615332969413
15,4,4.60206189183555,0.300501617292296,5.80853882402831
15,4.25,4.63019679046042,0.302142222517372,6.00654351249402
15,4.5,4.65990262030427,0.303903581086213,6.21556775775595
15,4.75,4.69048383180116,0.305732607716212,6.4402356392948
15,5,4.72118050510741,0.307568549762757,6.68570927869874
15,5.25,4.75118934965502,0.309342337042946,6.95948619557482
15,5.5,4.77967595669723,0.310979563144547,7.27396807701477
15,5.75,4.80579212169637,0.312401954521516,7.64972864725556
15,6,4.82881890605205,0.313540445816923,8.11645861478308
15,6.25,4.84807182551347,0.314328360559527,8.69141143612645
15,7,4.87898085411944,0.314162073941137,8.75965871099705
15,7.25,4.87989963139168,0.313218762399456,8.78924495596052
15,7.5,4.8764507404906,0.311864254493032,9.09594510120319
15,7.75,4.86915145447676,0.310151883973964,9.62927896023396
15,8,4.85870782191307,0.308153840764117,10.3175017286046
15,8.25,4.84595074179233,0.30595588563001,11.0076841370122
15,8.5,4.83181967864777,0.303653271527482,11.5887295251363
15,8.75,4.81728646881424,0.301344951338379,11.9999839321609
15,9,4.80326193884705,0.299124315793101,12.1911212498487
15,9.25,4.79058325959707,0.297077642828075,12.071361137186
15,9.5,4.77996723284198,0.295279020727568,11.4502476901338
15,9.75,4.77192354050274,0.293785290687718,10.0230843546652
15,10,4.76678456968728,0.292636559432795,7.92991648963417
15,15.5,4.69597809748854,0.301196126683539,15.6330623192118
15,15.75,4.65098801769037,0.299203094651229,17.6680895823994
15,16,4.60092357506196,0.296845340490683,20.282889528457
15,16.25,4.5465053968616,0.294157911068484,23.6354755076369
15,42.5,4.65344438508527,0.295574214785248,14.0000000326672
15,42.75,4.60195752185426,0.292434007269835,14.0000000899767
15,43,4.55213916275166,0.289521011180948,14.0000001254868
15,43.25,4.50543197134554,0.286924426091048,14.0000001314854
15,43.5,4.46321926961736,0.284724243942358,14.0000001121602
15,43.75,4.42675847797336,0.282987712173253,14.0000000845505
15,44,4.39712018675807,0.281766528527538,14.0000000575808
15,44.25,4.37513865185124,0.281094980137058,14.0000000358102
15,44.5,4.36137834131099,0.280989147655568,14.0000000205237
15,44.75,4.35611913421092,0.28144718542192,14.0000000108408
15,45,4.35936025372081,0.282450575369886,14.0000000054334
15,45.25,4.37084051558217,0.283966150993921,14.0000000026321
15,45.5,4.39007051620319,0.285948612987178,14.0000000012378
15,45.75,4.41637133801356,0.288343220992037,14.0000000005542
15,46,4.44891434997015,0.291088352624543,14.0000000002223
15,46.25,4.4867576120248,0.294117671291366,14.0000000000845
15,46.5,4.5288759655921,0.297361732061062,14.0000000000294
15,46.75,4.57418373775733,0.30074896764005,14.000000000007
15,47,4.62155075663321,0.304206118296457,14.0000000000017
15,47.25,4.66981378902519,0.307658281842314,14.0000000000004
15,47.5,4.71778639535528,0.311028845037203,14.0000000000001
15,47.75,4.76427047296028,0.314239601475523,14
15,48,4.8080724429139,0.317211354309398,14
15,48.25,4.84802621560146,0.31986524333405,14
15,48.5,4.88302388941509,0.322124930983727,14
15,48.75,4.91205377374133,0.323919644149193,14
15,49,4.93424396569176,0.325187917257896,14
15,49.25,4.94890852297878,0.3258817388637,14
15,49.5,4.95559240108778,0.325970690984253,14
15,49.75,4.95411085289772,0.325445606002111,14
15.25,2.5,4.50493518114785,0.295319314896679,4.26781080510096
15.25,2.75,4.51776439313496,0.295851286512236,4.60822167210356
15.25,3,4.53413702546023,0.296608991625598,4.87392178182568
15.25,3.25,4.55388426465559,0.297592897057512,5.10131232336825
15.25,3.5,4.5767570907654,0.298796365741904,5.30661503297361
15.25,3.75,4.60237753564982,0.300202251994038,5.50023883631913
15.25,4,4.63026706649847,0.301782275620189,5.6899855416005
15.25,4.25,4.65983823606104,0.303496525921451,5.88188896785706
15.25,4.5,4.69042750347111,0.305296085199427,6.08078599284005
15.25,4.75,4.72127142471774,0.307119157382008,6.29108903966992
15.25,5,4.75155738010689,0.308897356019432,6.51799083952534
15.25,5.25,4.78045449568371,0.310555965799776,6.76958018064671
15.25,5.5,4.80712576282303,0.312017523753393,7.06109616243946
15.25,5.75,4.83075057808647,0.313204018313407,7.42469637549691
15.25,6,4.85067874496795,0.314051275609461,7.93577960997873
15.25,7,4.88466478698294,0.313175797945377,8.1013602008967
15.25,7.25,4.8813393287916,0.311855169702338,8.19856421456138
15.25,7.5,4.87387543102622,0.310157169633774,8.61214324239524
15.25,7.75,4.86292408492684,0.3081506796067,9.36145946668387
15.25,8,4.84929641517588,0.305920061339072,10.4177695456549
15.25,8.25,4.83389432308897,0.3035593963611,11.4330687750908
15.25,8.5,4.817692236084,0.301167834069052,12.2510215439905
15.25,8.75,4.80165890743402,0.298843858252339,12.8491395040899
15.25,9,4.78666852490974,0.296676502673526,13.2315154622282
15.25,9.25,4.77349610743768,0.294744632893833,13.3409242881613
15.25,9.5,4.76277996113397,0.29311274308446,12.8892611698229
15.25,9.75,4.75494071389304,0.291826838038685,10.7413718464518
15.25,15.75,4.61156628497723,0.297716761454707,16.5406854460629
15.25,16,4.55809248905238,0.295037512811012,19.1118729144351
15.25,16.25,4.50089450961829,0.292057379046976,21.8489099573914
15.25,16.5,4.44114134954447,0.288838633210709,24.7689526227329
15.25,42.5,4.62367800048606,0.294406193723287,14.0000000193884
15.25,42.75,4.5734305211654,0.291447381174573,14.0000000507979
15.25,43,4.5258168271597,0.28876686837534,14.0000000677985
15.25,43.25,4.48225059678077,0.286447915814499,14.0000000645929
15.25,43.5,4.44404049820315,0.28456241709833,14.000000041482
15.25,43.75,4.41232715307411,0.283167837001053,14.0000000293451
15.25,44,4.38802973772012,0.282305022993004,14.0000000199888
15.25,44.25,4.37180712548568,0.281997034986997,14.0000000126743
15.25,44.5,4.36403673297154,0.282249033503309,14.0000000074541
15.25,44.75,4.36481190155234,0.283049155373452,14.0000000040711
15.25,45,4.3739561861698,0.284370203714644,14.0000000021003
15.25,45.25,4.39105084337557,0.286171899524804,14.0000000010395
15.25,45.5,4.41547052346349,0.28840339767685,14.0000000004968
15.25,45.75,4.44642187507581,0.291005767084858,14.0000000002272
15.25,46,4.48298042628537,0.293914174654906,14.0000000000965
15.25,46.25,4.52412247473095,0.297059590148696,14.0000000000385
15.25,46.5,4.56875045825227,0.300369933608653,14.0000000000143
15.25,46.75,4.61571202975721,0.30377070325819,14.0000000000044
15.25,47,4.6638145301218,0.307185232407857,14.0000000000013
15.25,47.25,4.71183753606044,0.310534811279189,14.0000000000004
15.25,47.5,4.75854655729569,0.313738959094114,14.0000000000001
15.25,47.75,4.80271076275533,0.316716133395796,14.0000000000001
15.25,48,4.84312690362368,0.319385114303332,14
15.25,48.25,4.87865050530968,0.321667205769948,14
15.25,48.5,4.90823409090459,0.323489265684257,14
15.25,48.75,4.93097085977752,0.324787429674607,14
15.25,49,4.94614104844522,0.325511250985021,14
15.25,49.25,4.95325729059644,0.325627862646024,14
15.25,49.5,4.95210476824017,0.32512569738667,14
15.25,49.75,4.94277185429493,0.324017288506379,14
15.25,50,4.92566728632827,0.322340726424451,14
15.25,50.25,4.90152063848873,0.320159456989868,14
15.5,2.25,4.50921503316132,0.295572236684625,4.07032936897238
15.5,2.5,4.52141341869349,0.296009690700385,4.30652506723964
15.5,2.75,4.53716061477301,0.296672854635793,4.56110736255938
15.5,3,4.55630167707116,0.297563798229601,4.7940761211154
15.5,3.25,4.57859028874109,0.298677683645947,5.00531514702513
15.5,3.5,4.60369815476958,0.300001410211401,5.20067712118587
15.5,3.75,4.63116347337248,0.3015101358734,5.38623987774819
15.5,4,4.66042732618919,0.303166998343201,5.56731409705168
15.5,4.25,4.69082342884582,0.304922947259874,5.74827894269674
15.5,4.5,4.72162127842291,0.306720278774884,5.9326801006524
15.5,4.75,4.75200545639538,0.308489272400634,6.12353530187321
15.5,5,4.78113140811084,0.310155492758141,6.32393084647068
15.5,5.25,4.80816638518968,0.311641029746453,6.5382096228129
15.5,5.5,4.83229912492357,0.312868490285853,6.77448663768044
15.5,5.75,4.85276635927691,0.313763761700259,7.04972949169396
15.5,6,4.86901445319651,0.31427132847704,7.39724911654376
15.5,7.25,4.87821284329719,0.310159680398904,7.29222190020635
15.5,7.5,4.86690736804539,0.308156144268287,7.79477992799372
15.5,7.75,4.85257179033468,0.305905603845166,8.79417628128068
15.5,8,4.83609751841976,0.303501355223968,10.5755775929213
15.5,8.25,4.81843204559155,0.301042263540055,12.0777933436486
15.5,8.5,4.80056066591399,0.298627825199362,13.1570077677633
15.5,8.75,4.78342879236886,0.296352842002718,13.9382599140983
15.5,9,4.76786036835648,0.294299453121473,14.5696787825472
15.5,9.25,4.75456117309698,0.292537302837781,15.1982903134547
15.5,9.5,4.74409033460745,0.29112023266281,16.0556161472123
15.5,9.75,4.73678435473891,0.29008305971807,17.7877822690737
15.5,15.75,4.56818927895775,0.29583057745716,15.957324456014
15.5,16,4.51180065474318,0.29285241551227,17.8681346397594
15.5,16.25,4.45254036803136,0.289618456910385,19.9583738047972
15.5,16.5,4.39174461794733,0.286202110013477,22.8034867936098
15.5,42.25,4.64441589862986,0.296323463422659,14.0000000028239
15.5,42.5,4.59390383611868,0.29333163865461,14.000000013988
15.5,42.75,4.54554138217905,0.290578653856846,14.0000000263214
15.5,43,4.5007665003725,0.288150665980925,14.0000000294112
15.5,43.25,4.46093352206369,0.286123941931985,14.0000000157992
15.5,47.5,4.79636291007701,0.316144716551627,14
15.5,47.75,4.83718379009419,0.318824621762319,14
15.5,48,4.87318531420179,0.321125688870906,14
15.5,48.25,4.90328612484595,0.322972553642763,14
15.5,48.5,4.92654646592886,0.324299111447164,14
15.5,48.75,4.94221454766919,0.325052633449221,14
15.5,49,4.94977211815083,0.325197930991463,14
15.5,49.25,4.94897515449738,0.324721117236298,14
15.5,49.5,4.93988542868597,0.323632494644222,14
15.5,49.75,4.92288897081691,0.321968138946902,14
15.5,50,4.89869810995986,0.319789852656697,14
15.5,50.25,4.86833475792119,0.317183312759625,14
15.5,50.5,4.83309384898583,0.31425441960956,14
15.5,50.75,4.79448730807805,0.311124044069524,14
15.75,2.25,4.52645762548828,0.296278528006234,4.113637200968
15.75,2.5,4.54149848927237,0.296845673538023,4.32292406370295
15.75,2.75,4.55993909617008,0.297641626287498,4.53215917494204
15.75,3,4.58154622626272,0.298662886019628,4.73303192657605
15.75,3.25,4.60599535041621,0.299898114149966,4.92270624935899
15.75,3.5,4.63287896272769,0.301326557055415,5.10239865919884
15.75,3.75,4.6616539248932,0.302914714802408,5.27487046144853
15.75,4,4.69168697668994,0.304616583357562,5.44314302453352
15.75,4.25,4.72224300543451,0.306373998123661,5.60988688057184
15.75,4.5,4.75253950194769,0.308121209632742,5.77709634267123
15.75,4.75,4.78172956332791,0.309782193145658,5.94583913909072
15.75,5,4.80896110442534,0.311278858508177,6.11593651938906
15.75,5.25,4.83342719230673,0.31253323274876,6.28549104488699
15.75,5.5,4.85437056540558,0.313471572692891,6.45042713166754
15.75,5.75,4.87111272107773,0.31402745331734,6.60505241828841
15.75,6,4.88321965664162,0.314157560928925,6.7472139363825
15.75,7.5,4.85572261830257,0.305909606076225,6.48038420086238
15.75,7.75,4.83835364925014,0.303475397072195,7.45426309784951
15.75,8,4.81943330266392,0.300963542814416,11.0454693741044
15.75,8.25,4.79993179641544,0.298474136595953,13.1836441601074
15.75,8.5,4.78082542394168,0.296103748734893,14.3972900627127
15.75,8.75,4.76302123934014,0.29394078052738,15.2117415855531
15.75,9,4.74728470684495,0.292058551569687,15.9464921363343
15.75,9.25,4.73424963160881,0.29051628940219,16.8701731083527
15.75,9.5,4.72439772776796,0.289356642685764,18.4107232978764
15.75,15.75,4.5213908468949,0.293570726301631,15.4061161708989
15.75,16,4.46284759421493,0.290337251606191,16.4984421087842
15.75,16.25,4.40248114427427,0.286907776168421,17.3503762967321
15.75,16.5,4.34175143066734,0.283364541132153,17.1876857073778
15.75,42,4.66404383239354,0.298172453151237,14.0000000006178
15.75,42.25,4.61343545135507,0.295160944605995,14.000000003244
15.75,42.5,4.56448958209409,0.292347791943332,14.0000000078275
15.75,42.75,4.51866217995286,0.28982163481826,14.0000000109073
15.75,43,4.47734719985636,0.287662786187237,14.0000000067781
16,2,4.53277538060817,0.296647938605409,4.04033559135747
16,2.25,4.54707097961252,0.297122219800321,4.17237989332086
16,2.5,4.5647214801417,0.297820755857929,4.33556035557081
16,2.75,4.58554737382363,0.298746660838484,4.5081117068843
16,3,4.6092367617496,0.29988967307991,4.68019944226113
16,3.25,4.63538803689695,0.30123083545098,4.84758131203259
16,3.5,4.66351697326437,0.302740783686048,5.0093041210308
16,3.75,4.69300499768371,0.304376820779481,5.16609503521529
16,4,4.72315456688875,0.306083836039973,5.31931539478563
16,4.25,4.75317620761164,0.307795315479972,5.47028212884235
16,4.5,4.78225452845511,0.309439006961076,5.61972682500414
16,4.75,4.80953496348619,0.310934992137026,5.76713494342572
16,5,4.8341841521718,0.312204584708018,5.90959133082615
16,5.25,4.85544845618476,0.313173318411806,6.03949003037983
16,5.5,4.87265051710744,0.313774817710684,6.14006964568155
16,5.75,4.88521967806367,0.313953932305957,6.17777692105217
16,6,4.89285835807076,0.313682524468336,6.09579133864347
16,8,4.79970268263377,0.298377952479752,13.0468721361588
16,8.25,4.77882719059686,0.295927024653508,15.2788027398381
16,8.5,4.75894649219763,0.293665733345778,16.0863253463846
16,8.75,4.74091898176969,0.291673958538546,16.6063608145744
16,9,4.72544726793942,0.29001488659592,17.1737395637296
16,9.25,4.71309250767798,0.288736657315155,17.9673804584294
16,9.5,4.70426047390805,0.287870555482844,19.1662106622137
16,16,4.41233108973395,0.287564281067452,15.3646628494456
16,16.25,4.35200916265295,0.284013902246803,15.6701136930443
16,16.5,4.29259323156735,0.280427350219203,15.6002708472316
16,16.75,4.2354831454605,0.276883800450984,15.0878427539645
16,42,4.6319199085578,0.296923582376535,14.0000000005279
16,42.25,4.58256162558156,0.294063252971932,14.0000000018707
16,42.5,4.53584719120365,0.291450783520185,14.0000000031964
16,42.75,4.49320378869668,0.289170155756462,14.0000000023717
16.25,2,4.55376003324622,0.297492740782435,4.06839544239137
16.25,2.25,4.57057581258871,0.2980964947374,4.1967111853972
16.25,2.5,4.5905232665682,0.298923665271742,4.33544376857492
16.25,2.75,4.61334946664249,0.299971081956487,4.48137248986052
16.25,3,4.63866517467718,0.301220620503379,4.6293260333456
16.25,3.25,4.66599512623288,0.302644823303728,4.77585411723015
16.25,3.5,4.69478382188183,0.304205162469427,4.91938712293219
16.25,3.75,4.72434693533631,0.305849787660102,5.05964207298254
16.25,4,4.75393668139214,0.30751522854545,5.19699642468125
16.25,4.25,4.78272759597535,0.309128173315253,5.33196344800661
16.25,4.5,4.80989352792236,0.310612168830248,5.46469101230207
16.25,4.75,4.83459767453984,0.311886458726306,5.5942667663537
16.25,5,4.85605146181279,0.312875247270819,5.71737092823405
16.25,5.25,4.87357967323724,0.313511272183753,5.82521299809086
16.25,5.5,4.88660650717695,0.313739037161774,5.89602197804859
16.25,5.75,4.89468647414969,0.313517714915118,5.87471865285206
16.25,6,4.89766822087472,0.312836464879608,5.60794952442975
16.25,8.25,4.75560944120689,0.293472002088887,18.8937632537701
16.25,8.5,4.73543887069398,0.291380708748268,18.1179161472316
16.25,8.75,4.71765961049821,0.289613721206666,17.9942648304429
16.25,9,4.70290868725329,0.288223306173588,18.2090830078438
16.25,9.25,4.69167339970231,0.28724622534758,18.6889286858427
16.25,9.5,4.68428221418458,0.286702429503911,19.4688732737305
16.25,42,4.59967432759388,0.295715072837227,14.000000000177
16.25,42.25,4.55224575366133,0.293028984721972,14.000000000537
16.25,42.5,4.5084383530542,0.290638035859054,14.0000000006278
16.5,1.75,4.56146087710835,0.297949204815149,4.02287130392556
16.5,2,4.57738956455777,0.298459284500799,4.10314663560254
16.5,2.25,4.59640939342979,0.299189826005147,4.20773484242011
16.5,2.5,4.61826904711335,0.300137342707941,4.32522523712299
16.5,2.75,4.64264395020547,0.301291306080719,4.44990293784505
16.5,3,4.66907096966458,0.302624868529326,4.57753899184956
16.5,3.25,4.69700729923361,0.304101586956017,4.70524625964243
16.5,3.5,4.72583487970302,0.305673772977271,4.83138105076007
16.5,3.75,4.75481705131445,0.307281159657223,4.95524316649971
16.5,4,4.78317324158318,0.308853417554336,5.07673043946226
16.5,4.25,4.8100631558003,0.310312729454051,5.19603998733442
16.5,4.5,4.83467339604998,0.311581360537682,5.31342035743187
16.5,4.75,4.85621001177762,0.312581183853463,5.42890230493129
16.5,5,4.87395310993006,0.31324291010462,5.54181990015016
16.5,5.25,4.88732690221788,0.313509970366935,5.64971154750093
16.5,5.5,4.89587328124499,0.313340726981585,5.74610901388091
16.5,5.75,4.89928287129772,0.312710908798415,5.8191721126395
16.5,6,4.89755353061939,0.311628055094881,5.87388502049615
16.5,8.5,4.71086928260903,0.289310087992524,19.5296068906012
16.5,8.75,4.69383127236618,0.287814577891406,19.0731784317312
16.5,9,4.68027644998829,0.286730815384411,19.0043448649778
16.5,9.25,4.67061414187727,0.286084111284127,19.1283094310453
16.5,9.5,4.6650894843124,0.285883161938507,19.4953870284775
16.75,1.75,4.58506522817228,0.298901572316524,4.03331856643298
16.75,2,4.60310058859837,0.299535866608174,4.11143394214043
16.75,2.25,4.62394116594225,0.300385072794714,4.20349361630571
16.75,2.5,4.64726727713014,0.301438295251812,4.30544440878774
16.75,2.75,4.6726862831863,0.302676798747144,4.41328016679026
16.75,3,4.6996670451842,0.304064545011977,4.52381958417194
16.75,3.25,4.7276082384705,0.305556156747348,4.63478201969614
16.75,3.5,4.75584116885353,0.30709544770336,4.74470152742132
16.75,3.75,4.78359346460675,0.308615201336184,4.85276673977984
16.75,4,4.81007156831382,0.310040436013622,4.95866160940919
16.75,4.25,4.83444279703568,0.311291723115533,5.06248299410355
16.75,4.5,4.85592962082614,0.312293359165191,5.16481380660071
16.75,4.75,4.87380384416404,0.312973433851098,5.26706746845409
16.75,5,4.88743437688347,0.313272586859127,5.3722856778895
16.75,5.25,4.89636058819588,0.313147907203758,5.48651434768976
16.75,5.5,4.90025218445492,0.312573797411017,5.61996472390335
16.75,5.75,4.89894066814804,0.311543778957104,5.78201981439706
16.75,6,4.89257018905755,0.310083747619821,5.94253708211525
16.75,8.75,4.67006385656635,0.286322673681569,19.7814122103907
16.75,9,4.65818986513026,0.28557521804844,19.6227690249419
16.75,9.25,4.65055194888612,0.285279416866802,19.3328682441658
16.75,9.5,4.64730055743298,0.285432737377376,18.8755075015013
16.75,9.75,4.64834738887529,0.286015804753214,17.7468056201537
17,1.75,4.61050805912522,0.299954789363228,4.03148323773271
17,2,4.63026970313124,0.300705365316287,4.10410630111156
17,2.25,4.65249241657077,0.301658954846513,4.18749970252499
17,2.5,4.67679236970401,0.302796467204809,4.27791234424345
17,2.75,4.70271450488906,0.304090478894633,4.37225808207479
17,3,4.7296681825418,0.305495818412304,4.46829056124504
17,3.25,4.75700537557947,0.306958854966937,4.56437192996832
17,3.5,4.78402140078329,0.308416261128012,4.65932849909873
17,3.75,4.80992700605894,0.309796020300212,4.75235572013375
17,4,4.83393638995675,0.311021276562509,4.84296760787106
17,4.25,4.8552465449845,0.31201426722293,4.93104725242681
17,4.5,4.87313684520195,0.312704747711952,5.01712124440972
17,4.75,4.88696409370123,0.313030418330014,5.10313943939686
17,5,4.89620133511364,0.312944773351771,5.19443644913906
17,5.25,4.90051312684496,0.312420742227002,5.30444112667853
17,5.5,4.89970135924246,0.311449978513691,5.46529591004939
17,5.75,4.89373788537107,0.31004396836091,5.74692524074909
17,9.25,4.6321081831135,0.28485001816425,19.7085526768706
17,9.5,4.63148736116673,0.285358995062902,18.9216679790533
17,9.75,4.63522782454412,0.286280765312335,17.6049867118745
17,10,4.64297498119264,0.287573713359919,15.6518341576231
17.25,1.75,4.63717585725741,0.301091848007725,4.01945745667595
17.25,2,4.65823375983466,0.301944832582156,4.08473456922965
17.25,2.25,4.68135920829759,0.302982032167699,4.1630427946476
17.25,2.5,4.70611016311065,0.304175731663334,4.24501459713512
17.25,2.75,4.73197697013518,0.305489826805381,4.32829147077809
17.25,3,4.75832049385409,0.306870682122739,4.41174818116568
17.25,3.25,4.78446011380255,0.308257751116988,4.49448498427906
17.25,3.5,4.80967163808956,0.309582570522154,4.57567299570411
17.25,3.75,4.83316867322226,0.310771024008009,4.65452624375633
17.25,4,4.85419333152839,0.311747520823597,4.73030121611729
17.25,4.25,4.87199242337789,0.312439354570594,4.80235342825201
17.25,4.5,4.88591987177379,0.312784983646803,4.87032873861849
17.25,4.75,4.8954321656607,0.312734626516081,4.93470803599653
17.25,5,4.90011670052564,0.312256814764318,4.99838413219455
17.25,5.25,4.89976786070117,0.311341551899256,5.07163721198769
17.25,5.5,4.89431926093921,0.309997920215726,5.18997407877074
17.25,5.75,4.883878655251,0.308254525206965,5.48677650413036
17.25,9.5,4.61813394729757,0.285656611880469,19.5040968785176
17.25,9.75,4.62472992311756,0.286897339498171,18.1113950385192
17.25,10,4.63514643393198,0.28847185913723,16.3161843204654
17.25,10.25,4.64870357382892,0.290315791153771,15.3657787209458
17.25,10.5,4.66457616244863,0.292355939289391,15.0857057053538
17.5,2,4.68631288888367,0.303225575402575,4.05147676711419
17.5,2.25,4.70983747699541,0.304319275081181,4.13377223620104
17.5,2.5,4.73450476666259,0.305535042713284,4.20970389032475
17.5,2.75,4.75976037982752,0.306828670257158,4.28323789161538
17.5,3,4.78492973356925,0.308139363930401,4.35530608316581
17.5,3.25,4.80931517236481,0.309401608695041,4.42585432427092
17.5,3.5,4.83219016120908,0.31054433520076,4.49439048232291
17.5,3.75,4.85279041297251,0.311494376507743,4.56011516875796
17.5,4,4.87040414726404,0.312180650600109,4.62193922557197
17.5,4.25,4.88434502945022,0.312538723363239,4.67846462260249
17.5,4.5,4.89405502157436,0.312518538633297,4.72787036743837
17.5,4.75,4.89910019844748,0.312085018015096,4.76754421372029
17.5,5,4.89918775358548,0.311223011003184,4.79290683126884
17.5,5.25,4.89424205540881,0.309939819972701,4.79322870734634
17.5,5.5,4.88432450734223,0.308261148896119,4.73504411740045
17.5,5.75,4.8696719625737,0.306231006181983,4.4901710482091
17.5,9.75,4.61706796068267,0.28783452267058,19.0404725206934
17.5,10,4.63002852843291,0.289648674591468,16.1537061503159
17.5,10.25,4.64565771583909,0.291675576064373,15.4357751658213
17.5,10.5,4.66300550116896,0.293834509853662,15.15072927138
17.5,10.75,4.68104869817075,0.296040110610034,15.0351803334318
17.5,11,4.69865754419067,0.298201180312333,15.0084178815144
17.5,11.25,4.71469763310197,0.300228080985995,15.0016396721626
17.75,2,4.7138350894844,0.304513794880591,4.03855380855866
17.75,2.25,4.73724886598684,0.305631250215634,4.10970764777455
17.75,2.5,4.76130506875732,0.306830211873128,4.17588034258951
17.75,2.75,4.78541610460058,0.308059536776552,4.23900786768249
17.75,3,4.80888627775218,0.309253167912413,4.30002987445492
17.75,3.25,4.831016844912,0.310343056915518,4.35916820468348
17.75,3.5,4.85109556431474,0.311258392883876,4.41611369171875
17.75,3.75,4.86839775142847,0.311930109110609,4.47001265360457
17.75,4,4.88227294154335,0.312294707857786,4.51942408934888
17.75,4.25,4.89211492480464,0.312298801524975,4.56227814695126
17.75,4.5,4.89746289676596,0.311905917135386,4.59560877360993
17.75,4.75,4.89799803782739,0.311096990139274,4.61481284289413
17.75,5,4.89354890796059,0.309873508848375,4.61186408400249
17.75,5.25,4.88416683483019,0.308259337311942,4.57115099768022
17.75,5.5,4.87003511193518,0.30629515289948,4.46048509333949
17.75,5.75,4.85151200844658,0.304037996084696,4.21768745335568
17.75,10.25,4.64473812466945,0.293196143957432,15.0809125761743
17.75,10.5,4.66298694820164,0.29540494927854,15.0498208131594
17.75,10.75,4.68111878643995,0.297585230193068,15.0180331448772
17.75,11,4.69795772935438,0.299644884566059,15.0055583836523
17.75,11.25,4.712354611652,0.301495840345439,15.0014743181222
17.75,11.5,4.72325500801131,0.303058393656352,15.0002096322002
18,2,4.74016094376867,0.305771795359675,4.03102854755846
18,2.25,4.76296562423116,0.306875876434874,4.08958390397019
18,2.5,4.78590901081596,0.308016192177536,4.14438571293158
18,2.75,4.80838277263497,0.309136380875572,4.196462188575
18,3,4.82968477874604,0.310167490203551,4.24648580090291
18,3.25,4.8491304411577,0.311041680054554,4.29475582134981
18,3.5,4.86603685119374,0.311691366017013,4.34114543173589
18,3.75,4.87973375129778,0.312054573763992,4.3847748389367
18,4,4.88964370019609,0.312078045645662,4.42387315570915
18,4.25,4.89525003669501,0.311721558867351,4.45593317174066
18,4.5,4.89619453334336,0.310963494062004,4.47752995516405
18,4.75,4.89227552660634,0.309801183502126,4.48376347013365
18,5,4.88344185310415,0.308252158949625,4.46714635581393
18,5.25,4.86986701479509,0.306355285005574,4.41582389655912
18,5.5,4.85184971788934,0.304163933505857,4.31171293867417
18,5.75,4.82986218258745,0.301745402502289,4.13213233932922
18.25,2,4.76471052498301,0.306960133664575,4.02649211579639
18.25,2.25,4.78643784155334,0.308011211750306,4.07237809097333
18.25,2.5,4.80781047886005,0.309050405699224,4.11511061952188
18.25,2.75,4.82821100989254,0.310018277209782,4.15574365863609
18.25,3,4.84694514144036,0.310845551962666,4.19469696536676
18.25,3.25,4.86335635128009,0.311467625838651,4.2323893663699
18.25,3.5,4.87680581750043,0.311823060220934,4.26919392291006
18.25,3.75,4.88668437177848,0.311859188891752,4.30433825967375
18.25,4,4.89250003042809,0.311535160243789,4.33555519623585
18.25,4.25,4.89383006100846,0.310825348399368,4.36004998638757
18.25,4.5,4.89041974248696,0.309723189584807,4.37444388787656
18.25,4.75,4.8821878818565,0.308242168773065,4.37457787382297
18.25,5,4.86919893445055,0.306414291460851,4.35518358262298
18.25,5.25,4.85174637589898,0.304291480808194,4.30992910849853
18.25,5.5,4.83023357363787,0.301936820644932,4.23329818177312
18.25,5.75,4.8052453450422,0.299425346154965,4.12831403131875
18.25,6,4.77760082160266,0.296847438703569,4.03047871920847
18.5,1.75,4.76650681358534,0.307079327680965,4.00604693937355
18.5,2,4.7869669571239,0.308038170412732,4.02858783085149
18.5,2.25,4.80719265841542,0.30899594866103,4.05772459846382
18.5,2.5,4.82659134673854,0.309893001857651,4.08764242770448
18.5,2.75,4.84454766257758,0.310669191289131,4.11664854976808
18.5,3,4.86039064841124,0.311258009199123,4.14428075264393
18.5,3.25,4.87350362716887,0.311600570611411,4.1711084933593
18.5,3.5,4.88329641581687,0.311643774812347,4.1990964549621
18.5,3.75,4.88923716667064,0.311346761606649,4.22794177430523
18.5,4,4.89092111781849,0.310682376376084,4.25391400089769
18.5,4.25,4.88802040968554,0.309639613008025,4.27395778614664
18.5,4.5,4.88038813797716,0.308226823374884,4.28489603149039
18.5,4.75,4.8680615179209,0.306472414626801,4.28360187475484
18.5,5,4.85121877573187,0.30442091197447,4.26696979279351
18.5,5.25,4.83026466870633,0.302134483194554,4.23239952241656
18.5,5.5,4.80570561586891,0.29968330691006,4.17959472731228
18.5,5.75,4.7782314942952,0.29714712028759,4.11444878970612
18.5,6,4.74873547914755,0.294616567877137,4.05353886109687
18.5,6.25,4.71816273042499,0.292176219984574,4.01324126757271
18.75,1.75,4.78748585127119,0.308094779562695,4.00744851715875
18.75,2,4.80651270061338,0.308967763516799,4.02358797790249
18.75,2.25,4.82485928243098,0.309793134809365,4.04199621429795
18.75,2.5,4.84194115719705,0.310510944791106,4.06099777611386
18.75,2.75,4.85715359705172,0.31106253036412,4.07900466137805
18.75,3,4.86985971794503,0.311386911880935,4.09484719887784
18.75,3.25,4.87948887345164,0.311433080317616,4.10885169206626
18.75,3.5,4.88551249436398,0.31115845231456,4.12822492395958
18.75,3.75,4.88747820182935,0.310535068742222,4.15434361649293
18.75,4,4.8850696161315,0.309549646057576,4.17792166333858
18.75,4.25,4.87806338895611,0.30820624660783,4.19640576552581
18.75,4.5,4.8664167744531,0.306526712309511,4.20661837816917
18.75,4.75,4.85028169120196,0.304552312816431,4.20648767323918
18.75,5,4.82994759972303,0.302337613585591,4.19462956902114
18.75,5.25,4.80592476957219,0.299952336268511,4.1705080131792
18.75,5.5,4.77882517487742,0.297471393946307,4.1354371355991
18.75,5.75,4.74943191670622,0.294976343864988,4.09407380613453
18.75,6,4.71870402887317,0.292555439628638,4.05482457766522
18.75,6.25,4.68764396193348,0.290289310833182,4.02547952194835
18.75,6.5,4.65730844960896,0.288256445242929,4.00804267173536
18.75,6.75,4.62875470746683,0.286525140935672,4.00225067123508
19,1.5,4.78802230998759,0.308180942637919,4.0015354620858
19,1.75,4.80579335987508,0.308966729556623,4.00743951269063
19,2,4.82304836180094,0.309717626277992,4.01610765898505
19,2.25,4.83920973209401,0.310376188500656,4.02559993323238
19,2.5,4.8537033708333,0.310883870216552,4.03540356390446
19,2.75,4.86595185535838,0.311186643538091,4.04368017285799
19,3,4.87535460152106,0.311230965622564,4.04744788663218
19,3.25,4.88139813118887,0.310975510497814,4.04135112709843
19,3.5,4.88361539958163,0.310389382909129,4.05052874306487
19,3.75,4.88163982364726,0.309458127935985,4.0830158815581
19,4,4.87525050639942,0.308182534190108,4.1065436514808
19,4.25,4.86432621522635,0.306580182942904,4.12638241233331
19,4.5,4.8489292444592,0.304684873416621,4.13759211052306
19,4.75,4.8293259927348,0.302548546358372,4.13959285009914
19,5,4.80591591814055,0.300233468900442,4.13262820457252
19,5.25,4.77931369072191,0.297814102816818,4.11734036959273
19,5.5,4.75022575354054,0.295367323719743,4.09532191482837
19,5.75,4.71952120976624,0.292974110898727,4.069716264649
19,6,4.68821712054868,0.290718695397904,4.04501727179295
19,6.25,4.65735553658633,0.288675779580473,4.02527302691187
19,6.5,4.62800963549026,0.286916604884079,4.0121968741032
19,6.75,4.60120239256274,0.285499213004113,4.00542236057647
19,7,4.57786477961902,0.284469578479677,4.0019398298323
19,7.25,4.55885283513693,0.283864089142153,4.00095387451354
19.25,1.25,4.788505435198,0.308288661181849,4.00024734404343
19.25,1.5,4.80504479037753,0.308990022115363,4.00171923650539
19.25,1.75,4.82114564412526,0.309663454679546,4.00456134594498
19.25,2,4.83634568089301,0.310259585819587,4.00776901172982
19.25,2.25,4.85007337995767,0.310722110432678,4.00895261881071
19.25,2.5,4.86177365709757,0.310996569409133,4.01146177079024
19.25,2.75,4.87090275339957,0.311035459725295,4.01302745396784
19.25,3,4.87690318144295,0.310794335442512,4.01007292289127
19.25,3.75,4.87195280784183,0.308153533579965,4.02024250902254
19.25,4,4.86175657435665,0.306627613137267,4.03822681693573
19.25,4.25,4.8471636958567,0.304815331158276,4.06416795972845
19.25,4.5,4.82834141374861,0.302760330062974,4.07664986107414
19.25,4.75,4.80566707359449,0.300522555011165,4.08019804026933
19.25,5,4.77965372700968,0.29816980441698,4.07719232394113
19.25,5.25,4.75101325539296,0.295778698157549,4.06898826990579
19.25,5.5,4.7205386799583,0.293425674938079,4.05693728351371
19.25,5.75,4.68918099226602,0.291189488317787,4.04290143244085
19.25,6,4.65798967038106,0.289147910903811,4.02917511317785
19.25,6.25,4.62803654173665,0.287369216508225,4.01778911314923
19.25,6.5,4.60036850193568,0.285914962761785,4.00979443898353
19.25,6.75,4.57595331751898,0.284832742752741,4.00521166556689
19.25,7,4.55563160798942,0.284157103552908,4.00328789198828
19.25,7.25,4.54012119435052,0.283911840414542,4.0038007072115
19.25,7.5,4.5298004806446,0.284095786634858,4.00558114059932
19.25,7.75,4.52490018093111,0.284700049712969,4.01080862257891
19.25,8,4.52535592387303,0.285694057933606,4.01512295177036
19.5,1.5,4.81921945493392,0.309633000361631,4.00050478541261
19.5,1.75,4.83339618592541,0.31016369314188,4.00131235876539
19.5,2,4.8463163002988,0.310577863677059,4.00150857134106
19.5,4.25,4.82703110059792,0.302975404632299,4.01468755573025
19.5,4.5,4.80515807777721,0.300818571227812,4.02355629621727
19.5,4.75,4.77986646560921,0.298539780102699,4.02595598243323
19.5,5,4.75177460831141,0.296209600416382,4.02534767614219
19.5,5.25,4.72168317633419,0.293904355325881,4.02282087121129
19.5,5.5,4.69046704384609,0.291698501254015,4.01899366668098
19.5,5.75,4.65913671050708,0.289666369449596,4.01450974226019
19.5,6,4.62876429866911,0.287878550364631,4.01008978742577
19.5,6.25,4.60041479943193,0.286395086060053,4.00636530643502
19.5,6.5,4.57508280718847,0.28526720923307,4.00370336451483
19.5,6.75,4.55364488567633,0.284531059698297,4.00223057219188
19.5,7,4.53681967231806,0.284209373143618,4.00218843986459
19.5,7.25,4.52515712850066,0.28431284007202,4.00543195319588
19.5,7.5,4.51883998143759,0.284826912178649,4.01336100405167
19.5,7.75,4.51789908042699,0.285730175941342,4.0334300325599
19.5,8,4.52206240316221,0.28698000606967,4.08003499942076
19.5,8.25,4.53077509545665,0.288521176267252,4.16652390911979
19.5,8.5,4.5432804583138,0.290285925767611,4.48576933406321
19.5,8.75,4.55859491871617,0.29219460835218,5.62633685485507
19.75,7.25,4.51420441486268,0.28503649508104,4.00241731539763
19.75,7.5,4.51189820446624,0.285846600334984,4.00906309340046
19.75,7.75,4.51473527297422,0.287004042955339,4.02950090161049
19.75,8,4.52224016302052,0.288455159289804,4.10469401816714
19.75,8.25,4.53367368728496,0.290135145871671,4.2643006176585
19.75,8.5,4.54812832891441,0.291969207155782,4.62491908570232
19.75,8.75,4.56450775628,0.293873035932653,5.26458785610753
19.75,9,4.58168480268457,0.295763248897269,5.82738284051266
19.75,9.25,4.59846051263085,0.297554580545347,6.14958335932078
20,8,4.52549786887872,0.290057512407536,4.04384190161165
20,8.25,4.53899042919982,0.291809349266417,4.15768848129307
20,8.5,4.5546286012997,0.293642486690791,4.4773161267315
20,8.75,4.57125197463932,0.295471293087907,4.97169772961762
20,9,4.58771108241426,0.297213639096034,5.71554400538349
20,9.25,4.60283908512477,0.298789245002949,7.06540980452922
20,9.5,4.61553743704734,0.300122149326099,10.805867566511
20.25,8.5,4.56204014157134,0.295237606578153,4.15004353430218
20.25,8.75,4.57808032896302,0.296925728715976,4.42197698553072
20.25,9,4.59303593329807,0.298461115969172,4.98363969113802
20.25,9.25,4.60580780746372,0.29977059878578,5.55691972890902
20.25,9.5,4.61541873106066,0.300789054998437,5.74574675582961
20.5,9,4.59705951418919,0.299462187863433,4.2357105506577
20.5,9.25,4.60689742862634,0.300468325830712,4.43116685403687
20.5,9.5,4.61299557809698,0.30114838120144,4.36306353067418
